Iteration	Loss (h)	Total Cost (f)	Cost g
1	0.5456461906433105	0.5456461906433105	0
2	0.53363037109375	0.5216145515441895	-0.012015819549560547
3	0.5125382542610168	0.47943031787872314	-0.0331079363822937
4	0.5047380328178406	0.4638298749923706	-0.04090815782546997
5	0.4872495234012604	0.4288528561592102	-0.05839666724205017
6	0.48157158493995667	0.4174969792366028	-0.06407460570335388
7	0.4680613875389099	0.3904765844345093	-0.07758480310440063
8	0.4647884964942932	0.3839308023452759	-0.08085769414901733
9	0.4578487277030945	0.3700512647628784	-0.08779746294021606
10	0.45072856545448303	0.3558109402656555	-0.09491762518882751
11	0.44895848631858826	0.35227078199386597	-0.09668770432472229
12	0.4456864595413208	0.34572672843933105	-0.09995973110198975
13	0.438007652759552	0.33036911487579346	-0.10763853788375854
14	0.4367940425872803	0.32794189453125	-0.10885214805603027
15	0.4356585741043091	0.3256709575653076	-0.10998761653900146
16	0.4349195957183838	0.32419300079345703	-0.11072659492492676
17	0.43428435921669006	0.3229225277900696	-0.11136183142662048
18	0.4337095618247986	0.3217729330062866	-0.11193662881851196
19	0.433088093996048	0.3205299973487854	-0.11255809664726257
20	0.4322149157524109	0.31878364086151123	-0.11343127489089966
21	0.43155238032341003	0.3174585700035095	-0.11409381031990051
22	0.4311087131500244	0.3165712356567383	-0.11453747749328613
23	0.4307509660720825	0.3158557415008545	-0.11489522457122803
24	0.4304242432117462	0.3152022957801819	-0.11522194743156433
25	0.4300512373447418	0.3144562840461731	-0.11559495329856873
26	0.4297296106815338	0.3138130307197571	-0.11591657996177673
27	0.42940035462379456	0.31315451860427856	-0.11624583601951599
28	0.42909613251686096	0.3125460743904114	-0.11655005812644958
29	0.4288463294506073	0.31204646825790405	-0.11679986119270325
30	0.42856040596961975	0.31147462129592896	-0.1170857846736908
31	0.4282516539096832	0.3108571171760559	-0.11739453673362732
32	0.42799004912376404	0.31033390760421753	-0.11765614151954651
33	0.42773398756980896	0.3098217844963074	-0.11791220307350159
34	0.42649200558662415	0.30733782052993774	-0.1191541850566864
35	0.42587175965309143	0.3060973286628723	-0.11977443099021912
36	0.425534188747406	0.30542218685150146	-0.12011200189590454
37	0.42528995871543884	0.30493372678756714	-0.1203562319278717
38	0.4247457683086395	0.3038453459739685	-0.12090042233467102
39	0.4236532151699066	0.3016602396965027	-0.12199297547340393
40	0.422967791557312	0.3002893924713135	-0.12267839908599854
41	0.42260295152664185	0.29955971240997314	-0.1230432391166687
42	0.4222307801246643	0.29881536960601807	-0.12341541051864624
43	0.421125590801239	0.2966049909591675	-0.12452059984207153
44	0.420370876789093	0.2950955629348755	-0.12527531385421753
45	0.41990751028060913	0.2941688299179077	-0.12573868036270142
46	0.41966530680656433	0.2936844229698181	-0.12598088383674622
47	0.41862115263938904	0.29159611463546753	-0.1270250380039215
48	0.41781145334243774	0.28997671604156494	-0.1278347373008728
49	0.4172671437263489	0.2888880968093872	-0.12837904691696167
50	0.416936457157135	0.2882267236709595	-0.12870973348617554
51	0.4161559045314789	0.2866656184196472	-0.12949028611183167
52	0.4153018593788147	0.28495752811431885	-0.13034433126449585
53	0.41468992829322815	0.28373366594314575	-0.1309562623500824
54	0.41428178548812866	0.2829173803329468	-0.13136440515518188
55	0.41379818320274353	0.2819501757621765	-0.13184800744056702
56	0.4126889705657959	0.27973175048828125	-0.13295722007751465
57	0.4101771116256714	0.2747080326080322	-0.13546907901763916
58	0.4086436629295349	0.2716411352157593	-0.13700252771377563
59	0.4081729054450989	0.2706996202468872	-0.13747328519821167
60	0.4076444208621979	0.2696426510810852	-0.13800176978111267
61	0.40554484724998474	0.26544350385665894	-0.1401013433933258
62	0.4042683243751526	0.26289045810699463	-0.14137786626815796
63	0.4038756787776947	0.26210516691207886	-0.14177051186561584
64	0.4032638967037201	0.26088160276412964	-0.14238229393959045
65	0.40162816643714905	0.25761014223098755	-0.1440180242061615
66	0.40074509382247925	0.25584399700164795	-0.1449010968208313
67	0.40012386441230774	0.25460153818130493	-0.1455223262310028
68	0.39956748485565186	0.25348877906799316	-0.1460787057876587
69	0.3991653621196747	0.2526845335960388	-0.14648082852363586
70	0.3988417387008667	0.25203728675842285	-0.14680445194244385
71	0.3974842131137848	0.24932223558425903	-0.14816197752952576
72	0.3966948986053467	0.2477436065673828	-0.14895129203796387
73	0.396377831697464	0.24710947275161743	-0.14926835894584656
74	0.39589032530784607	0.2461344599723816	-0.14975586533546448
75	0.39466893672943115	0.24369168281555176	-0.1509772539138794
76	0.3940408527851105	0.2424355149269104	-0.15160533785820007
77	0.39360395073890686	0.24156171083450317	-0.1520422399044037
78	0.39279863238334656	0.23995107412338257	-0.152847558259964
79	0.39237985014915466	0.23911350965499878	-0.15326634049415588
80	0.3918217420578003	0.23799729347229004	-0.15382444858551025
81	0.390866756439209	0.23608732223510742	-0.15477943420410156
82	0.39040490984916687	0.2351636290550232	-0.15524128079414368
83	0.3897826373577118	0.23391908407211304	-0.15586355328559875
84	0.3892448842525482	0.2328435778617859	-0.15640130639076233
85	0.38889047503471375	0.23213475942611694	-0.1567557156085968
86	0.38858410716056824	0.23152202367782593	-0.1570620834827423
87	0.38775789737701416	0.22986960411071777	-0.1578882932662964
88	0.38726064562797546	0.22887510061264038	-0.15838554501533508
89	0.38692376017570496	0.22820132970809937	-0.1587224304676056
90	0.38644975423812866	0.22725331783294678	-0.15919643640518188
91	0.3861655294895172	0.22668486833572388	-0.15948066115379333
92	0.38565659523010254	0.22566699981689453	-0.159989595413208
93	0.3851689398288727	0.22469168901443481	-0.16047725081443787
94	0.3846188485622406	0.22359150648117065	-0.16102734208106995
95	0.38418546319007874	0.22272473573684692	-0.1614607274532318
96	0.3838735818862915	0.22210097312927246	-0.16177260875701904
97	0.3834554851055145	0.2212647795677185	-0.16219070553779602
98	0.38319000601768494	0.22073382139205933	-0.1624561846256256
99	0.3827809691429138	0.2199157476425171	-0.16286522150039673
100	0.38254353404045105	0.21944087743759155	-0.1631026566028595
101	0.3822927176952362	0.21893924474716187	-0.16335347294807434
102	0.3819633722305298	0.21828055381774902	-0.16368281841278076
103	0.3817656338214874	0.2178850769996643	-0.16388055682182312
104	0.3815680146217346	0.2174898386001587	-0.16407817602157593
105	0.38123536109924316	0.21682453155517578	-0.16441082954406738
106	0.3808709979057312	0.21609580516815186	-0.16477519273757935
107	0.3805142641067505	0.21538233757019043	-0.16513192653656006
108	0.3801664710044861	0.21468675136566162	-0.16547971963882446
109	0.37982916831970215	0.21401214599609375	-0.1658170223236084
110	0.3795037865638733	0.21336138248443604	-0.16614240407943726
111	0.37918737530708313	0.2127285599708557	-0.16645881533622742
112	0.37884724140167236	0.21204829216003418	-0.16679894924163818
113	0.3785199224948883	0.21139365434646606	-0.16712626814842224
114	0.37820714712142944	0.21076810359954834	-0.1674390435218811
115	0.3779105544090271	0.21017491817474365	-0.16773563623428345
116	0.3776194155216217	0.20959264039993286	-0.16802677512168884
117	0.3773083984851837	0.20897060632705688	-0.16833779215812683
118	0.3769957423210144	0.20834529399871826	-0.16865044832229614
119	0.37670019268989563	0.2077541947364807	-0.16894599795341492
120	0.37642359733581543	0.2072010040283203	-0.16922259330749512
121	0.37615662813186646	0.20666706562042236	-0.1694895625114441
122	0.37531203031539917	0.2049778699874878	-0.17033416032791138
123	0.3750191330909729	0.20439207553863525	-0.17062705755233765
124	0.37475788593292236	0.20386958122253418	-0.17088830471038818
125	0.3744215667247772	0.2031969428062439	-0.17122462391853333
126	0.3741149604320526	0.20258373022079468	-0.17153123021125793
127	0.37383177876472473	0.20201736688613892	-0.17181441187858582
128	0.37331318855285645	0.20098018646240234	-0.1723330020904541
129	0.37287506461143494	0.20010393857955933	-0.1727711260318756
130	0.3726007044315338	0.19955521821975708	-0.17304548621177673
131	0.3722533583641052	0.1988605260848999	-0.17339283227920532
132	0.37191274762153625	0.19817930459976196	-0.1737334430217743
133	0.3716556429862976	0.19766509532928467	-0.17399054765701294
134	0.3714008033275604	0.1971554160118103	-0.17424538731575012
135	0.3710850477218628	0.19652390480041504	-0.17456114292144775
136	0.37081390619277954	0.19598162174224854	-0.174832284450531
137	0.3705776631832123	0.195509135723114	-0.17506852746009827
138	0.3703618049621582	0.19507741928100586	-0.17528438568115234
139	0.3700704872608185	0.19449478387832642	-0.17557570338249207
140	0.36982035636901855	0.19399452209472656	-0.175825834274292
141	0.36960041522979736	0.19355463981628418	-0.17604577541351318
142	0.3692624270915985	0.19287866353988647	-0.17638376355171204
143	0.3688183128833771	0.1919904351234436	-0.17682787775993347
144	0.3685179054737091	0.19138962030410767	-0.17712828516960144
145	0.3681703507900238	0.19069451093673706	-0.17747583985328674
146	0.3679538667201996	0.19026154279708862	-0.17769232392311096
147	0.3677462041378021	0.1898462176322937	-0.17789998650550842
148	0.3674544095993042	0.18926262855529785	-0.17819178104400635
149	0.36714279651641846	0.18863940238952637	-0.1785033941268921
150	0.36671876907348633	0.1877913475036621	-0.17892742156982422
151	0.36651554703712463	0.18738490343093872	-0.1791306436061859
152	0.3662990629673004	0.18695193529129028	-0.17934712767601013
153	0.3660644590854645	0.1864827275276184	-0.17958173155784607
154	0.36577528715133667	0.1859043836593628	-0.17987090349197388
155	0.3651016652584076	0.18455713987350464	-0.18054452538490295
156	0.3647103011608124	0.1837744116783142	-0.18093588948249817
157	0.3644102215766907	0.1831742525100708	-0.18123596906661987
158	0.3642161190509796	0.18278604745864868	-0.18143007159233093
159	0.36398082971572876	0.18231546878814697	-0.1816653609275818
160	0.3637681305408478	0.181890070438385	-0.18187806010246277
161	0.36357390880584717	0.1815016269683838	-0.18207228183746338
162	0.3630066514015198	0.180367112159729	-0.18263953924179077
163	0.36275148391723633	0.1798567771911621	-0.18289470672607422
164	0.36248770356178284	0.17932921648025513	-0.1831584870815277
165	0.36231163144111633	0.17897707223892212	-0.1833345592021942
166	0.3620322048664093	0.17841821908950806	-0.18361398577690125
167	0.36183997988700867	0.1780337691307068	-0.18380621075630188
168	0.36171019077301025	0.17777419090270996	-0.1839359998703003
169	0.36153531074523926	0.17742443084716797	-0.1841108798980713
170	0.361270934343338	0.17689567804336548	-0.18437525629997253
171	0.3611387014389038	0.17663121223449707	-0.18450748920440674
172	0.3610241115093231	0.1764020323753357	-0.18462207913398743
173	0.36077529191970825	0.17590439319610596	-0.1848708987236023
174	0.36062926054000854	0.17561233043670654	-0.185016930103302
175	0.36035746335983276	0.17506873607635498	-0.18528872728347778
176	0.36008235812187195	0.17451852560043335	-0.1855638325214386
177	0.35997000336647034	0.17429381608963013	-0.1856761872768402
178	0.3598381578922272	0.1740301251411438	-0.18580803275108337
179	0.359627366065979	0.17360854148864746	-0.18601882457733154
180	0.3595150113105774	0.17338383197784424	-0.18613117933273315
181	0.3594237267971039	0.17320126295089722	-0.18622246384620667
182	0.3591386079788208	0.17263102531433105	-0.18650758266448975
183	0.35891634225845337	0.1721864938735962	-0.18672984838485718
184	0.35876765847206116	0.17188912630081177	-0.1868785321712494
185	0.35858154296875	0.17151689529418945	-0.18706464767456055
186	0.35839197039604187	0.1711377501487732	-0.18725422024726868
187	0.35821232199668884	0.17077845335006714	-0.1874338686466217
188	0.3580866754055023	0.1705271601676941	-0.18755951523780823
189	0.35791704058647156	0.17018789052963257	-0.187729150056839
190	0.3577937185764313	0.169941246509552	-0.18785247206687927
191	0.35767966508865356	0.16971313953399658	-0.18796652555465698
192	0.35757091641426086	0.16949564218521118	-0.18807527422904968
193	0.357416570186615	0.16918694972991943	-0.18822962045669556
194	0.35716909170150757	0.1686919927597046	-0.18847709894180298
195	0.356926828622818	0.16820746660232544	-0.18871936202049255
196	0.3568481206893921	0.16805005073547363	-0.18879806995391846
197	0.35660845041275024	0.16757071018218994	-0.1890377402305603
198	0.35640227794647217	0.1671583652496338	-0.18924391269683838
199	0.35631513595581055	0.16698408126831055	-0.1893310546875
200	0.3561531603336334	0.1666601300239563	-0.18949303030967712
201	0.35604041814804077	0.166434645652771	-0.18960577249526978
202	0.35598114132881165	0.16631609201431274	-0.1896650493144989
203	0.35576140880584717	0.1658766269683838	-0.18988478183746338
204	0.3555736839771271	0.1655011773109436	-0.19007250666618347
205	0.3554682433605194	0.16529029607772827	-0.19017794728279114
206	0.3553396463394165	0.16503310203552246	-0.19030654430389404
207	0.35524478554725647	0.1648433804512024	-0.19040140509605408
208	0.35519418120384216	0.16474217176437378	-0.19045200943946838
209	0.35506704449653625	0.16448789834976196	-0.1905791461467743
210	0.3549688458442688	0.16429150104522705	-0.19067734479904175
211	0.35491320490837097	0.1641802191734314	-0.19073298573493958
212	0.3547244369983673	0.16380268335342407	-0.19092175364494324
213	0.3545389771461487	0.16343176364898682	-0.19110721349716187
214	0.3544740676879883	0.16330194473266602	-0.19117212295532227
215	0.35435834527015686	0.16307049989700317	-0.1912878453731537
216	0.35421743988990784	0.16278868913650513	-0.1914287507534027
217	0.35413989424705505	0.16263359785079956	-0.1915062963962555
218	0.35402941703796387	0.1624126434326172	-0.19161677360534668
219	0.3538597524166107	0.1620733141899109	-0.19178643822669983
220	0.3535705804824829	0.16149497032165527	-0.19207561016082764
221	0.3534713387489319	0.16129648685455322	-0.19217485189437866
222	0.35338953137397766	0.16113287210464478	-0.19225665926933289
223	0.35331955552101135	0.16099292039871216	-0.1923266351222992
224	0.3532163202762604	0.1607864499092102	-0.19242987036705017
225	0.3531113266944885	0.1605764627456665	-0.19253486394882202
226	0.35305190086364746	0.16045761108398438	-0.19259428977966309
227	0.35299769043922424	0.16034919023513794	-0.1926485002040863
228	0.3528966009616852	0.16014701128005981	-0.19274958968162537
229	0.35283181071281433	0.16001743078231812	-0.19281437993049622
230	0.3527848720550537	0.15992355346679688	-0.19286131858825684
231	0.3526557385921478	0.1596652865409851	-0.19299045205116272
232	0.3524395227432251	0.15923285484313965	-0.19320666790008545
233	0.3524283170700073	0.1592104434967041	-0.19321787357330322
234	0.3523106276988983	0.15897506475448608	-0.19333556294441223
235	0.35224077105522156	0.15883535146713257	-0.193405419588089
236	0.3521757423877716	0.15870529413223267	-0.19347044825553894
237	0.3521195650100708	0.15859293937683105	-0.19352662563323975
238	0.35209721326828003	0.1585482358932495	-0.19354897737503052
239	0.3520033061504364	0.15836042165756226	-0.19364288449287415
240	0.3519156873226166	0.1581851840019226	-0.19373050332069397
241	0.35184577107429504	0.15804535150527954	-0.1938004195690155
242	0.3517860770225525	0.15792596340179443	-0.19386011362075806
243	0.35165637731552124	0.15766656398773193	-0.1939898133277893
244	0.35153481364250183	0.15742343664169312	-0.19411137700080872
245	0.3514888286590576	0.1573314666748047	-0.19415736198425293
246	0.35135215520858765	0.15705811977386475	-0.1942940354347229
247	0.35119473934173584	0.15674328804016113	-0.1944514513015747
248	0.3510581851005554	0.1564701795578003	-0.19458800554275513
249	0.35090506076812744	0.15616393089294434	-0.1947411298751831
250	0.3506915867328644	0.1557369828224182	-0.19495460391044617
251	0.3504853844642639	0.15532457828521729	-0.19516080617904663
252	0.3502887487411499	0.15493130683898926	-0.19535744190216064
253	0.35009586811065674	0.15454554557800293	-0.1955503225326538
254	0.34981122612953186	0.15397626161575317	-0.1958349645137787
255	0.3494812548160553	0.15331631898880005	-0.19616493582725525
256	0.34911057353019714	0.15257495641708374	-0.1965356171131134
257	0.3487471342086792	0.15184807777404785	-0.19689905643463135
258	0.34841784834861755	0.15118950605392456	-0.197228342294693
259	0.34798747301101685	0.15032875537872314	-0.1976587176322937
260	0.34759339690208435	0.14954060316085815	-0.1980527937412262
261	0.3470163941383362	0.14838659763336182	-0.19862979650497437
262	0.34658390283584595	0.14752161502838135	-0.1990622878074646
263	0.3460952341556549	0.14654427766799927	-0.19955095648765564
264	0.34544306993484497	0.1452399492263794	-0.20020312070846558
265	0.3449658453464508	0.14428550004959106	-0.20068034529685974
266	0.34448114037513733	0.1433160901069641	-0.20116505026817322
267	0.3440496623516083	0.142453134059906	-0.20159652829170227
268	0.34347957372665405	0.14131295680999756	-0.2021666169166565
269	0.342793345451355	0.13994050025939941	-0.20285284519195557
270	0.34189894795417786	0.13815170526504517	-0.2037472426891327
271	0.3413948118686676	0.13714343309402466	-0.20425137877464294
272	0.3406362235546112	0.13562625646591187	-0.20500996708869934
273	0.339776873588562	0.13390755653381348	-0.20586931705474854
274	0.33910536766052246	0.13256454467773438	-0.20654082298278809
275	0.3385654091835022	0.13148462772369385	-0.20708078145980835
276	0.3379363417625427	0.1302264928817749	-0.20770984888076782
277	0.33744847774505615	0.12925076484680176	-0.2081977128982544
278	0.33685576915740967	0.1280653476715088	-0.20879042148590088
279	0.33640486001968384	0.12716352939605713	-0.2092413306236267
280	0.3358615040779114	0.1260768175125122	-0.20978468656539917
281	0.33532315492630005	0.12500011920928955	-0.2103230357170105
282	0.33440646529197693	0.12316673994064331	-0.21123972535133362
283	0.3336808681488037	0.12171554565429688	-0.21196532249450684
284	0.33314770460128784	0.12064921855926514	-0.2124984860420227
285	0.33261069655418396	0.11957520246505737	-0.2130354940891266
286	0.3321223556995392	0.11859852075576782	-0.21352383494377136
287	0.3316136300563812	0.1175810694694519	-0.21403256058692932
288	0.3311399519443512	0.11663371324539185	-0.21450623869895935
289	0.3307023346424103	0.11575847864151001	-0.21494385600090027
290	0.3299560546875	0.11426591873168945	-0.21569013595581055
291	0.3291395902633667	0.11263298988342285	-0.21650660037994385
292	0.32852602005004883	0.11140584945678711	-0.21712017059326172
293	0.3280731737613678	0.11050015687942505	-0.21757301688194275
294	0.32749438285827637	0.10934257507324219	-0.21815180778503418
295	0.3270565867424011	0.1084669828414917	-0.21858960390090942
296	0.32662466168403625	0.10760313272476196	-0.2190215289592743
297	0.32601651549339294	0.10638684034347534	-0.2196296751499176
298	0.32478639483451843	0.10392659902572632	-0.22085979580879211
299	0.32431426644325256	0.10298234224319458	-0.22133192420005798
300	0.3236669898033142	0.10168778896331787	-0.22197920083999634
301	0.3225463330745697	0.09944647550582886	-0.22309985756874084
302	0.3219018578529358	0.09815752506256104	-0.22374433279037476
303	0.32135066390037537	0.09705513715744019	-0.22429552674293518
304	0.320292592048645	0.09493899345397949	-0.22535359859466553
305	0.31979620456695557	0.09394621849060059	-0.22584998607635498
306	0.319245845079422	0.09284549951553345	-0.22640034556388855
307	0.31870248913764954	0.09175878763198853	-0.226943701505661
308	0.31739160418510437	0.0891370177268982	-0.22825458645820618
309	0.3167616128921509	0.08787703514099121	-0.22888457775115967
310	0.31613072752952576	0.08661526441574097	-0.2295154631137848
311	0.3155471086502075	0.08544802665710449	-0.23009908199310303
312	0.3149651885032654	0.08428418636322021	-0.23068100214004517
313	0.31435883045196533	0.08307147026062012	-0.23128736019134521
314	0.313799649477005	0.08195310831069946	-0.23184654116630554
315	0.31326591968536377	0.08088564872741699	-0.23238027095794678
316	0.31268560886383057	0.07972502708435059	-0.23296058177947998
317	0.31215691566467285	0.07866764068603516	-0.2334892749786377
318	0.3115842044353485	0.07752221822738647	-0.23406198620796204
319	0.31067442893981934	0.07570266723632812	-0.2349717617034912
320	0.30957382917404175	0.07350146770477295	-0.2360723614692688
321	0.3088299036026001	0.07201361656188965	-0.23681628704071045
322	0.30810242891311646	0.07055866718292236	-0.2375437617301941
323	0.3073921203613281	0.0691380500793457	-0.23825407028198242
324	0.30669736862182617	0.0677485466003418	-0.23894882202148438
325	0.3060222864151001	0.06639838218688965	-0.23962390422821045
326	0.30536454916000366	0.06508290767669678	-0.24028164148330688
327	0.3047187626361847	0.06379133462905884	-0.24092742800712585
328	0.3040938675403595	0.06254154443740845	-0.24155232310295105
329	0.30348464846611023	0.06132310628890991	-0.24216154217720032
330	0.3028886318206787	0.060131072998046875	-0.24275755882263184
331	0.30225270986557007	0.05885922908782959	-0.24339348077774048
332	0.3015812635421753	0.05751633644104004	-0.24406492710113525
333	0.30092376470565796	0.05620133876800537	-0.2447224259376526
334	0.30028027296066284	0.05491435527801514	-0.2453659176826477
335	0.29965007305145264	0.05365395545959473	-0.2459961175918579
336	0.29903295636177063	0.05241972208023071	-0.24661323428153992
337	0.29842889308929443	0.05121159553527832	-0.2472172975540161
338	0.2978374660015106	0.05002874135971069	-0.24780872464179993
339	0.2972591817378998	0.048872172832489014	-0.24838700890541077
340	0.2966251075267792	0.0476040244102478	-0.24902108311653137
341	0.29597362875938416	0.046301066875457764	-0.2496725618839264
342	0.2953350245952606	0.04502385854721069	-0.2503111660480499
343	0.2947092354297638	0.04377228021621704	-0.25093695521354675
344	0.2940962612628937	0.04254633188247681	-0.25154992938041687
345	0.2934960126876831	0.041345834732055664	-0.25215017795562744
346	0.29290762543678284	0.04016906023025513	-0.2527385652065277
347	0.29233118891716003	0.03901618719100952	-0.2533150017261505
348	0.2917670011520386	0.0378878116607666	-0.253879189491272
349	0.29115256667137146	0.03665894269943237	-0.2544936239719391
350	0.29051363468170166	0.03538107872009277	-0.2551325559616089
351	0.28671133518218994	0.027776479721069336	-0.2589348554611206
352	0.27860501408576965	0.01156383752822876	-0.2670411765575409
353	0.2753389775753021	0.005031764507293701	-0.2703072130680084
354	0.273124635219574	0.0006030797958374023	-0.2725215554237366
355	0.27104297280311584	-0.0035602450370788574	-0.2746032178401947
356	0.26879870891571045	-0.008048772811889648	-0.2768474817276001
357	0.2651689350605011	-0.01530832052230835	-0.28047725558280945
358	0.2617349922657013	-0.02217620611190796	-0.28391119837760925
359	0.25728198885917664	-0.031082212924957275	-0.2883642017841339
360	0.25333261489868164	-0.038980960845947266	-0.2923135757446289
361	0.251684308052063	-0.04227757453918457	-0.29396188259124756
362	0.24727420508861542	-0.05109778046607971	-0.29837198555469513
363	0.24502697587013245	-0.055592238903045654	-0.3006192147731781
364	0.2418077439069748	-0.06203070282936096	-0.30383844673633575
365	0.23900514841079712	-0.06763589382171631	-0.3066410422325134
366	0.23693889379501343	-0.07176840305328369	-0.3087072968482971
367	0.2336648851633072	-0.07831642031669617	-0.31198130548000336
368	0.23250964283943176	-0.08062690496444702	-0.3131365478038788
369	0.23140041530132294	-0.08284536004066467	-0.3142457753419876
370	0.230335533618927	-0.08497512340545654	-0.31531065702438354
371	0.22921524941921234	-0.08721569180488586	-0.3164309412240982
372	0.22705520689487457	-0.0915357768535614	-0.318590983748436
373	0.22442752122879028	-0.09679114818572998	-0.32121866941452026
374	0.22325390577316284	-0.09913837909698486	-0.3223922848701477
375	0.22212280333042145	-0.10140058398246765	-0.3235233873128891
376	0.2210325300693512	-0.10358113050460815	-0.32461366057395935
377	0.21997816860675812	-0.10568985342979431	-0.32566802203655243
378	0.2189580649137497	-0.10773006081581116	-0.32668812572956085
379	0.2179703414440155	-0.10970550775527954	-0.32767584919929504
380	0.21687230467796326	-0.11190158128738403	-0.3287738859653473
381	0.2141038328409195	-0.11743852496147156	-0.33154235780239105
382	0.2126666158437729	-0.12031295895576477	-0.33297957479953766
383	0.21091660857200623	-0.1238129734992981	-0.3347295820713043
384	0.20922894775867462	-0.1271882951259613	-0.3364172428846359
385	0.20801915228366852	-0.1296078860759735	-0.33762703835964203
386	0.20684564113616943	-0.13195490837097168	-0.3388005495071411
387	0.2057173103094101	-0.13421157002449036	-0.33992888033390045
388	0.2046341896057129	-0.13637781143188477	-0.34101200103759766
389	0.20358940958976746	-0.13846737146377563	-0.3420567810535431
390	0.20257875323295593	-0.14048868417739868	-0.3430674374103546
391	0.20160327851772308	-0.14243963360786438	-0.34404291212558746
392	0.2006618082523346	-0.14432257413864136	-0.34498438239097595
393	0.19975464046001434	-0.14613690972328186	-0.3458915501832962
394	0.19868212938308716	-0.14828193187713623	-0.3469640612602234
395	0.1972063183784485	-0.15123355388641357	-0.34843987226486206
396	0.19588594138622284	-0.15387430787086487	-0.3497602492570877
397	0.1947268843650818	-0.15619242191314697	-0.35091930627822876
398	0.19360335171222687	-0.1584394872188568	-0.3520428389310837
399	0.19251705706119537	-0.1606120765209198	-0.3531291335821152
400	0.19146662950515747	-0.1627129316329956	-0.3541795611381531
401	0.19045278429985046	-0.16474062204360962	-0.3551934063434601
402	0.1894734501838684	-0.16669929027557373	-0.35617274045944214
403	0.18852880597114563	-0.1685885787010193	-0.3571173846721649
404	0.18761932849884033	-0.17040753364562988	-0.3580268621444702
405	0.18674232065677643	-0.1721615493297577	-0.3589038699865341
406	0.18589718639850616	-0.17385181784629822	-0.3597490042448044
407	0.1849430948495865	-0.17576000094413757	-0.36070309579372406
408	0.18383081257343292	-0.1779845654964447	-0.3618153780698776
409	0.18275365233421326	-0.18013888597488403	-0.3628925383090973
410	0.18171122670173645	-0.18222373723983765	-0.3639349639415741
411	0.18070264160633087	-0.1842409074306488	-0.3649435490369797
412	0.17972823977470398	-0.1861897110939026	-0.36591795086860657
413	0.17878705263137817	-0.1880720853805542	-0.3668591380119324
414	0.17787832021713257	-0.1898895502090454	-0.367767870426178
415	0.1770012378692627	-0.19164371490478516	-0.36864495277404785
416	0.17615625262260437	-0.1933336853981018	-0.3694899380207062
417	0.17534244060516357	-0.1949613094329834	-0.370303750038147
418	0.17456045746803284	-0.19652527570724487	-0.3710857331752777
419	0.1737341284751892	-0.19817793369293213	-0.37191206216812134
420	0.17256957292556763	-0.2005070447921753	-0.3730766177177429
421	0.17139172554016113	-0.20286273956298828	-0.3742544651031494
422	0.17058047652244568	-0.2044852375984192	-0.37506571412086487
423	0.16980020701885223	-0.20604577660560608	-0.3758459836244583
424	0.16897939145565033	-0.2076874077320099	-0.3766667991876602
425	0.16805684566497803	-0.2095324993133545	-0.3775893449783325
426	0.16716666519641876	-0.21131286025047302	-0.3784795254468918
427	0.16630819439888	-0.21302980184555054	-0.37933799624443054
428	0.16548143327236176	-0.21468332409858704	-0.3801647573709488
429	0.16468434035778046	-0.21627750992774963	-0.3809618502855301
430	0.163917675614357	-0.21781083941459656	-0.38172851502895355
431	0.1631564199924469	-0.21933335065841675	-0.38248977065086365
432	0.162278413772583	-0.22108936309814453	-0.38336777687072754
433	0.1614333987236023	-0.22277939319610596	-0.38421279191970825
434	0.1606200635433197	-0.22440606355667114	-0.38502612709999084
435	0.15983793139457703	-0.2259703278541565	-0.3858082592487335
436	0.15908685326576233	-0.2274724841117859	-0.3865593373775482
437	0.15836656093597412	-0.2289130687713623	-0.3872796297073364
438	0.15767577290534973	-0.23029464483261108	-0.3879704177379608
439	0.15686337649822235	-0.23191943764686584	-0.3887828141450882
440	0.1558658480644226	-0.23391449451446533	-0.38978034257888794
441	0.15514272451400757	-0.2353607416152954	-0.390503466129303
442	0.1544497013092041	-0.23674678802490234	-0.39119648933410645
443	0.15372131764888763	-0.23820355534553528	-0.3919248729944229
444	0.15293939411640167	-0.2397674024105072	-0.3927067965269089
445	0.1524311900138855	-0.24078381061553955	-0.39321500062942505
446	0.15215066075325012	-0.2413448691368103	-0.3934955298900604
447	0.15188837051391602	-0.24186944961547852	-0.39375782012939453
448	0.15108324587345123	-0.24347969889640808	-0.3945629447698593
449	0.15050293505191803	-0.2446403205394745	-0.3951432555913925
450	0.15032869577407837	-0.2449887990951538	-0.3953174948692322
451	0.15014015138149261	-0.24536588788032532	-0.39550603926181793
452	0.1499563604593277	-0.24573346972465515	-0.39568983018398285
453	0.14977730810642242	-0.2460915744304657	-0.3958688825368881
454	0.149603009223938	-0.24644017219543457	-0.39604318141937256
455	0.14943349361419678	-0.246779203414917	-0.39621269702911377
456	0.1492687612771988	-0.24710866808891296	-0.39637742936611176
457	0.1491088569164276	-0.24742847681045532	-0.39653733372688293
458	0.14895376563072205	-0.24773865938186646	-0.3966924250125885
459	0.14880353212356567	-0.2480391263961792	-0.3968426585197449
460	0.14863213896751404	-0.24838191270828247	-0.3970140516757965
461	0.148445263504982	-0.24875566363334656	-0.39720092713832855
462	0.14826299250125885	-0.24912020564079285	-0.3973831981420517
463	0.1480853408575058	-0.24947550892829895	-0.39756084978580475
464	0.14789460599422455	-0.24985697865486145	-0.397751584649086
465	0.1475043147802353	-0.25063756108283997	-0.39814187586307526
466	0.14662212133407593	-0.2524019479751587	-0.3990240693092346
467	0.1464482694864273	-0.25274965167045593	-0.39919792115688324
468	0.1462792009115219	-0.2530877888202667	-0.39936698973178864
469	0.1460949182510376	-0.25345635414123535	-0.39955127239227295
470	0.14588415622711182	-0.2538778781890869	-0.39976203441619873
471	0.14493528008460999	-0.2557756304740906	-0.40071091055870056
472	0.1447702944278717	-0.25610560178756714	-0.40087589621543884
473	0.14461000263690948	-0.2564261853694916	-0.40103618800640106
474	0.1444217562675476	-0.25680267810821533	-0.40122443437576294
475	0.14423736929893494	-0.2571714520454407	-0.4014088213443756
476	0.14405755698680878	-0.257531076669693	-0.40158863365650177
477	0.14388233423233032	-0.2578815221786499	-0.4017638564109802
478	0.14371174573898315	-0.25822269916534424	-0.4019344449043274
479	0.14354582130908966	-0.2585545480251312	-0.4021003693342209
480	0.14338451623916626	-0.258877158164978	-0.4022616744041443
481	0.14322791993618011	-0.2591903507709503	-0.40241827070713043
482	0.14307601749897003	-0.2594941556453705	-0.4025701731443405
483	0.14292152225971222	-0.2598031461238861	-0.4027246683835983
484	0.14274531602859497	-0.2601555585861206	-0.4029008746147156
485	0.14257365465164185	-0.26049888134002686	-0.4030725359916687
486	0.14240659773349762	-0.2608329951763153	-0.4032395929098129
487	0.1422441154718399	-0.26115795969963074	-0.40340207517147064
488	0.14208628237247467	-0.2614736258983612	-0.4035599082708359
489	0.14193309843540192	-0.2617799937725067	-0.40371309220790863
490	0.14178456366062164	-0.26207706332206726	-0.4038616269826889
491	0.14164069294929504	-0.26236480474472046	-0.4040054976940155
492	0.1415015310049057	-0.26264312863349915	-0.40414465963840485
493	0.14135226607322693	-0.2629416584968567	-0.4042939245700836
494	0.14110468327999115	-0.26343682408332825	-0.4045415073633194
495	0.14077544212341309	-0.2640953063964844	-0.40487074851989746
496	0.14060568809509277	-0.264434814453125	-0.4050405025482178
497	0.14042910933494568	-0.2647879719734192	-0.40521708130836487
498	0.1402571201324463	-0.26513195037841797	-0.40538907051086426
499	0.14008976519107819	-0.2654666602611542	-0.40555642545223236
500	0.13992704451084137	-0.2657921016216278	-0.4057191461324692
501	0.13976895809173584	-0.26610827445983887	-0.4058772325515747
502	0.13961553573608398	-0.2664151191711426	-0.40603065490722656
503	0.139466792345047	-0.26671260595321655	-0.40617939829826355
504	0.13932275772094727	-0.267000675201416	-0.4063234329223633
505	0.13918346166610718	-0.2672792673110962	-0.40646272897720337
506	0.1390221267938614	-0.26760193705558777	-0.40662406384944916
507	0.1388578563928604	-0.2679304778575897	-0.40678833425045013
508	0.13869814574718475	-0.26824989914894104	-0.4069480448961258
509	0.13854308426380157	-0.2685600221157074	-0.40710310637950897
510	0.1383926272392273	-0.26886093616485596	-0.40725356340408325
511	0.1382468193769455	-0.26915255188941956	-0.40739937126636505
512	0.13810567557811737	-0.2694348394870758	-0.4075405150651932
513	0.1379692405462265	-0.26970770955085754	-0.40767695009708405
514	0.1378374844789505	-0.26997122168540955	-0.40780870616436005
515	0.13771045207977295	-0.27022528648376465	-0.4079357385635376
516	0.13755668699741364	-0.2705328166484833	-0.4080895036458969
517	0.13740435242652893	-0.2708374857902527	-0.4082418382167816
518	0.13725660741329193	-0.2711329758167267	-0.4083895832300186
519	0.13711348176002502	-0.2714192271232605	-0.4085327088832855
520	0.1369633674621582	-0.27171945571899414	-0.40868282318115234
521	0.13676470518112183	-0.2721167802810669	-0.4088814854621887
522	0.13643769919872284	-0.27277079224586487	-0.4092084914445877
523	0.13628645241260529	-0.2730732858181	-0.40935973823070526
524	0.1361398547887802	-0.2733664810657501	-0.40950633585453033
525	0.1359979510307312	-0.27365028858184814	-0.40964823961257935
526	0.13586078584194183	-0.2739246189594269	-0.4097854048013687
527	0.13572831451892853	-0.2741895616054535	-0.409917876124382
528	0.13558876514434814	-0.27446866035461426	-0.4100574254989624
529	0.13543084263801575	-0.27478450536727905	-0.4102153480052948
530	0.13527753949165344	-0.27509111166000366	-0.4103686511516571
531	0.13512885570526123	-0.2753884792327881	-0.4105173349380493
532	0.1349848061800003	-0.27567657828330994	-0.41066138446331024
533	0.13484539091587067	-0.2759554088115692	-0.4108007997274399
534	0.13471069931983948	-0.2762247920036316	-0.41093549132347107
535	0.13458064198493958	-0.2764849066734314	-0.41106554865837097
536	0.13445532321929932	-0.2767355442047119	-0.41119086742401123
537	0.1343347281217575	-0.27697673439979553	-0.41131146252155304
538	0.13420416414737701	-0.2772378623485565	-0.41144202649593353
539	0.13405780494213104	-0.27753058075904846	-0.4115883857011795
540	0.13391603529453278	-0.277814120054245	-0.41173015534877777
541	0.1337788850069046	-0.27808842062950134	-0.41186730563640594
542	0.1336463987827301	-0.27835339307785034	-0.41199979186058044
543	0.1335185468196869	-0.27860909700393677	-0.41212764382362366
544	0.13337227702140808	-0.2789016366004944	-0.41227391362190247
545	0.1332205832004547	-0.2792050242424011	-0.41242560744285583
546	0.1330736130475998	-0.27949896454811096	-0.41257257759571075
547	0.13293133676052094	-0.2797835171222687	-0.4127148538827896
548	0.13279378414154053	-0.2800586223602295	-0.41285240650177
549	0.13266099989414215	-0.28032419085502625	-0.4129851907491684
550	0.1325329691171646	-0.2805802524089813	-0.41311322152614594
551	0.13240975141525269	-0.2808266878128052	-0.41323643922805786
552	0.132258802652359	-0.28112858533859253	-0.41338738799095154
553	0.13210928440093994	-0.28142762184143066	-0.4135369062423706
554	0.13196444511413574	-0.28171730041503906	-0.4136817455291748
555	0.1318242996931076	-0.28199759125709534	-0.41382189095020294
556	0.13168883323669434	-0.2822685241699219	-0.4139573574066162
557	0.13155809044837952	-0.2825300097465515	-0.41408810019493103
558	0.13143207132816315	-0.28278204798698425	-0.4142141193151474
559	0.1313108205795288	-0.28302454948425293	-0.41433537006378174
560	0.1311943233013153	-0.28325754404067993	-0.41445186734199524
561	0.13105879724025726	-0.283528596162796	-0.4145873934030533
562	0.13090665638446808	-0.2838328778743744	-0.41473953425884247
563	0.13075906038284302	-0.2841280698776245	-0.41488713026046753
564	0.13061602413654327	-0.284414142370224	-0.4150301665067673
565	0.13047760725021362	-0.2846909761428833	-0.4151685833930969
566	0.1303437501192093	-0.28495869040489197	-0.41530244052410126
567	0.13021454215049744	-0.2852171063423157	-0.4154316484928131
568	0.13008996844291687	-0.2854662537574768	-0.4155562222003937
569	0.12997004389762878	-0.285706102848053	-0.41567614674568176
570	0.12985482811927795	-0.28593653440475464	-0.4157913625240326
571	0.12974321842193604	-0.2861597537994385	-0.4159029722213745
572	0.12961187958717346	-0.2864224314689636	-0.4160343110561371
573	0.12948524951934814	-0.28667569160461426	-0.4161609411239624
574	0.1293632984161377	-0.28691959381103516	-0.41628289222717285
575	0.1292460560798645	-0.28715407848358154	-0.41640013456344604
576	0.12911050021648407	-0.2874251902103424	-0.4165356904268265
577	0.12896688282489777	-0.287712424993515	-0.4166793078184128
578	0.12882786989212036	-0.2879904508590698	-0.4168183207511902
579	0.12869344651699066	-0.2882592976093292	-0.4169527441263199
580	0.12856367230415344	-0.28851884603500366	-0.4170825183391571
581	0.1284385472536087	-0.28876909613609314	-0.41720764338970184
582	0.12831810116767883	-0.2890099883079529	-0.4173280894756317
583	0.12820234894752502	-0.2892414927482605	-0.4174438416957855
584	0.12809130549430847	-0.2894635796546936	-0.4175548851490021
585	0.12798281013965607	-0.2896805703639984	-0.4176633805036545
586	0.12785565853118896	-0.2899348735809326	-0.4177905321121216
587	0.12773321568965912	-0.2901797592639923	-0.41791297495365143
588	0.1276155263185501	-0.2904151380062103	-0.41803066432476044
589	0.12750259041786194	-0.29064100980758667	-0.4181436002254486
590	0.12738634645938873	-0.2908734977245331	-0.4182598441839218
591	0.12724660336971283	-0.2911529839038849	-0.4183995872735977
592	0.12711146473884583	-0.2914232611656189	-0.4185347259044647
593	0.1269809752702713	-0.29168424010276794	-0.41866521537303925
594	0.12685513496398926	-0.29193592071533203	-0.4187910556793213
595	0.12673398852348328	-0.292178213596344	-0.41891220211982727
596	0.12661753594875336	-0.29241111874580383	-0.4190286546945572
597	0.1265058070421219	-0.2926345765590668	-0.41914038360118866
598	0.12639883160591125	-0.29284852743148804	-0.4192473590373993
599	0.12629425525665283	-0.2930576801300049	-0.4193519353866577
600	0.12617117166519165	-0.29330384731292725	-0.4194750189781189
601	0.1260528415441513	-0.29354050755500793	-0.41959334909915924
602	0.1259392648935318	-0.29376766085624695	-0.41970692574977875
603	0.12587450444698334	-0.29389718174934387	-0.4197716861963272
604	0.1259266585111618	-0.29379287362098694	-0.41971953213214874
605	0.125926673412323	-0.29379284381866455	-0.41971951723098755
606	0.1259293556213379	-0.29378747940063477	-0.41971683502197266
607	0.1258474588394165	-0.29395127296447754	-0.41979873180389404
608	0.12585413455963135	-0.29393792152404785	-0.4197920560836792
609	0.12583182752132416	-0.29398253560066223	-0.4198143631219864
610	0.12579944729804993	-0.2940472960472107	-0.4198467433452606
611	0.12582530081272125	-0.29399558901786804	-0.4198208898305893
612	0.12576642632484436	-0.2941133379936218	-0.4198797643184662
613	0.1258048564195633	-0.29403647780418396	-0.41984133422374725
614	0.1257568597793579	-0.2941324710845947	-0.41988933086395264
615	0.12576642632484436	-0.2941133379936218	-0.4198797643184662
616	0.12577392160892487	-0.2940983474254608	-0.4198722690343857
617	0.12571294605731964	-0.29422029852867126	-0.4199332445859909
618	0.12573671340942383	-0.2941727638244629	-0.4199094772338867
619	0.1256803423166275	-0.29428550601005554	-0.41996584832668304
620	0.1256689727306366	-0.29430824518203735	-0.41997721791267395
621	0.12565787136554718	-0.2943304479122162	-0.41998831927776337
622	0.1256207674741745	-0.29440465569496155	-0.42002542316913605
623	0.12564420700073242	-0.2943577766418457	-0.4200019836425781
624	0.12558694183826447	-0.2944723069667816	-0.4200592488050461
625	0.12560775876045227	-0.294430673122406	-0.4200384318828583
626	0.12556439638137817	-0.2945173978805542	-0.4200817942619324
627	0.12555348873138428	-0.294539213180542	-0.42009270191192627
628	0.1255521923303604	-0.2945418059825897	-0.42009399831295013
629	0.12551704049110413	-0.2946121096611023	-0.4201291501522064
630	0.1255165934562683	-0.2946130037307739	-0.42012959718704224
631	0.12549693882465363	-0.2946523129940033	-0.4201492518186569
632	0.12546825408935547	-0.2947096824645996	-0.4201779365539551
633	0.12547801434993744	-0.29469016194343567	-0.4201681762933731
634	0.1254318207502365	-0.2947825491428375	-0.42021436989307404
635	0.1254468709230423	-0.29475244879722595	-0.42019931972026825
636	0.1254059225320816	-0.29483434557914734	-0.42024026811122894
637	0.1253972202539444	-0.29485175013542175	-0.42024897038936615
638	0.12538890540599823	-0.2948683798313141	-0.4202572852373123
639	0.1253603994846344	-0.29492539167404175	-0.42028579115867615
640	0.1253807544708252	-0.29488468170166016	-0.42026543617248535
641	0.12533502280712128	-0.294976145029068	-0.42031116783618927
642	0.1253463625907898	-0.29495346546173096	-0.42029982805252075
643	0.125320166349411	-0.2950058579444885	-0.42032602429389954
644	0.12530896067619324	-0.2950282692909241	-0.4203372299671173
645	0.1253143548965454	-0.2950174808502197	-0.42033183574676514
646	0.12528426945209503	-0.2950776517391205	-0.4203619211912155
647	0.12530174851417542	-0.2950426936149597	-0.42034444212913513
648	0.12516720592975616	-0.2953117787837982	-0.4204789847135544
649	0.12516720592975616	-0.2953117787837982	-0.4204789847135544
650	0.12517239153385162	-0.2953014075756073	-0.4204737991094589
651	0.12513744831085205	-0.29537129402160645	-0.4205087423324585
652	0.1251252293586731	-0.29539573192596436	-0.42052096128463745
653	0.12511593103408813	-0.2954143285751343	-0.4205302596092224
654	0.1250888854265213	-0.29546841979026794	-0.42055730521678925
655	0.1251031756401062	-0.29543983936309814	-0.42054301500320435
656	0.1250615119934082	-0.29552316665649414	-0.42058467864990234
657	0.1250639259815216	-0.29551833868026733	-0.42058226466178894
658	0.12504318356513977	-0.295559823513031	-0.4206030070781708
659	0.1250283420085907	-0.29558950662612915	-0.42061784863471985
660	0.12503308057785034	-0.29558002948760986	-0.4206131100654602
661	0.12500350177288055	-0.29563918709754944	-0.42064268887043
662	0.12501884996891022	-0.2956084907054901	-0.42062734067440033
663	0.12498780339956284	-0.2956705838441849	-0.4206583872437477
664	0.12498608231544495	-0.29567402601242065	-0.4206601083278656
665	0.1249808669090271	-0.29568445682525635	-0.42066532373428345
666	0.1249626874923706	-0.29572081565856934	-0.42068350315093994
667	0.12498251348733902	-0.2956811636686325	-0.4206636771559715
668	0.12494923919439316	-0.29574771225452423	-0.4206969514489174
669	0.12495365738868713	-0.2957388758659363	-0.4206925332546234
670	0.12483460456132889	-0.29597698152065277	-0.42081158608198166
671	0.12483439594507217	-0.2959773987531662	-0.4208117946982384
672	0.12481211125850677	-0.296021968126297	-0.42083407938480377
673	0.12479865550994873	-0.2960488796234131	-0.4208475351333618
674	0.12479768693447113	-0.2960508167743683	-0.4208485037088394
675	0.12477106600999832	-0.2961040586233139	-0.4208751246333122
676	0.12478181719779968	-0.2960825562477112	-0.42086437344551086
677	0.12475257366895676	-0.29614104330539703	-0.4208936169743538
678	0.12474826723337173	-0.2961496561765671	-0.4208979234099388
679	0.12474176287651062	-0.2961626648902893	-0.4209044277667999
680	0.12472435086965561	-0.29619748890399933	-0.42092183977365494
681	0.12473892420530319	-0.29616834223270416	-0.42090726643800735
682	0.12470881640911102	-0.2962285578250885	-0.4209373742341995
683	0.12471452355384827	-0.296217143535614	-0.4209316670894623
684	0.12470182776451111	-0.29624253511428833	-0.42094436287879944
685	0.12469291687011719	-0.29626035690307617	-0.42095327377319336
686	0.12470284104347229	-0.29624050855636597	-0.42094334959983826
687	0.12468069046735764	-0.2962848097085953	-0.4209655001759529
688	0.1246955618262291	-0.29625506699085236	-0.42095062881708145
689	0.12467730045318604	-0.2962915897369385	-0.4209688901901245
690	0.12467741221189499	-0.29629136621952057	-0.42096877843141556
691	0.12468137592077255	-0.29628343880176544	-0.420964814722538
692	0.12467730045318604	-0.2962915897369385	-0.4209688901901245
693	0.12467741966247559	-0.2962913513183594	-0.42096877098083496
694	0.12468104809522629	-0.29628409445285797	-0.42096514254808426
695	0.12466173619031906	-0.2963227182626724	-0.4209844544529915
696	0.12467538565397263	-0.2962954193353653	-0.4209708049893379
697	0.12465021759271622	-0.2963457554578781	-0.42099597305059433
698	0.12465023249387741	-0.2963457256555557	-0.42099595814943314
699	0.12461971491575241	-0.2964067608118057	-0.42102647572755814
700	0.12461677193641663	-0.2964126467704773	-0.4210294187068939
701	0.12457624077796936	-0.2964937090873718	-0.4210699498653412
702	0.1245507076382637	-0.29654477536678314	-0.42109548300504684
703	0.12455613911151886	-0.2965339124202728	-0.4210900515317917
704	0.12440845370292664	-0.2968292832374573	-0.4212377369403839
705	0.12440845370292664	-0.2968292832374573	-0.4212377369403839
706	0.12441329658031464	-0.2968195974826813	-0.4212328940629959
707	0.12439478188753128	-0.296856626868248	-0.42125140875577927
708	0.12440845370292664	-0.2968292832374573	-0.4212377369403839
709	0.12441329658031464	-0.2968195974826813	-0.4212328940629959
710	0.12439478188753128	-0.296856626868248	-0.42125140875577927
711	0.12441329658031464	-0.2968195974826813	-0.4212328940629959
712	0.12439478188753128	-0.296856626868248	-0.42125140875577927
713	0.12440846115350723	-0.2968292683362961	-0.4212377294898033
714	0.12441330403089523	-0.2968195825815201	-0.4212328866124153
715	0.12439478933811188	-0.2968566119670868	-0.42125140130519867
716	0.12440846115350723	-0.2968292683362961	-0.4212377294898033
717	0.12441330403089523	-0.2968195825815201	-0.4212328866124153
718	0.12439478188753128	-0.296856626868248	-0.42125140875577927
719	0.12440846115350723	-0.2968292683362961	-0.4212377294898033
720	0.12441330403089523	-0.2968195825815201	-0.4212328866124153
721	0.12439478933811188	-0.2968566119670868	-0.42125140130519867
722	0.12440846115350723	-0.2968292683362961	-0.4212377294898033
723	0.12441329658031464	-0.2968195974826813	-0.4212328940629959
724	0.12439478188753128	-0.296856626868248	-0.42125140875577927
725	0.12440846115350723	-0.2968292683362961	-0.4212377294898033
726	0.12441328912973404	-0.29681961238384247	-0.4212329015135765
727	0.12439477443695068	-0.2968566417694092	-0.42125141620635986
728	0.12440843880176544	-0.29682931303977966	-0.4212377518415451
729	0.12441330403089523	-0.2968195825815201	-0.4212328866124153
730	0.12439478933811188	-0.2968566119670868	-0.42125140130519867
731	0.12440845370292664	-0.2968292832374573	-0.4212377369403839
732	0.12441329658031464	-0.2968195974826813	-0.4212328940629959
733	0.12439478188753128	-0.296856626868248	-0.42125140875577927
734	0.12440845370292664	-0.2968292832374573	-0.4212377369403839
735	0.12441329658031464	-0.2968195974826813	-0.4212328940629959
736	0.12439477443695068	-0.2968566417694092	-0.42125141620635986
737	0.12440845370292664	-0.2968292832374573	-0.4212377369403839
738	0.12441328912973404	-0.29681961238384247	-0.4212329015135765
739	0.12439478188753128	-0.296856626868248	-0.42125140875577927
740	0.12440844625234604	-0.29682929813861847	-0.4212377443909645
741	0.12441329658031464	-0.2968195974826813	-0.4212328940629959
742	0.12439478188753128	-0.296856626868248	-0.42125140875577927
743	0.12440845370292664	-0.2968292832374573	-0.4212377369403839
744	0.12441330403089523	-0.2968195825815201	-0.4212328866124153
745	0.12439478188753128	-0.296856626868248	-0.42125140875577927
746	0.12440845370292664	-0.2968292832374573	-0.4212377369403839
747	0.12441329658031464	-0.2968195974826813	-0.4212328940629959
748	0.12439478188753128	-0.296856626868248	-0.42125140875577927
749	0.12440845370292664	-0.2968292832374573	-0.4212377369403839
750	0.12441330403089523	-0.2968195825815201	-0.4212328866124153
751	0.12439480423927307	-0.2968565821647644	-0.4212513864040375
752	0.12440846115350723	-0.2968292683362961	-0.4212377294898033
753	0.12441329658031464	-0.2968195974826813	-0.4212328940629959
754	0.12439478188753128	-0.296856626868248	-0.42125140875577927
755	0.12440845370292664	-0.2968292832374573	-0.4212377369403839
756	0.12441330403089523	-0.2968195825815201	-0.4212328866124153
757	0.12439478188753128	-0.296856626868248	-0.42125140875577927
758	0.12440846115350723	-0.2968292683362961	-0.4212377294898033
759	0.12441329658031464	-0.2968195974826813	-0.4212328940629959
760	0.12439478188753128	-0.296856626868248	-0.42125140875577927
761	0.12440845370292664	-0.2968292832374573	-0.4212377369403839
762	0.12441329658031464	-0.2968195974826813	-0.4212328940629959
763	0.12439478188753128	-0.296856626868248	-0.42125140875577927
764	0.12440845370292664	-0.2968292832374573	-0.4212377369403839
765	0.12441329658031464	-0.2968195974826813	-0.4212328940629959
766	0.12439478188753128	-0.296856626868248	-0.42125140875577927
767	0.12440845370292664	-0.2968292832374573	-0.4212377369403839
768	0.12441329658031464	-0.2968195974826813	-0.4212328940629959
769	0.12439478188753128	-0.296856626868248	-0.42125140875577927
770	0.12440845370292664	-0.2968292832374573	-0.4212377369403839
771	0.12441330403089523	-0.2968195825815201	-0.4212328866124153
772	0.12439478933811188	-0.2968566119670868	-0.42125140130519867
773	0.12440846115350723	-0.2968292683362961	-0.4212377294898033
774	0.12441328912973404	-0.29681961238384247	-0.4212329015135765
775	0.12439478188753128	-0.296856626868248	-0.42125140875577927
776	0.12440843135118484	-0.29682932794094086	-0.4212377592921257
777	0.12441330403089523	-0.2968195825815201	-0.4212328866124153
778	0.12439480423927307	-0.2968565821647644	-0.4212513864040375
779	0.12440847605466843	-0.2968292385339737	-0.4212377145886421
780	0.12441329658031464	-0.2968195974826813	-0.4212328940629959
781	0.12439478188753128	-0.296856626868248	-0.42125140875577927
782	0.12440845370292664	-0.2968292832374573	-0.4212377369403839
783	0.12441330403089523	-0.2968195825815201	-0.4212328866124153
784	0.12439478188753128	-0.296856626868248	-0.42125140875577927
785	0.12440846115350723	-0.2968292683362961	-0.4212377294898033
786	0.12441330403089523	-0.2968195825815201	-0.4212328866124153
787	0.12439478933811188	-0.2968566119670868	-0.42125140130519867
788	0.12440843880176544	-0.29682931303977966	-0.4212377518415451
789	0.12441329658031464	-0.2968195974826813	-0.4212328940629959
790	0.12439478188753128	-0.296856626868248	-0.42125140875577927
791	0.12440845370292664	-0.2968292832374573	-0.4212377369403839
792	0.12441329658031464	-0.2968195974826813	-0.4212328940629959
793	0.12439477443695068	-0.2968566417694092	-0.42125141620635986
794	0.12440845370292664	-0.2968292832374573	-0.4212377369403839
795	0.12441329658031464	-0.2968195974826813	-0.4212328940629959
796	0.12439478933811188	-0.2968566119670868	-0.42125140130519867
797	0.12440846860408783	-0.2968292534351349	-0.4212377220392227
798	0.12441329658031464	-0.2968195974826813	-0.4212328940629959
799	0.12439478933811188	-0.2968566119670868	-0.42125140130519867
800	0.12440845370292664	-0.2968292832374573	-0.4212377369403839
801	0.12441329658031464	-0.2968195974826813	-0.4212328940629959
802	0.12439478933811188	-0.2968566119670868	-0.42125140130519867
803	0.12440845370292664	-0.2968292832374573	-0.4212377369403839
804	0.12441329658031464	-0.2968195974826813	-0.4212328940629959
805	0.12439478188753128	-0.296856626868248	-0.42125140875577927
806	0.12440845370292664	-0.2968292832374573	-0.4212377369403839
807	0.12441329658031464	-0.2968195974826813	-0.4212328940629959
808	0.12439478188753128	-0.296856626868248	-0.42125140875577927
809	0.12440845370292664	-0.2968292832374573	-0.4212377369403839
810	0.12441328912973404	-0.29681961238384247	-0.4212329015135765
811	0.12439478188753128	-0.296856626868248	-0.42125140875577927
812	0.12440845370292664	-0.2968292832374573	-0.4212377369403839
813	0.12441329658031464	-0.2968195974826813	-0.4212328940629959
814	0.12439478933811188	-0.2968566119670868	-0.42125140130519867
815	0.12440845370292664	-0.2968292832374573	-0.4212377369403839
816	0.12441330403089523	-0.2968195825815201	-0.4212328866124153
817	0.12439478933811188	-0.2968566119670868	-0.42125140130519867
818	0.12440846860408783	-0.2968292534351349	-0.4212377220392227
819	0.12441330403089523	-0.2968195825815201	-0.4212328866124153
820	0.12439478933811188	-0.2968566119670868	-0.42125140130519867
821	0.12440845370292664	-0.2968292832374573	-0.4212377369403839
822	0.12441330403089523	-0.2968195825815201	-0.4212328866124153
823	0.12439478188753128	-0.296856626868248	-0.42125140875577927
824	0.12440846115350723	-0.2968292683362961	-0.4212377294898033
825	0.12441329658031464	-0.2968195974826813	-0.4212328940629959
826	0.12439478188753128	-0.296856626868248	-0.42125140875577927
827	0.12441075593233109	-0.2968246787786484	-0.42123543471097946
828	0.12441330403089523	-0.2968195825815201	-0.4212328866124153
829	0.12439478188753128	-0.296856626868248	-0.42125140875577927
830	0.12440845370292664	-0.2968292832374573	-0.4212377369403839
831	0.12441328912973404	-0.29681961238384247	-0.4212329015135765
832	0.12439478188753128	-0.296856626868248	-0.42125140875577927
833	0.12440846115350723	-0.2968292683362961	-0.4212377294898033
834	0.12441328912973404	-0.29681961238384247	-0.4212329015135765
835	0.12439478933811188	-0.2968566119670868	-0.42125140130519867
836	0.12440846115350723	-0.2968292683362961	-0.4212377294898033
837	0.12441329658031464	-0.2968195974826813	-0.4212328940629959
838	0.12439478933811188	-0.2968566119670868	-0.42125140130519867
839	0.12440845370292664	-0.2968292832374573	-0.4212377369403839
840	0.12441330403089523	-0.2968195825815201	-0.4212328866124153
841	0.12439478933811188	-0.2968566119670868	-0.42125140130519867
842	0.12440845370292664	-0.2968292832374573	-0.4212377369403839
843	0.12441330403089523	-0.2968195825815201	-0.4212328866124153
844	0.12439478188753128	-0.296856626868248	-0.42125140875577927
845	0.12440845370292664	-0.2968292832374573	-0.4212377369403839
846	0.12441329658031464	-0.2968195974826813	-0.4212328940629959
847	0.12439478933811188	-0.2968566119670868	-0.42125140130519867
848	0.12440845370292664	-0.2968292832374573	-0.4212377369403839
849	0.12441330403089523	-0.2968195825815201	-0.4212328866124153
850	0.12439478933811188	-0.2968566119670868	-0.42125140130519867
851	0.12440846115350723	-0.2968292683362961	-0.4212377294898033
852	0.12441329658031464	-0.2968195974826813	-0.4212328940629959
853	0.12439478188753128	-0.296856626868248	-0.42125140875577927
854	0.12440845370292664	-0.2968292832374573	-0.4212377369403839
855	0.12441329658031464	-0.2968195974826813	-0.4212328940629959
856	0.12439478188753128	-0.296856626868248	-0.42125140875577927
857	0.12440845370292664	-0.2968292832374573	-0.4212377369403839
858	0.12441329658031464	-0.2968195974826813	-0.4212328940629959
859	0.12439478188753128	-0.296856626868248	-0.42125140875577927
860	0.12440845370292664	-0.2968292832374573	-0.4212377369403839
861	0.12441330403089523	-0.2968195825815201	-0.4212328866124153
862	0.12439478933811188	-0.2968566119670868	-0.42125140130519867
863	0.12440845370292664	-0.2968292832374573	-0.4212377369403839
864	0.12441330403089523	-0.2968195825815201	-0.4212328866124153
865	0.12439478188753128	-0.296856626868248	-0.42125140875577927
866	0.12440845370292664	-0.2968292832374573	-0.4212377369403839
867	0.12441329658031464	-0.2968195974826813	-0.4212328940629959
868	0.12439478933811188	-0.2968566119670868	-0.42125140130519867
869	0.12440845370292664	-0.2968292832374573	-0.4212377369403839
870	0.12441330403089523	-0.2968195825815201	-0.4212328866124153
871	0.12439478933811188	-0.2968566119670868	-0.42125140130519867
872	0.12440846860408783	-0.2968292534351349	-0.4212377220392227
873	0.12441330403089523	-0.2968195825815201	-0.4212328866124153
874	0.12439478933811188	-0.2968566119670868	-0.42125140130519867
875	0.12440845370292664	-0.2968292832374573	-0.4212377369403839
876	0.12441329658031464	-0.2968195974826813	-0.4212328940629959
877	0.12439478188753128	-0.296856626868248	-0.42125140875577927
878	0.12440846115350723	-0.2968292683362961	-0.4212377294898033
879	0.12441328912973404	-0.29681961238384247	-0.4212329015135765
880	0.12439478933811188	-0.2968566119670868	-0.42125140130519867
881	0.12440845370292664	-0.2968292832374573	-0.4212377369403839
882	0.12441329658031464	-0.2968195974826813	-0.4212328940629959
883	0.12439478188753128	-0.296856626868248	-0.42125140875577927
884	0.12440845370292664	-0.2968292832374573	-0.4212377369403839
885	0.12441329658031464	-0.2968195974826813	-0.4212328940629959
886	0.12439479678869247	-0.2968565970659256	-0.4212513938546181
887	0.12440845370292664	-0.2968292832374573	-0.4212377369403839
888	0.12441330403089523	-0.2968195825815201	-0.4212328866124153
889	0.12439478188753128	-0.296856626868248	-0.42125140875577927
890	0.12440846115350723	-0.2968292683362961	-0.4212377294898033
891	0.12441330403089523	-0.2968195825815201	-0.4212328866124153
892	0.12439478188753128	-0.296856626868248	-0.42125140875577927
893	0.12440846115350723	-0.2968292683362961	-0.4212377294898033
894	0.12441328912973404	-0.29681961238384247	-0.4212329015135765
895	0.12439478933811188	-0.2968566119670868	-0.42125140130519867
896	0.12440845370292664	-0.2968292832374573	-0.4212377369403839
897	0.12441330403089523	-0.2968195825815201	-0.4212328866124153
898	0.12439478188753128	-0.296856626868248	-0.42125140875577927
899	0.12440845370292664	-0.2968292832374573	-0.4212377369403839
900	0.12441330403089523	-0.2968195825815201	-0.4212328866124153
901	0.12439478933811188	-0.2968566119670868	-0.42125140130519867
902	0.12440846115350723	-0.2968292683362961	-0.4212377294898033
903	0.12441330403089523	-0.2968195825815201	-0.4212328866124153
904	0.12439478188753128	-0.296856626868248	-0.42125140875577927
905	0.12440846115350723	-0.2968292683362961	-0.4212377294898033
906	0.12441330403089523	-0.2968195825815201	-0.4212328866124153
907	0.12439478933811188	-0.2968566119670868	-0.42125140130519867
908	0.12440845370292664	-0.2968292832374573	-0.4212377369403839
909	0.12441330403089523	-0.2968195825815201	-0.4212328866124153
910	0.12439478188753128	-0.296856626868248	-0.42125140875577927
911	0.12440845370292664	-0.2968292832374573	-0.4212377369403839
912	0.12441329658031464	-0.2968195974826813	-0.4212328940629959
913	0.12439478933811188	-0.2968566119670868	-0.42125140130519867
914	0.12441537529230118	-0.2968154400587082	-0.42123081535100937
915	0.12438856065273285	-0.29686906933784485	-0.4212576299905777
916	0.12438604980707169	-0.2968740910291672	-0.42126014083623886
917	0.12435716390609741	-0.2969318628311157	-0.42128902673721313
918	0.1243361234664917	-0.29697394371032715	-0.42131006717681885
919	0.12429550290107727	-0.297055184841156	-0.4213506877422333
920	0.1242869421839714	-0.29707230627536774	-0.42135924845933914
921	0.12423289567232132	-0.2971803992986679	-0.4214132949709892
922	0.12423444539308548	-0.2971772998571396	-0.42141174525022507
923	0.12424676865339279	-0.29715265333652496	-0.42139942198991776
924	0.12420228123664856	-0.2972416281700134	-0.421443909406662
925	0.12417572736740112	-0.2972947359085083	-0.4214704632759094
926	0.12419439107179642	-0.2972574084997177	-0.42145179957151413
927	0.12409265339374542	-0.2974608838558197	-0.4215535372495651
928	0.124102883040905	-0.29744042456150055	-0.42154330760240555
929	0.12410909682512283	-0.2974279969930649	-0.4215370938181877
930	0.12405182421207428	-0.297542542219162	-0.42159436643123627
931	0.12404925376176834	-0.29754768311977386	-0.4215969368815422
932	0.12404045462608337	-0.2975652813911438	-0.4216057360172272
933	0.12401629984378815	-0.29761359095573425	-0.4216298907995224
934	0.12403518706560135	-0.29757581651210785	-0.4216110035777092
935	0.12404096871614456	-0.2975642532110214	-0.421605221927166
936	0.12404103577136993	-0.2975641191005707	-0.4216051548719406
937	0.12402316182851791	-0.2975998669862747	-0.42162302881479263
938	0.12400621920824051	-0.29763375222682953	-0.42163997143507004
939	0.12402655929327011	-0.2975930720567703	-0.42161963135004044
940	0.12401492148637772	-0.2976163476705551	-0.42163126915693283
941	0.12404204159975052	-0.2975621074438095	-0.42160414904356003
942	0.12400318682193756	-0.2976398169994354	-0.421643003821373
943	0.12398780137300491	-0.2976705878973007	-0.42165838927030563
944	0.12400999665260315	-0.29762619733810425	-0.4216361939907074
945	0.12395839393138885	-0.29772940278053284	-0.4216877967119217
946	0.12396061420440674	-0.29772496223449707	-0.4216855764389038
947	0.12396368384361267	-0.2977188229560852	-0.4216825067996979
948	0.12396613508462906	-0.29771392047405243	-0.4216800555586815
949	0.12394297868013382	-0.2977602332830429	-0.4217032119631767
950	0.12396027892827988	-0.2977256327867508	-0.42168591171503067
951	0.12396836280822754	-0.29770946502685547	-0.421677827835083
952	0.12397731095552444	-0.29769156873226166	-0.4216688796877861
953	0.12397932261228561	-0.2976875454187393	-0.42166686803102493
954	0.12396689504384995	-0.29771240055561066	-0.4216792955994606
955	0.12394369393587112	-0.2977588027715683	-0.4217024967074394
956	0.12396982312202454	-0.2977065443992615	-0.421676367521286
957	0.12397798895835876	-0.297690212726593	-0.4216682016849518
958	0.12395481765270233	-0.2977365553379059	-0.4216913729906082
959	0.12396064400672913	-0.2977249026298523	-0.4216855466365814
960	0.12396087497472763	-0.2977244406938553	-0.4216853156685829
961	0.12398629635572433	-0.2976735979318619	-0.4216598942875862
962	0.12398742139339447	-0.2976713478565216	-0.4216587692499161
963	0.12398883700370789	-0.2976685166358948	-0.42165735363960266
964	0.12396786361932755	-0.29771046340465546	-0.421678327023983
965	0.1239520013332367	-0.29774218797683716	-0.42169418931007385
966	0.12397019565105438	-0.2977057993412018	-0.42167599499225616
967	0.1239585280418396	-0.29772913455963135	-0.42168766260147095
968	0.12398692965507507	-0.2976723313331604	-0.4216592609882355
969	0.12397616356611252	-0.2976938635110855	-0.42167002707719803
970	0.12398922443389893	-0.2976677417755127	-0.4216569662094116
971	0.12398964166641235	-0.29766690731048584	-0.4216565489768982
972	0.12387455999851227	-0.297897070646286	-0.4217716306447983
973	0.12387584894895554	-0.2978944927453995	-0.421770341694355
974	0.12388040870428085	-0.29788537323474884	-0.4217657819390297
975	0.12386669218540192	-0.2979128062725067	-0.42177949845790863
976	0.12384173274040222	-0.2979627251625061	-0.4218044579029083
977	0.1238563284277916	-0.29793353378772736	-0.42178986221551895
978	0.12386295199394226	-0.297920286655426	-0.4217832386493683
979	0.12388034909963608	-0.2978854924440384	-0.42176584154367447
980	0.12388357520103455	-0.29787904024124146	-0.421762615442276
981	0.12388727068901062	-0.2978716492652893	-0.4217589199542999
982	0.12385886907577515	-0.29792845249176025	-0.4217873215675354
983	0.12384294718503952	-0.2979602962732315	-0.421803243458271
984	0.12386355549097061	-0.2979190796613693	-0.42178263515233994
985	0.12387942522764206	-0.29788734018802643	-0.4217667654156685
986	0.12387107312679291	-0.29790404438972473	-0.42177511751651764
987	0.12387803196907043	-0.2978901267051697	-0.4217681586742401
988	0.12387159466743469	-0.29790300130844116	-0.42177459597587585
989	0.12389635294675827	-0.297853484749794	-0.4217498376965523
990	0.12389974296092987	-0.2978467047214508	-0.4217464476823807
991	0.12390086054801941	-0.29784446954727173	-0.42174533009529114
992	0.12388300150632858	-0.2978801876306534	-0.42176318913698196
993	0.12390145659446716	-0.2978432774543762	-0.4217447340488434
994	0.1238890141248703	-0.29786816239356995	-0.42175717651844025
995	0.12389853596687317	-0.2978491187095642	-0.4217476546764374
996	0.12389124929904938	-0.2978636920452118	-0.42175494134426117
997	0.1239003837108612	-0.29784542322158813	-0.42174580693244934
998	0.12386094033718109	-0.29792430996894836	-0.42178525030612946
999	0.1238756850361824	-0.29789482057094574	-0.42177050560712814
1000	0.12388316541910172	-0.2978798598051071	-0.42176302522420883
1001	0.12390406429767609	-0.2978380620479584	-0.42174212634563446
1002	0.1238732859492302	-0.29789961874485016	-0.42177290469408035
1003	0.1238875538110733	-0.29787108302116394	-0.42175863683223724
1004	0.12387941032648087	-0.2978873699903488	-0.4217667803168297
1005	0.12389661371707916	-0.2978529632091522	-0.4217495769262314
1006	0.1239047646522522	-0.29783666133880615	-0.42174142599105835
1007	0.1238933578133583	-0.29785947501659393	-0.42175283282995224
1008	0.12386567890644073	-0.2979148328304291	-0.4217805117368698
1009	0.12388182431459427	-0.297882542014122	-0.4217643663287163
1010	0.1238858625292778	-0.29787446558475494	-0.42176032811403275
1011	0.1239025741815567	-0.29784104228019714	-0.42174361646175385
1012	0.1239006519317627	-0.29784488677978516	-0.42174553871154785
1013	0.12390277534723282	-0.2978406399488449	-0.42174341529607773
1014	0.12389308214187622	-0.2978600263595581	-0.4217531085014343
1015	0.1238861009478569	-0.29787398874759674	-0.42176008969545364
1016	0.12385789304971695	-0.29793040454387665	-0.4217882975935936
1017	0.12387477606534958	-0.2978966385126114	-0.42177141457796097
1018	0.12387809157371521	-0.2978900074958801	-0.42176809906959534
1019	0.12389200180768967	-0.2978621870279312	-0.4217541888356209
1020	0.12388969212770462	-0.2978668063879013	-0.4217564985156059
1021	0.12390442192554474	-0.29783734679222107	-0.4217417687177658
1022	0.12387561053037643	-0.2978949695825577	-0.4217705801129341
1023	0.123860664665699	-0.29792486131191254	-0.42178552597761154
1024	0.12388351559638977	-0.297879159450531	-0.4217626750469208
1025	0.12390030175447464	-0.29784558713436127	-0.4217458888888359
1026	0.12388540804386139	-0.29787537455558777	-0.42176078259944916
1027	0.12389574944972992	-0.2978546917438507	-0.4217504411935806
1028	0.12388832867145538	-0.2978695333003998	-0.42175786197185516
1029	0.12390512973070145	-0.29783593118190765	-0.4217410609126091
1030	0.1239061951637268	-0.29783380031585693	-0.42173999547958374
1031	0.12389236688613892	-0.2978614568710327	-0.42175382375717163
1032	0.12387344986200333	-0.2978992909193039	-0.4217727407813072
1033	0.12387390434741974	-0.29789838194847107	-0.4217722862958908
1034	0.12384124845266342	-0.2979636937379837	-0.4218049421906471
1035	0.12385838478803635	-0.29792942106723785	-0.4217878058552742
1036	0.12385915964841843	-0.2979278713464737	-0.4217870309948921
1037	0.12387632578611374	-0.29789353907108307	-0.4217698648571968
1038	0.1238710954785347	-0.29790399968624115	-0.42177509516477585
1039	0.12388622015714645	-0.29787375032901764	-0.4217599704861641
1040	0.12384190410375595	-0.29796238243579865	-0.4218042865395546
1041	0.12386292964220047	-0.2979203313589096	-0.4217832610011101
1042	0.12385371327400208	-0.2979387640953064	-0.42179247736930847
1043	0.12386435270309448	-0.2979174852371216	-0.42178183794021606
1044	0.12388475984334946	-0.29787667095661163	-0.4217614307999611
1045	0.12387289106845856	-0.29790040850639343	-0.421773299574852
1046	0.12387600541114807	-0.2978941798210144	-0.4217701852321625
1047	0.1238759458065033	-0.29789429903030396	-0.42177024483680725
1048	0.12387720495462418	-0.2978917807340622	-0.42176898568868637
1049	0.12389169633388519	-0.29786279797554016	-0.42175449430942535
1050	0.12389999628067017	-0.2978461980819702	-0.4217461943626404
1051	0.12390405684709549	-0.29783807694911957	-0.42174213379621506
1052	0.12388386577367783	-0.2978784590959549	-0.4217623248696327
1053	0.12387755513191223	-0.2978910803794861	-0.4217686355113983
1054	0.12389680743217468	-0.2978525757789612	-0.42174938321113586
1055	0.12390491366386414	-0.2978363633155823	-0.4217412769794464
1056	0.12387535721063614	-0.29789547622203827	-0.4217708334326744
1057	0.12388556450605392	-0.2978750616312027	-0.4217606261372566
1058	0.12387862056493759	-0.29788894951343536	-0.42176757007837296
1059	0.12389995157718658	-0.2978462874889374	-0.42174623906612396
1060	0.12390494346618652	-0.2978363037109375	-0.421741247177124
1061	0.12387166172266006	-0.2979028671979904	-0.4217745289206505
1062	0.12388830631971359	-0.29786957800388336	-0.42175788432359695
1063	0.12388953566551208	-0.2978671193122864	-0.42175665497779846
1064	0.12390691787004471	-0.29783235490322113	-0.42173927277326584
1065	0.12388621270656586	-0.29787376523017883	-0.4217599779367447
1066	0.12388107180595398	-0.2978840470314026	-0.42176511883735657
1067	0.12390293926000595	-0.29784031212329865	-0.4217432513833046
1068	0.12390924990177155	-0.29782769083976746	-0.421736940741539
1069	0.12390386313199997	-0.2978384643793106	-0.4217423275113106
1070	0.12390962243080139	-0.29782694578170776	-0.42173656821250916
1071	0.12391063570976257	-0.2978249192237854	-0.421735554933548
1072	0.12391117960214615	-0.29782383143901825	-0.4217350110411644
1073	0.1239122524857521	-0.29782168567180634	-0.42173393815755844
1074	0.1238497719168663	-0.29794664680957794	-0.42179641872644424
1075	0.12377461045980453	-0.2980969697237015	-0.421871580183506
1076	0.12377940863370895	-0.29808737337589264	-0.4218667820096016
1077	0.12380847334861755	-0.29802924394607544	-0.421837717294693
1078	0.12379524856805801	-0.2980556935071945	-0.42185094207525253
1079	0.12378887087106705	-0.29806844890117645	-0.4218573197722435
1080	0.12381455302238464	-0.29801708459854126	-0.4218316376209259
1081	0.12382203340530396	-0.29800212383270264	-0.4218241572380066
1082	0.12380873411893845	-0.29802872240543365	-0.4218374565243721
1083	0.12382251024246216	-0.29800117015838623	-0.4218236804008484
1084	0.12382862716913223	-0.2979889363050461	-0.4218175634741783
1085	0.1238323226571083	-0.29798154532909393	-0.42181386798620224
1086	0.12383390963077545	-0.29797837138175964	-0.4218122810125351
1087	0.12381581962108612	-0.2980145514011383	-0.4218303710222244
1088	0.1237376257777214	-0.29817093908786774	-0.42190856486558914
1089	0.12374228984117508	-0.2981616109609604	-0.42190390080213547
1090	0.12377064675092697	-0.2981048971414566	-0.4218755438923836
1091	0.1237524151802063	-0.29814136028289795	-0.42189377546310425
1092	0.12375261634588242	-0.2981409579515457	-0.42189357429742813
1093	0.12375513464212418	-0.2981359213590622	-0.42189105600118637
1094	0.12374486029148102	-0.2981564700603485	-0.42190133035182953
1095	0.12374625355005264	-0.29815368354320526	-0.4218999370932579
1096	0.12376773357391357	-0.2981107234954834	-0.421878457069397
1097	0.12376997619867325	-0.29810623824596405	-0.4218762144446373
1098	0.123763807117939	-0.29811857640743256	-0.42188238352537155
1099	0.1237497553229332	-0.29814667999744415	-0.42189643532037735
1100	0.12377508729696274	-0.29809601604938507	-0.4218711033463478
1101	0.1237587183713913	-0.29812875390052795	-0.42188747227191925
1102	0.12376391887664795	-0.29811835289001465	-0.4218822717666626
1103	0.12377944588661194	-0.29808729887008667	-0.4218667447566986
1104	0.12378329783678055	-0.29807959496974945	-0.42186289280653
1105	0.12378747761249542	-0.2980712354183197	-0.4218587130308151
1106	0.12379363924264908	-0.2980589121580124	-0.42185255140066147
1107	0.12374084442853928	-0.298164501786232	-0.42190534621477127
1108	0.12375076860189438	-0.2981446534395218	-0.42189542204141617
1109	0.12373605370521545	-0.29817408323287964	-0.4219101369380951
1110	0.12375754863023758	-0.2981310933828354	-0.42188864201307297
1111	0.12375166267156601	-0.29814286530017853	-0.42189452797174454
1112	0.12374471873044968	-0.2981567531824112	-0.42190147191286087
1113	0.1237369105219841	-0.29817236959934235	-0.42190928012132645
1114	0.12374952435493469	-0.29814714193344116	-0.42189666628837585
1115	0.12374592572450638	-0.2981543391942978	-0.42190026491880417
1116	0.12377449125051498	-0.2980972081422806	-0.42187169939279556
1117	0.12375692278146744	-0.29813234508037567	-0.4218892678618431
1118	0.1237512081861496	-0.29814377427101135	-0.42189498245716095
1119	0.12377545237541199	-0.2980952858924866	-0.42187073826789856
1120	0.12378671765327454	-0.2980727553367615	-0.421859472990036
1121	0.12377040088176727	-0.298105388879776	-0.4218757897615433
1122	0.12375673651695251	-0.2981327176094055	-0.42188945412635803
1123	0.12377102673053741	-0.2981041371822357	-0.42187516391277313
1124	0.12378484755754471	-0.29807649552822113	-0.42186134308576584
1125	0.12375695258378983	-0.2981322854757309	-0.4218892380595207
1126	0.12376237660646439	-0.2981214374303818	-0.42188381403684616
1127	0.1237659677863121	-0.29811425507068634	-0.42188022285699844
1128	0.12378630042076111	-0.29807358980178833	-0.42185989022254944
1129	0.1237887293100357	-0.29806873202323914	-0.42185746133327484
1130	0.12379120290279388	-0.2980637848377228	-0.42185498774051666
1131	0.12379148602485657	-0.2980632185935974	-0.421854704618454
1132	0.12372484803199768	-0.2981964945793152	-0.42192134261131287
1133	0.1237272173166275	-0.29819175601005554	-0.42191897332668304
1134	0.12377342581748962	-0.2980993390083313	-0.4218727648258209
1135	0.1237669512629509	-0.29811228811740875	-0.42187923938035965
1136	0.12377528101205826	-0.29809562861919403	-0.4218709096312523
1137	0.12377533316612244	-0.2980955243110657	-0.4218708574771881
1138	0.1237800344824791	-0.29808612167835236	-0.42186615616083145
1139	0.12371957302093506	-0.29820704460144043	-0.4219266176223755
1140	0.12370605766773224	-0.29823407530784607	-0.4219401329755783
1141	0.12374323606491089	-0.29815971851348877	-0.42190295457839966
1142	0.12375929951667786	-0.29812759160995483	-0.4218868911266327
1143	0.12373758852481842	-0.2981710135936737	-0.4219086021184921
1144	0.12372743338346481	-0.2981913238763809	-0.42191875725984573
1145	0.12376144528388977	-0.298123300075531	-0.4218847453594208
1146	0.1237671971321106	-0.29811179637908936	-0.42187899351119995
1147	0.12368734925985336	-0.2982714921236038	-0.4219588413834572
1148	0.12366709113121033	-0.2983120083808899	-0.4219790995121002
1149	0.12367405742406845	-0.29829807579517365	-0.4219721332192421
1150	0.12368568778038025	-0.29827481508255005	-0.4219605028629303
1151	0.12369968742132187	-0.2982468158006668	-0.4219465032219887
1152	0.12371249496936798	-0.2982212007045746	-0.42193369567394257
1153	0.12370770424604416	-0.29823078215122223	-0.4219384863972664
1154	0.12368945777416229	-0.29826727509498596	-0.42195673286914825
1155	0.12370704114437103	-0.2982321083545685	-0.4219391494989395
1156	0.12371483445167542	-0.2982165217399597	-0.42193135619163513
1157	0.12371964007616043	-0.2982069104909897	-0.4219265505671501
1158	0.12370306253433228	-0.298240065574646	-0.42194312810897827
1159	0.12368375808000565	-0.29827867448329926	-0.4219624325633049
1160	0.12369509786367416	-0.2982559949159622	-0.4219510927796364
1161	0.12370745837688446	-0.2982312738895416	-0.4219387322664261
1162	0.1237112507224083	-0.29822368919849396	-0.42193493992090225
1163	0.12372057139873505	-0.29820504784584045	-0.4219256192445755
1164	0.12372126430273056	-0.2982036620378494	-0.42192492634058
1165	0.1237243190407753	-0.29819755256175995	-0.42192187160253525
1166	0.12370936572551727	-0.298227459192276	-0.4219368249177933
1167	0.12369479238986969	-0.29825660586357117	-0.42195139825344086
1168	0.12372443825006485	-0.29819731414318085	-0.4219217523932457
1169	0.1237071081995964	-0.29823197424411774	-0.42193908244371414
1170	0.12369706481695175	-0.29825206100940704	-0.4219491258263588
1171	0.12370837479829788	-0.2982294410467148	-0.42193781584501266
1172	0.12370321154594421	-0.2982397675514221	-0.42194297909736633
1173	0.12372453510761261	-0.2981971204280853	-0.42192165553569794
1174	0.12372034788131714	-0.29820549488067627	-0.4219258427619934
1175	0.12369779497385025	-0.29825060069561005	-0.4219483956694603
1176	0.1237187311053276	-0.29820872843265533	-0.42192745953798294
1177	0.12372516095638275	-0.29819586873054504	-0.4219210296869278
1178	0.12367293983697891	-0.2983003109693527	-0.42197325080633163
1179	0.12368163466453552	-0.2982829213142395	-0.421964555978775
1180	0.12368246167898178	-0.298281267285347	-0.42196372896432877
1181	0.12370578944683075	-0.29823461174964905	-0.4219404011964798
1182	0.12371742725372314	-0.29821133613586426	-0.4219287633895874
1183	0.12371194362640381	-0.29822230339050293	-0.42193424701690674
1184	0.12369310855865479	-0.298259973526001	-0.42195308208465576
1185	0.1237277165055275	-0.29819075763225555	-0.42191847413778305
1186	0.12371440976858139	-0.29821737110614777	-0.42193178087472916
1187	0.12371635437011719	-0.29821348190307617	-0.42192983627319336
1188	0.12372328341007233	-0.2981996238231659	-0.4219229072332382
1189	0.12372427433729172	-0.2981976419687271	-0.42192191630601883
1190	0.12372440099716187	-0.2981973886489868	-0.4219217896461487
1191	0.12372883409261703	-0.2981885224580765	-0.4219173565506935
1192	0.12372966855764389	-0.29818685352802277	-0.42191652208566666
1193	0.12373058497905731	-0.2981850206851959	-0.42191560566425323
1194	0.12373066693544388	-0.2981848567724228	-0.42191552370786667
1195	0.1237182691693306	-0.29820965230464935	-0.42192792147397995
1196	0.12373162806034088	-0.2981829345226288	-0.42191456258296967
1197	0.12373196333646774	-0.29818226397037506	-0.4219142273068428
1198	0.12373214215040207	-0.2981819063425064	-0.4219140484929085
1199	0.12373404204845428	-0.298178106546402	-0.42191214859485626
1200	0.12373454123735428	-0.298177108168602	-0.42191164940595627
1201	0.12373609840869904	-0.2981739938259125	-0.4219100922346115
1202	0.12373654544353485	-0.29817309975624084	-0.4219096451997757
1203	0.12371502816677094	-0.2982161343097687	-0.4219311624765396
1204	0.1237168088555336	-0.29821257293224335	-0.42192938178777695
1205	0.1237122192978859	-0.29822175204753876	-0.42193397134542465
1206	0.12368683516979218	-0.2982725203037262	-0.42195935547351837
1207	0.12370239943265915	-0.29824139177799225	-0.4219437912106514
1208	0.12370879203081131	-0.2982286065816879	-0.42193739861249924
1209	0.1237141564488411	-0.29821787774562836	-0.42193203419446945
1210	0.12372050434350967	-0.2982051819562912	-0.4219256862998009
1211	0.12369707226753235	-0.29825204610824585	-0.4219491183757782
1212	0.12371211498975754	-0.29822196066379547	-0.421934075653553
1213	0.12372023612260818	-0.2982057183980942	-0.42192595452070236
1214	0.12372219562530518	-0.2982017993927002	-0.42192399501800537
1215	0.12372664362192154	-0.29819290339946747	-0.421919547021389
1216	0.12371788918972015	-0.29821041226387024	-0.4219283014535904
1217	0.12369070202112198	-0.2982647866010666	-0.42195548862218857
1218	0.12370835244655609	-0.29822948575019836	-0.42193783819675446
1219	0.12371277064085007	-0.2982206493616104	-0.4219334200024605
1220	0.1237262710928917	-0.29819364845752716	-0.42191991955041885
1221	0.12372798472642899	-0.2981902211904526	-0.42191820591688156
1222	0.1237294152379036	-0.29818736016750336	-0.42191677540540695
1223	0.12372434139251709	-0.29819750785827637	-0.42192184925079346
1224	0.12370359897613525	-0.29823899269104004	-0.4219425916671753
1225	0.12372884899377823	-0.2981884926557541	-0.4219173416495323
1226	0.12372948229312897	-0.2981872260570526	-0.4219167083501816
1227	0.12373089045286179	-0.298184409737587	-0.42191530019044876
1228	0.12373236566781998	-0.2981814593076706	-0.42191382497549057
1229	0.12367156893014908	-0.2983030527830124	-0.42197462171316147
1230	0.12368088960647583	-0.2982844114303589	-0.4219653010368347
1231	0.12371383607387543	-0.2982185184955597	-0.4219323545694351
1232	0.12370583415031433	-0.2982345223426819	-0.4219403564929962
1233	0.12371513247489929	-0.29821592569351196	-0.42193105816841125
1234	0.123726986348629	-0.29819221794605255	-0.42191920429468155
1235	0.12370006740093231	-0.2982460558414459	-0.42194612324237823
1236	0.12369279563426971	-0.2982605993747711	-0.42195339500904083
1237	0.12373141199350357	-0.2981833666563034	-0.421914778649807
1238	0.12372716516256332	-0.2981918603181839	-0.4219190254807472
1239	0.12373264878988266	-0.2981808930635452	-0.4219135418534279
1240	0.12373282015323639	-0.29818055033683777	-0.42191337049007416
1241	0.12372104823589325	-0.29820409417152405	-0.4219251424074173
1242	0.1236998662352562	-0.29824645817279816	-0.42194632440805435
1243	0.12372728437185287	-0.2981916218996048	-0.42191890627145767
1244	0.12373291701078415	-0.29818035662174225	-0.4219132736325264
1245	0.1237344890832901	-0.29817721247673035	-0.42191170156002045
1246	0.12373555451631546	-0.2981750816106796	-0.4219106361269951
1247	0.1237165629863739	-0.29821306467056274	-0.42192962765693665
1248	0.12370139360427856	-0.2982434034347534	-0.421944797039032
1249	0.12373559921979904	-0.29817499220371246	-0.4219105914235115
1250	0.12373572587966919	-0.29817473888397217	-0.42191046476364136
1251	0.12371279299259186	-0.29822060465812683	-0.4219333976507187
1252	0.12369877845048904	-0.29824863374233246	-0.4219474121928215
1253	0.12373576313257217	-0.2981746643781662	-0.4219104275107384
1254	0.12367099523544312	-0.2983042001724243	-0.42197519540786743
1255	0.12368153035640717	-0.2982831299304962	-0.4219646602869034
1256	0.1237090602517128	-0.29822807013988495	-0.42193713039159775
1257	0.12371164560317993	-0.2982228994369507	-0.4219345450401306
1258	0.1237129271030426	-0.29822033643722534	-0.42193326354026794
1259	0.12372519075870514	-0.29819580912590027	-0.4219209998846054
1260	0.12369883060455322	-0.2982485294342041	-0.4219473600387573
1261	0.12369030714035034	-0.29826557636260986	-0.4219558835029602
1262	0.12373479455709457	-0.2981766015291214	-0.421911396086216
1263	0.12373168766498566	-0.29818281531333923	-0.4219145029783249
1264	0.12373559176921844	-0.29817500710487366	-0.4219105988740921
1265	0.12373610585927963	-0.2981739789247513	-0.4219100847840309
1266	0.12373676896095276	-0.29817265272140503	-0.4219094216823578
1267	0.1237373948097229	-0.29817140102386475	-0.42190879583358765
1268	0.12373757362365723	-0.2981710433959961	-0.4219086170196533
1269	0.12371611595153809	-0.2982139587402344	-0.42193007469177246
1270	0.12372592091560364	-0.29819434881210327	-0.4219202697277069
1271	0.12373163551092148	-0.2981829196214676	-0.42191455513238907
1272	0.12373682111501694	-0.2981725484132767	-0.4219093695282936
1273	0.12373790889978409	-0.29817037284374237	-0.42190828174352646
1274	0.12371665984392166	-0.2982128709554672	-0.4219295307993889
1275	0.1237039566040039	-0.29823827743530273	-0.42194223403930664
1276	0.12373808771371841	-0.2981700152158737	-0.42190810292959213
1277	0.12372680753469467	-0.2981925755739212	-0.4219193831086159
1278	0.12370451539754868	-0.2982371598482132	-0.42194167524576187
1279	0.12372925877571106	-0.2981876730918884	-0.4219169318675995
1280	0.12373799830675125	-0.29817019402980804	-0.4219081923365593
1281	0.12373826652765274	-0.29816965758800507	-0.4219079241156578
1282	0.12371872365474701	-0.29820874333381653	-0.42192746698856354
1283	0.12370172142982483	-0.2982427477836609	-0.4219444692134857
1284	0.1237383559346199	-0.29816947877407074	-0.42190783470869064
1285	0.12373906373977661	-0.2981680631637573	-0.42190712690353394
1286	0.12373555451631546	-0.2981750816106796	-0.4219106361269951
1287	0.12370449304580688	-0.2982372045516968	-0.42194169759750366
1288	0.12373925000429153	-0.2981676906347275	-0.421906940639019
1289	0.12373943626880646	-0.29816731810569763	-0.4219067543745041
1290	0.1237279400229454	-0.29819031059741974	-0.42191825062036514
1291	0.12370041012763977	-0.298245370388031	-0.4219457805156708
1292	0.12372878938913345	-0.29818861186504364	-0.4219174012541771
1293	0.12373972684144974	-0.29816673696041107	-0.4219064638018608
1294	0.12371432781219482	-0.2982175350189209	-0.4219318628311157
1295	0.123722143471241	-0.29820190370082855	-0.42192404717206955
1296	0.12372729182243347	-0.2981916069984436	-0.4219188988208771
1297	0.1237356960773468	-0.29817479848861694	-0.42191049456596375
1298	0.1237405315041542	-0.29816512763500214	-0.42190565913915634
1299	0.12374057620763779	-0.298165038228035	-0.42190561443567276
1300	0.1237083226442337	-0.29822954535484314	-0.42193786799907684
1301	0.12374107539653778	-0.298164039850235	-0.42190511524677277
1302	0.12373890727758408	-0.2981683760881424	-0.42190728336572647
1303	0.12372324615716934	-0.29819969832897186	-0.4219229444861412
1304	0.12370511144399643	-0.2982359677553177	-0.4219410791993141
1305	0.12374108284711838	-0.2981640249490738	-0.42190510779619217
1306	0.12367944419384003	-0.2982873022556305	-0.4219667464494705
1307	0.12369894981384277	-0.298248291015625	-0.4219472408294678
1308	0.12374117225408554	-0.29816384613513947	-0.421905018389225
1309	0.12368074804544449	-0.29828469455242157	-0.42196544259786606
1310	0.12370143085718155	-0.29824332892894745	-0.421944759786129
1311	0.12374117970466614	-0.29816383123397827	-0.4219050109386444
1312	0.12374178320169449	-0.29816262423992157	-0.42190440744161606
1313	0.12373103946447372	-0.2981841117143631	-0.4219151511788368
1314	0.12370208650827408	-0.2982420176267624	-0.42194410413503647
1315	0.1237291693687439	-0.29818785190582275	-0.42191702127456665
1316	0.12374266237020493	-0.2981608659029007	-0.4219035282731056
1317	0.1237068697810173	-0.29823245108127594	-0.42193932086229324
1318	0.12373197823762894	-0.2981822341680527	-0.4219142124056816
1319	0.12373661249876022	-0.2981729656457901	-0.4219095781445503
1320	0.1237376481294632	-0.29817089438438416	-0.42190854251384735
1321	0.12374280393123627	-0.298160582780838	-0.4219033867120743
1322	0.12374287843704224	-0.2981604337692261	-0.4219033122062683
1323	0.12374309450387955	-0.29816000163555145	-0.421903096139431
1324	0.12374312430620193	-0.2981599420309067	-0.4219030663371086
1325	0.12364383041858673	-0.2983585298061371	-0.4220023602247238
1326	0.12366800755262375	-0.29831017553806305	-0.4219781830906868
1327	0.12367147952318192	-0.2983032315969467	-0.42197471112012863
1328	0.12367624044418335	-0.29829370975494385	-0.4219699501991272
1329	0.12368123978376389	-0.2982837110757828	-0.42196495085954666
1330	0.12368272989988327	-0.298280730843544	-0.4219634607434273
1331	0.12368764728307724	-0.29827089607715607	-0.4219585433602333
1332	0.12367811799049377	-0.298289954662323	-0.4219680726528168
1333	0.12365809828042984	-0.29832999408245087	-0.4219880923628807
1334	0.12368794530630112	-0.2982703000307083	-0.42195824533700943
1335	0.12367229908704758	-0.2983015924692154	-0.42197389155626297
1336	0.12363986670970917	-0.2983664572238922	-0.4220063239336014
1337	0.1236645057797432	-0.29831717908382416	-0.42198168486356735
1338	0.12366504222154617	-0.2983161062002182	-0.4219811484217644
1339	0.12367506325244904	-0.2982960641384125	-0.4219711273908615
1340	0.12367285788059235	-0.29830047488212585	-0.4219733327627182
1341	0.12364420294761658	-0.2983577847480774	-0.42200198769569397
1342	0.12367095798254013	-0.2983042746782303	-0.4219752326607704
1343	0.12367648631334305	-0.29829321801662445	-0.4219697043299675
1344	0.1236795037984848	-0.29828718304634094	-0.42196668684482574
1345	0.12369410693645477	-0.298257976770401	-0.4219520837068558
1346	0.12369543313980103	-0.2982553243637085	-0.4219507575035095
1347	0.12369642406702042	-0.2982533425092697	-0.42194976657629013
1348	0.1237017884850502	-0.29824261367321014	-0.42194440215826035
1349	0.12368877232074738	-0.2982686460018158	-0.42195741832256317
1350	0.1236986592411995	-0.29824887216091156	-0.42194753140211105
1351	0.12370369583368301	-0.2982387989759445	-0.42194249480962753
1352	0.12367445230484009	-0.29829728603363037	-0.42197173833847046
1353	0.12369348853826523	-0.2982592135667801	-0.4219527021050453
1354	0.1237058937549591	-0.29823440313339233	-0.42194029688835144
1355	0.12366671115159988	-0.2983127683401108	-0.42197947949171066
1356	0.12367988377809525	-0.29828642308712006	-0.4219663068652153
1357	0.1236923411488533	-0.29826150834560394	-0.42195384949445724
1358	0.12370128929615021	-0.29824361205101013	-0.42194490134716034
1359	0.12366099655628204	-0.29832419753074646	-0.4219851940870285
1360	0.1236947774887085	-0.29825663566589355	-0.42195141315460205
1361	0.12370296567678452	-0.2982402592897415	-0.42194322496652603
1362	0.12370859086513519	-0.29822900891304016	-0.42193759977817535
1363	0.12370879203081131	-0.2982286065816879	-0.42193739861249924
1364	0.12370892614126205	-0.29822833836078644	-0.4219372645020485
1365	0.12371062487363815	-0.29822494089603424	-0.4219355657696724
1366	0.12364812940359116	-0.29834993183612823	-0.4219980612397194
1367	0.12367202341556549	-0.29830214381217957	-0.42197416722774506
1368	0.12368496507406235	-0.29827626049518585	-0.4219612255692482
1369	0.12369420379400253	-0.2982577830553055	-0.421951986849308
1370	0.12369432300329208	-0.2982575446367264	-0.42195186764001846
1371	0.12367875128984451	-0.2982886880636215	-0.42196743935346603
1372	0.12366228550672531	-0.2983216196298599	-0.42198390513658524
1373	0.12369577586650848	-0.2982546389102936	-0.42195041477680206
1374	0.12370260804891586	-0.2982409745454788	-0.4219435825943947
1375	0.12371117621660233	-0.2982238382101059	-0.4219350144267082
1376	0.12366386502981186	-0.29831846058368683	-0.4219823256134987
1377	0.12367052584886551	-0.29830513894557953	-0.42197566479444504
1378	0.12367379665374756	-0.29829859733581543	-0.421972393989563
1379	0.12368176877498627	-0.298282653093338	-0.4219644218683243
1380	0.12368689477443695	-0.29827240109443665	-0.4219592958688736
1381	0.12368907779455185	-0.29826803505420685	-0.4219571128487587
1382	0.12370215356349945	-0.29824188351631165	-0.4219440370798111
1383	0.12370260804891586	-0.2982409745454788	-0.4219435825943947
1384	0.12368776649236679	-0.29827065765857697	-0.42195842415094376
1385	0.12367485463619232	-0.2982964813709259	-0.4219713360071182
1386	0.12369576841592789	-0.2982546538114548	-0.42195042222738266
1387	0.12368161231279373	-0.2982829660177231	-0.4219645783305168
1388	0.12368510663509369	-0.29827597737312317	-0.42196108400821686
1389	0.12367074191570282	-0.2983047068119049	-0.4219754487276077
1390	0.1236509159207344	-0.29834435880184174	-0.42199527472257614
1391	0.12368873506784439	-0.29826872050762177	-0.42195745557546616
1392	0.12367409467697144	-0.2982980012893677	-0.4219720959663391
1393	0.12369722872972488	-0.2982517331838608	-0.42194896191358566
1394	0.12367402762174606	-0.2982981353998184	-0.4219721630215645
1395	0.12369366735219955	-0.29825885593891144	-0.421952523291111
1396	0.12369807064533234	-0.2982500493526459	-0.4219481199979782
1397	0.12369506806135178	-0.298256054520607	-0.42195112258195877
1398	0.12367848306894302	-0.2982892245054245	-0.4219677075743675
1399	0.12370114028453827	-0.298243910074234	-0.4219450503587723
1400	0.12370269745588303	-0.2982407957315445	-0.4219434931874275
1401	0.12370432913303375	-0.29823753237724304	-0.4219418615102768
1402	0.12370534241199493	-0.2982355058193207	-0.4219408482313156
1403	0.12366469204425812	-0.2983168065547943	-0.42198149859905243
1404	0.12368614971637726	-0.29827389121055603	-0.4219600409269333
1405	0.12369375675916672	-0.2982586771249771	-0.42195243388414383
1406	0.12369491904973984	-0.29825635254383087	-0.4219512715935707
1407	0.12369827926158905	-0.29824963212013245	-0.4219479113817215
1408	0.1237056627869606	-0.29823486506938934	-0.42194052785634995
1409	0.12365352362394333	-0.2983391433954239	-0.4219926670193672
1410	0.12368379533290863	-0.2982785999774933	-0.4219623953104019
1411	0.1236860528588295	-0.29827408492565155	-0.42196013778448105
1412	0.12368817627429962	-0.2982698380947113	-0.4219580143690109
1413	0.1236955001950264	-0.29825519025325775	-0.42195069044828415
1414	0.12370248138904572	-0.2982412278652191	-0.42194370925426483
1415	0.12370805442333221	-0.2982300817966461	-0.42193813621997833
1416	0.12370824068784714	-0.29822970926761627	-0.4219379499554634
1417	0.12369052320718765	-0.29826514422893524	-0.4219556674361229
1418	0.1236707791686058	-0.29830463230609894	-0.42197541147470474
1419	0.12370936572551727	-0.298227459192276	-0.4219368249177933
1420	0.1237046867609024	-0.29823681712150574	-0.42194150388240814
1421	0.12366358935832977	-0.298319011926651	-0.4219826012849808
1422	0.12369199097156525	-0.29826220870018005	-0.4219541996717453
1423	0.12369367480278015	-0.29825884103775024	-0.4219525158405304
1424	0.12369991093873978	-0.298246368765831	-0.42194627970457077
1425	0.1237005963921547	-0.29824499785900116	-0.42194559425115585
1426	0.12370568513870239	-0.29823482036590576	-0.42194050550460815
1427	0.12371017783880234	-0.29822583496570587	-0.4219360128045082
1428	0.12370799481868744	-0.29823020100593567	-0.4219381958246231
1429	0.12368970364332199	-0.29826678335666656	-0.42195648699998856
1430	0.12371088564395905	-0.29822441935539246	-0.4219353049993515
1431	0.12371104955673218	-0.2982240915298462	-0.42193514108657837
1432	0.12371134012937546	-0.29822351038455963	-0.4219348505139351
1433	0.12371247261762619	-0.29822124540805817	-0.42193371802568436
1434	0.12371297180652618	-0.2982202470302582	-0.42193321883678436
1435	0.12370900809764862	-0.2982281744480133	-0.4219371825456619
1436	0.12369435280561447	-0.2982574850320816	-0.4219518378376961
1437	0.12370387464761734	-0.29823844134807587	-0.4219423159956932
1438	0.1236768513917923	-0.29829248785972595	-0.42196933925151825
1439	0.12368456274271011	-0.2982770651578903	-0.42196162790060043
1440	0.12368565797805786	-0.2982748746871948	-0.4219605326652527
1441	0.12368600070476532	-0.2982741892337799	-0.4219601899385452
1442	0.12368706613779068	-0.2982720583677292	-0.42195912450551987
1443	0.12369284778833389	-0.29826049506664276	-0.42195334285497665
1444	0.12370843440294266	-0.29822932183742523	-0.4219377562403679
1445	0.1237100213766098	-0.29822614789009094	-0.42193616926670074
1446	0.12371350824832916	-0.2982191741466522	-0.4219326823949814
1447	0.12367715686559677	-0.298291876912117	-0.4219690337777138
1448	0.12369777262210846	-0.29825064539909363	-0.4219484180212021
1449	0.12370716780424118	-0.2982318550348282	-0.42193902283906937
1450	0.12371203303337097	-0.2982221245765686	-0.4219341576099396
1451	0.12371354550123215	-0.29821909964084625	-0.4219326451420784
1452	0.12368297576904297	-0.2982802391052246	-0.4219632148742676
1453	0.12368691712617874	-0.29827235639095306	-0.4219592735171318
1454	0.12368950247764587	-0.2982671856880188	-0.4219566881656647
1455	0.12369120866060257	-0.2982637733221054	-0.421954981982708
1456	0.12369178235530853	-0.2982626259326935	-0.421954408288002
1457	0.1236942857503891	-0.29825761914253235	-0.42195190489292145
1458	0.12370800971984863	-0.2982301712036133	-0.4219381809234619
1459	0.12371400743722916	-0.29821817576885223	-0.4219321832060814
1460	0.12371088564395905	-0.29822441935539246	-0.4219353049993515
1461	0.12369067966938019	-0.29826483130455017	-0.42195551097393036
1462	0.12371401488780975	-0.29821816086769104	-0.4219321757555008
1463	0.1237143948674202	-0.29821740090847015	-0.42193179577589035
1464	0.12371447682380676	-0.298217236995697	-0.4219317138195038
1465	0.12371470034122467	-0.2982167899608612	-0.4219314903020859
1466	0.12371502816677094	-0.2982161343097687	-0.4219311624765396
1467	0.12371527403593063	-0.2982156425714493	-0.4219309166073799
1468	0.12368263304233551	-0.2982809245586395	-0.42196355760097504
1469	0.12368598580360413	-0.2982742190361023	-0.4219602048397064
1470	0.12369667738676071	-0.2982528358697891	-0.42194951325654984
1471	0.1237153559923172	-0.29821547865867615	-0.42193083465099335
1472	0.12368552386760712	-0.2982751429080963	-0.42196066677570343
1473	0.1236952468752861	-0.29825569689273834	-0.42195094376802444
1474	0.12370460480451584	-0.29823698103427887	-0.4219415858387947
1475	0.12370423972606659	-0.29823771119117737	-0.42194195091724396
1476	0.12370830029249191	-0.2982295900583267	-0.42193789035081863
1477	0.12371618300676346	-0.29821382462978363	-0.4219300076365471
1478	0.1236695870757103	-0.29830701649188995	-0.42197660356760025
1479	0.12370727211236954	-0.29823164641857147	-0.421938918530941
1480	0.12371661514043808	-0.2982129603624344	-0.42192957550287247
1481	0.12371676415205002	-0.2982126623392105	-0.42192942649126053
1482	0.12371676415205002	-0.2982126623392105	-0.42192942649126053
1483	0.12367984652519226	-0.298286497592926	-0.4219663441181183
1484	0.12370570003986359	-0.2982347905635834	-0.42194049060344696
1485	0.12370902299880981	-0.2982281446456909	-0.42193716764450073
1486	0.12371282279491425	-0.29822054505348206	-0.4219333678483963
1487	0.1237172782421112	-0.29821163415908813	-0.42192891240119934
1488	0.12371733784675598	-0.2982115149497986	-0.42192885279655457
1489	0.12371764332056046	-0.29821090400218964	-0.4219285473227501
1490	0.12371769547462463	-0.2982107996940613	-0.4219284951686859
1491	0.12371771037578583	-0.2982107698917389	-0.4219284802675247
1492	0.12371771037578583	-0.2982107698917389	-0.4219284802675247
1493	0.12368211150169373	-0.2982819676399231	-0.4219640791416168
1494	0.12369358539581299	-0.29825901985168457	-0.42195260524749756
1495	0.12369511276483536	-0.29825596511363983	-0.4219510778784752
1496	0.12369659543037415	-0.29825299978256226	-0.4219495952129364
1497	0.12370488792657852	-0.2982364147901535	-0.421941302716732
1498	0.12371791154146194	-0.29821036756038666	-0.4219282791018486
1499	0.12371812760829926	-0.29820993542671204	-0.4219280630350113
1500	0.12371817976236343	-0.2982098311185837	-0.4219280108809471
1501	0.12371823191642761	-0.2982097268104553	-0.42192795872688293
1502	0.12371768802404404	-0.2982108145952225	-0.4219285026192665
1503	0.12371832877397537	-0.2982095330953598	-0.4219278618693352
1504	0.1236802190542221	-0.29828575253486633	-0.42196597158908844
1505	0.12371011823415756	-0.2982259541749954	-0.421936072409153
1506	0.12371594458818436	-0.29821430146694183	-0.4219302460551262
1507	0.12371838837862015	-0.29820941388607025	-0.4219278022646904
1508	0.12371853739023209	-0.2982091158628464	-0.42192765325307846
1509	0.12368536740541458	-0.2982754558324814	-0.42196082323789597
1510	0.12368747591972351	-0.2982712388038635	-0.42195871472358704
1511	0.1236908882856369	-0.29826441407203674	-0.42195530235767365
1512	0.12369123846292496	-0.29826371371746063	-0.4219549521803856
1513	0.12369430065155029	-0.29825758934020996	-0.42195188999176025
1514	0.12369716167449951	-0.2982518672943115	-0.42194902896881104
1515	0.1237083449959755	-0.29822950065135956	-0.42193784564733505
1516	0.12371867895126343	-0.2982088327407837	-0.4219275116920471
1517	0.12371870130300522	-0.2982087880373001	-0.42192748934030533
1518	0.12371871620416641	-0.2982087582349777	-0.42192747443914413
1519	0.12371886521577835	-0.29820846021175385	-0.4219273254275322
1520	0.12371890246868134	-0.2982083857059479	-0.4219272881746292
1521	0.12369886040687561	-0.2982484698295593	-0.42194733023643494
1522	0.12371913343667984	-0.29820792376995087	-0.4219270572066307
1523	0.12371932715177536	-0.2982075363397598	-0.4219268634915352
1524	0.123719722032547	-0.29820674657821655	-0.42192646861076355
1525	0.12372010946273804	-0.2982059717178345	-0.4219260811805725
1526	0.1237046867609024	-0.29823681712150574	-0.42194150388240814
1527	0.12372013181447983	-0.2982059270143509	-0.4219260588288307
1528	0.12367593497037888	-0.2982943207025528	-0.42197025567293167
1529	0.12368109822273254	-0.29828399419784546	-0.421965092420578
1530	0.12369591742753983	-0.2982543557882309	-0.4219502732157707
1531	0.12370616942644119	-0.29823385179042816	-0.42194002121686935
1532	0.12369053065776825	-0.29826512932777405	-0.4219556599855423
1533	0.1236756220459938	-0.29829494655132294	-0.42197056859731674
1534	0.12368152290582657	-0.2982831448316574	-0.421964667737484
1535	0.1237020194530487	-0.29824215173721313	-0.42194417119026184
1536	0.12369290739297867	-0.2982603758573532	-0.4219532832503319
1537	0.1237000972032547	-0.29824599623680115	-0.42194609344005585
1538	0.12371325492858887	-0.2982196807861328	-0.4219329357147217
1539	0.12369533628225327	-0.298255518078804	-0.4219508543610573
1540	0.12370216101408005	-0.29824186861515045	-0.4219440296292305
1541	0.12371427565813065	-0.29821763932704926	-0.4219319149851799
1542	0.1237170547246933	-0.29821208119392395	-0.42192913591861725
1543	0.12371736019849777	-0.298211470246315	-0.4219288304448128
1544	0.12371306866407394	-0.29822005331516266	-0.4219331219792366
1545	0.12371326982975006	-0.2982196509838104	-0.4219329208135605
1546	0.12371790409088135	-0.29821038246154785	-0.4219282865524292
1547	0.1237185075879097	-0.29820917546749115	-0.42192768305540085
1548	0.12371262907981873	-0.2982209324836731	-0.4219335615634918
1549	0.12371757626533508	-0.2982110381126404	-0.42192861437797546
1550	0.12372010201215744	-0.29820598661899567	-0.4219260886311531
1551	0.12369507551193237	-0.2982560396194458	-0.4219511151313782
1552	0.1237017810344696	-0.29824262857437134	-0.42194440960884094
1553	0.12372016161680222	-0.2982058674097061	-0.42192602902650833
1554	0.123720183968544	-0.29820582270622253	-0.42192600667476654
1555	0.12372028082609177	-0.298205628991127	-0.4219259098172188
1556	0.12372028827667236	-0.2982056140899658	-0.4219259023666382
1557	0.12367814034223557	-0.2982899099588394	-0.421968050301075
1558	0.12370685487985611	-0.2982324808835983	-0.42193933576345444
1559	0.12371665239334106	-0.2982128858566284	-0.4219295382499695
1560	0.12372029572725296	-0.2982055991888046	-0.4219258949160576
1561	0.12366979569196701	-0.2983065992593765	-0.42197639495134354
1562	0.12369890511035919	-0.29824838042259216	-0.42194728553295135
1563	0.12369846552610397	-0.2982492595911026	-0.4219477251172066
1564	0.12370165437459946	-0.29824288189411163	-0.4219445362687111
1565	0.12372031807899475	-0.29820555448532104	-0.4219258725643158
1566	0.12372036278247833	-0.2982054650783539	-0.4219258278608322
1567	0.1237046867609024	-0.29823681712150574	-0.42194150388240814
1568	0.12372037023305893	-0.2982054501771927	-0.4219258204102516
1569	0.12368598580360413	-0.2982742190361023	-0.4219602048397064
1570	0.12370871752500534	-0.29822875559329987	-0.4219374731183052
1571	0.12372050434350967	-0.2982051819562912	-0.4219256862998009
1572	0.12371648848056793	-0.2982132136821747	-0.4219297021627426
1573	0.12370429188013077	-0.298237606883049	-0.4219418987631798
1574	0.12372074276208878	-0.298204705119133	-0.42192544788122177
1575	0.12372118979692459	-0.29820381104946136	-0.42192500084638596
1576	0.12371662259101868	-0.2982129454612732	-0.42192956805229187
1577	0.12370575964450836	-0.2982346713542938	-0.4219404309988022
1578	0.1237214058637619	-0.29820337891578674	-0.42192478477954865
1579	0.12370257824659348	-0.2982410341501236	-0.42194361239671707
1580	0.12371726334095001	-0.2982116639614105	-0.42192892730236053
1581	0.12372181564569473	-0.2982025593519211	-0.4219243749976158
1582	0.1237218901515007	-0.29820241034030914	-0.42192430049180984
1583	0.12372192740440369	-0.2982023358345032	-0.42192426323890686
1584	0.12372225522994995	-0.29820168018341064	-0.4219239354133606
1585	0.12372233718633652	-0.2982015162706375	-0.42192385345697403
1586	0.12370799481868744	-0.29823020100593567	-0.4219381958246231
1587	0.1236872598528862	-0.29827167093753815	-0.42195893079042435
1588	0.1237223669886589	-0.29820145666599274	-0.42192382365465164
1589	0.1237223744392395	-0.29820144176483154	-0.42192381620407104
1590	0.12372241169214249	-0.2982013672590256	-0.42192377895116806
1591	0.12372250109910965	-0.29820118844509125	-0.4219236895442009
1592	0.12370478361845016	-0.2982366234064102	-0.4219414070248604
1593	0.12371793389320374	-0.2982103228569031	-0.4219282567501068
1594	0.12372284382581711	-0.29820050299167633	-0.42192334681749344
1595	0.12372294068336487	-0.2982003092765808	-0.4219232499599457
1596	0.12364808470010757	-0.2983500212430954	-0.421998105943203
1597	0.12362946569919586	-0.2983872592449188	-0.4220167249441147
1598	0.1236734613776207	-0.29829926788806915	-0.42197272926568985
1599	0.12363698333501816	-0.29837222397327423	-0.4220092073082924
1600	0.12363733351230621	-0.2983715236186981	-0.42200885713100433
1601	0.12365349382162094	-0.29833920300006866	-0.4219926968216896
1602	0.12367638945579529	-0.29829341173171997	-0.42196980118751526
1603	0.12365033477544785	-0.29834552109241486	-0.4219958558678627
1604	0.12363574653863907	-0.2983746975660324	-0.4220104441046715
1605	0.12366946041584015	-0.29830726981163025	-0.4219767302274704
1606	0.1236637607216835	-0.29831866919994354	-0.42198242992162704
1607	0.12366168946027756	-0.29832281172275543	-0.421984501183033
1608	0.12366967648267746	-0.2983068376779556	-0.4219765141606331
1609	0.12368262559175491	-0.2982809394598007	-0.42196356505155563
1610	0.1236850693821907	-0.29827605187892914	-0.42196112126111984
1611	0.12367736548185349	-0.2982914596796036	-0.42196882516145706
1612	0.12368554621934891	-0.29827509820461273	-0.42196064442396164
1613	0.12367749214172363	-0.2982912063598633	-0.4219686985015869
1614	0.12368620187044144	-0.2982737869024277	-0.4219599887728691
1615	0.1236862987279892	-0.29827359318733215	-0.42195989191532135
1616	0.12367622554302216	-0.29829373955726624	-0.4219699651002884
1617	0.12368781119585037	-0.2982705682516098	-0.4219583794474602
1618	0.12368804961442947	-0.2982700914144516	-0.4219581410288811
1619	0.12369056791067123	-0.2982650548219681	-0.4219556227326393
1620	0.12369630485773087	-0.2982535809278488	-0.4219498857855797
1621	0.12369737774133682	-0.2982514351606369	-0.4219488129019737
1622	0.12369885295629501	-0.2982484847307205	-0.42194733768701553
1623	0.1236991286277771	-0.29824793338775635	-0.42194706201553345
1624	0.12370112538337708	-0.2982439398765564	-0.42194506525993347
1625	0.12370127439498901	-0.2982436418533325	-0.42194491624832153
1626	0.12370581924915314	-0.2982345521450043	-0.4219403713941574
1627	0.1236543282866478	-0.29833753407001495	-0.42199186235666275
1628	0.12368448078632355	-0.29827722907066345	-0.421961709856987
1629	0.12370721250772476	-0.298231765627861	-0.4219389781355858
1630	0.12366721034049988	-0.2983117699623108	-0.42197898030281067
1631	0.12363933771848679	-0.298367515206337	-0.42200685292482376
1632	0.12365002930164337	-0.2983461320400238	-0.4219961613416672
1633	0.12367820739746094	-0.29828977584838867	-0.4219679832458496
1634	0.12367930263280869	-0.2982875853776932	-0.42196688801050186
1635	0.12368018180131912	-0.2982858270406723	-0.4219660088419914
1636	0.12370919436216354	-0.29822780191898346	-0.421936996281147
1637	0.12366805225610733	-0.2983100861310959	-0.4219781383872032
1638	0.12365574389696121	-0.2983347028493881	-0.42199044674634933
1639	0.12369071692228317	-0.2982647567987442	-0.4219554737210274
1640	0.1236586645245552	-0.29832886159420013	-0.42198752611875534
1641	0.1236644759774208	-0.29831723868846893	-0.42198171466588974
1642	0.12366937100887299	-0.2983074486255646	-0.42197681963443756
1643	0.12367860972881317	-0.2982889711856842	-0.4219675809144974
1644	0.1237039640545845	-0.29823826253414154	-0.42194222658872604
1645	0.12370473891496658	-0.2982367128133774	-0.42194145172834396
1646	0.12370721250772476	-0.298231765627861	-0.4219389781355858
1647	0.12368237972259521	-0.2982814311981201	-0.42196381092071533
1648	0.12367106229066849	-0.29830406606197357	-0.42197512835264206
1649	0.1237092986702919	-0.29822759330272675	-0.42193689197301865
1650	0.12369459867477417	-0.2982569932937622	-0.4219515919685364
1651	0.12370941042900085	-0.29822736978530884	-0.4219367802143097
1652	0.1237100288271904	-0.29822613298892975	-0.42193616181612015
1653	0.12371014058589935	-0.29822590947151184	-0.4219360500574112
1654	0.12371174991130829	-0.29822269082069397	-0.42193444073200226
1655	0.1236596554517746	-0.29832687973976135	-0.42198653519153595
1656	0.12362980097532272	-0.2983865886926651	-0.4220163896679878
1657	0.12360695004463196	-0.29843229055404663	-0.4220392405986786
1658	0.1236511766910553	-0.29834383726119995	-0.42199501395225525
1659	0.12363609671592712	-0.2983739972114563	-0.4220100939273834
1660	0.12361712753772736	-0.29841193556785583	-0.4220290631055832
1661	0.1236533373594284	-0.29833951592445374	-0.42199285328388214
1662	0.12366097420454025	-0.29832424223423004	-0.4219852164387703
1663	0.12362104654312134	-0.29840409755706787	-0.4220251441001892
1664	0.12359501421451569	-0.2984561622142792	-0.42205117642879486
1665	0.12364114075899124	-0.29836390912532806	-0.4220050498843193
1666	0.12362605333328247	-0.2983940839767456	-0.4220201373100281
1667	0.1236109584569931	-0.29842427372932434	-0.42203523218631744
1668	0.12365204095840454	-0.29834210872650146	-0.421994149684906
1669	0.12366212159395218	-0.2983219474554062	-0.42198406904935837
1670	0.12364600598812103	-0.2983541786670685	-0.4220001846551895
1671	0.12366259098052979	-0.298321008682251	-0.42198359966278076
1672	0.12361772358417511	-0.2984107434749603	-0.42202846705913544
1673	0.12365542352199554	-0.29833534359931946	-0.421990767121315
1674	0.12366331368684769	-0.2983195632696152	-0.42198287695646286
1675	0.12365303188562393	-0.2983401268720627	-0.4219931587576866
1676	0.12366393208503723	-0.2983183264732361	-0.4219822585582733
1677	0.1236652210354805	-0.29831574857234955	-0.42198096960783005
1678	0.12366624176502228	-0.298313707113266	-0.42197994887828827
1679	0.12366658449172974	-0.2983130216598511	-0.4219796061515808
1680	0.1236678957939148	-0.29831039905548096	-0.42197829484939575
1681	0.1236707866191864	-0.29830461740493774	-0.42197540402412415
1682	0.1236557587981224	-0.29833467304706573	-0.42199043184518814
1683	0.12367245554924011	-0.2983012795448303	-0.42197373509407043
1684	0.12365296483039856	-0.2983402609825134	-0.421993225812912
1685	0.12367413938045502	-0.2982979118824005	-0.42197205126285553
1686	0.12362311035394669	-0.2983999699354172	-0.42202308028936386
1687	0.12363184243440628	-0.298382505774498	-0.42201434820890427
1688	0.12365580350160599	-0.29833458364009857	-0.42199038714170456
1689	0.12364406138658524	-0.2983580678701401	-0.4220021292567253
1690	0.1236528605222702	-0.29834046959877014	-0.42199333012104034
1691	0.12367285043001175	-0.29830048978328705	-0.4219733402132988
1692	0.12367189675569534	-0.29830239713191986	-0.4219742938876152
1693	0.12366430461406708	-0.2983175814151764	-0.42198188602924347
1694	0.12364418804645538	-0.2983578145503998	-0.42200200259685516
1695	0.12367475032806396	-0.2982966899871826	-0.4219714403152466
1696	0.1236751452088356	-0.29829590022563934	-0.42197104543447495
1697	0.12363429367542267	-0.2983776032924652	-0.4220118969678879
1698	0.12361417710781097	-0.2984178364276886	-0.4220320135354996
1699	0.12362423539161682	-0.2983977198600769	-0.4220219552516937
1700	0.12363560497760773	-0.2983749806880951	-0.4220105856657028
1701	0.12357907742261887	-0.2984880357980728	-0.4220671132206917
1702	0.1235974058508873	-0.29845137894153595	-0.42204878479242325
1703	0.12362418323755264	-0.29839782416820526	-0.4220220074057579
1704	0.12359120696783066	-0.29846377670764923	-0.4220549836754799
1705	0.12362153083086014	-0.29840312898159027	-0.4220246598124504
1706	0.12362270057201385	-0.29840078949928284	-0.4220234900712967
1707	0.12362805008888245	-0.29839009046554565	-0.4220181405544281
1708	0.12362898141145706	-0.2983882278203964	-0.4220172092318535
1709	0.12361570447683334	-0.29841478168964386	-0.4220304861664772
1710	0.12360206246376038	-0.2984420657157898	-0.42204412817955017
1711	0.12362950295209885	-0.29838718473911285	-0.4220166876912117
1712	0.1236029788851738	-0.29844023287296295	-0.42204321175813675
1713	0.12362991273403168	-0.2983863651752472	-0.42201627790927887
1714	0.12363218516111374	-0.29838182032108307	-0.4220140054821968
1715	0.12363710254430771	-0.29837198555469513	-0.42200908809900284
1716	0.12363815307617188	-0.2983698844909668	-0.42200803756713867
1717	0.12363952398300171	-0.29836714267730713	-0.42200666666030884
1718	0.12364096194505692	-0.2983642667531967	-0.42200522869825363
1719	0.12358759343624115	-0.29847100377082825	-0.4220585972070694
1720	0.12361645698547363	-0.2984132766723633	-0.4220297336578369
1721	0.1236414760351181	-0.29836323857307434	-0.42200471460819244
1722	0.12364359945058823	-0.2983589917421341	-0.4220025911927223
1723	0.1236439198255539	-0.29835835099220276	-0.42200227081775665
1724	0.12364605814218521	-0.2983540743589401	-0.42200013250112534
1725	0.12364646047353745	-0.29835326969623566	-0.4219997301697731
1726	0.12361743301153183	-0.2984113246202469	-0.4220287576317787
1727	0.12362832576036453	-0.2983895391225815	-0.422017864882946
1728	0.1236347183585167	-0.29837675392627716	-0.42201147228479385
1729	0.12364668399095535	-0.29835282266139984	-0.4219995066523552
1730	0.12364790588617325	-0.29835037887096405	-0.4219982847571373
1731	0.12364951521158218	-0.2983471602201462	-0.42199667543172836
1732	0.12365002930164337	-0.2983461320400238	-0.4219961613416672
1733	0.12365187704563141	-0.29834243655204773	-0.42199431359767914
1734	0.12361026555299759	-0.29842565953731537	-0.42203592509031296
1735	0.12363184988498688	-0.2983824908733368	-0.42201434075832367
1736	0.12364047765731812	-0.2983652353286743	-0.42200571298599243
1737	0.12365110963582993	-0.2983439713716507	-0.4219950810074806
1738	0.12365538626909256	-0.2983354181051254	-0.421990804374218
1739	0.12365570664405823	-0.2983347773551941	-0.4219904839992523
1740	0.12363503873348236	-0.2983761131763458	-0.4220111519098282
1741	0.12365376949310303	-0.2983386516571045	-0.4219924211502075
1742	0.12365645170211792	-0.2983332872390747	-0.4219897389411926
1743	0.12365680932998657	-0.2983325719833374	-0.421989381313324
1744	0.12365838140249252	-0.2983294278383255	-0.421987809240818
1745	0.12365933507680893	-0.2983275204896927	-0.4219868555665016
1746	0.12365982681512833	-0.2983265370130539	-0.4219863638281822
1747	0.12366008013486862	-0.2983260303735733	-0.4219861105084419
1748	0.12366019934415817	-0.2983257919549942	-0.4219859912991524
1749	0.12365400791168213	-0.2983381748199463	-0.4219921827316284
1750	0.123660609126091	-0.29832497239112854	-0.42198558151721954
1751	0.12366084009408951	-0.29832451045513153	-0.42198535054922104
1752	0.12366234511137009	-0.2983215004205704	-0.42198384553194046
1753	0.123663529753685	-0.29831913113594055	-0.42198266088962555
1754	0.12366507947444916	-0.29831603169441223	-0.4219811111688614
1755	0.12365087866783142	-0.2983444333076477	-0.4219953119754791
1756	0.12366512417793274	-0.29831594228744507	-0.4219810664653778
1757	0.12366636097431183	-0.2983134686946869	-0.4219798296689987
1758	0.12366677820682526	-0.29831263422966003	-0.4219794124364853
1759	0.12366694957017899	-0.2983122915029526	-0.42197924107313156
1760	0.12366724759340286	-0.2983116954565048	-0.4219789430499077
1761	0.1236402839422226	-0.29836562275886536	-0.42200590670108795
1762	0.1236206665635109	-0.29840485751628876	-0.42202552407979965
1763	0.12366777658462524	-0.29831063747406006	-0.4219784140586853
1764	0.12366791814565659	-0.2983103543519974	-0.42197827249765396
1765	0.12366009503602982	-0.2983260005712509	-0.42198609560728073
1766	0.12364401668310165	-0.29835815727710724	-0.4220021739602089
1767	0.1236681267619133	-0.29830993711948395	-0.42197806388139725
1768	0.1236407682299614	-0.29836465418338776	-0.42200542241334915
1769	0.12366428971290588	-0.2983176112174988	-0.42198190093040466
1770	0.12366892397403717	-0.2983083426952362	-0.4219772666692734
1771	0.12366984039545059	-0.29830650985240936	-0.42197635024785995
1772	0.12366992980241776	-0.29830633103847504	-0.4219762608408928
1773	0.12367028743028641	-0.29830561578273773	-0.42197590321302414
1774	0.12367037683725357	-0.2983054369688034	-0.421975813806057
1775	0.12366823852062225	-0.29830971360206604	-0.4219779521226883
1776	0.1236632689833641	-0.29831965267658234	-0.42198292165994644
1777	0.12365495413541794	-0.29833628237247467	-0.4219912365078926
1778	0.1236671581864357	-0.29831187427043915	-0.42197903245687485
1779	0.12367085367441177	-0.298304483294487	-0.4219753369688988
1780	0.12364155054092407	-0.2983630895614624	-0.4220046401023865
1781	0.1236356645822525	-0.29837486147880554	-0.42201052606105804
1782	0.12364507466554642	-0.2983560413122177	-0.42200111597776413
1783	0.1236640065908432	-0.29831817746162415	-0.42198218405246735
1784	0.12367089837789536	-0.29830439388751984	-0.4219752922654152
1785	0.12367233633995056	-0.2983015179634094	-0.42197385430336
1786	0.12367266416549683	-0.2983008623123169	-0.4219735264778137
1787	0.12367267161607742	-0.2983008474111557	-0.4219735190272331
1788	0.12364546209573746	-0.29835526645183563	-0.4220007285475731
1789	0.12367279082536697	-0.2983006089925766	-0.4219733998179436
1790	0.12367324531078339	-0.2982997000217438	-0.42197294533252716
1791	0.1236734688282013	-0.29829925298690796	-0.42197272181510925
1792	0.12367352098226547	-0.2982991486787796	-0.4219726696610451
1793	0.12364054471254349	-0.29836510121822357	-0.42200564593076706
1794	0.12364813685417175	-0.29834991693496704	-0.4219980537891388
1795	0.12365461885929108	-0.2983369529247284	-0.42199157178401947
1796	0.12361740320920944	-0.29841138422489166	-0.4220287874341011
1797	0.1236213818192482	-0.29840342700481415	-0.42202480882406235
1798	0.12364352494478226	-0.29835914075374603	-0.4220026656985283
1799	0.12364843487739563	-0.2983493208885193	-0.4219977557659149
1800	0.12364698201417923	-0.2983522266149521	-0.4219992086291313
1801	0.12361506372690201	-0.29841606318950653	-0.42203112691640854
1802	0.12364383786916733	-0.2983585149049759	-0.4220023527741432
1803	0.1236514002084732	-0.29834339022636414	-0.42199479043483734
1804	0.12364395707845688	-0.2983582764863968	-0.42200223356485367
1805	0.12361111491918564	-0.29842396080493927	-0.4220350757241249
1806	0.12363831698894501	-0.29836955666542053	-0.42200787365436554
1807	0.12365720421075821	-0.29833178222179413	-0.42198898643255234
1808	0.12366072088479996	-0.29832474887371063	-0.4219854697585106
1809	0.12363333255052567	-0.2983795255422592	-0.4220128580927849
1810	0.12365370988845825	-0.29833877086639404	-0.4219924807548523
1811	0.12366154789924622	-0.2983230948448181	-0.42198464274406433
1812	0.12364061176776886	-0.2983649671077728	-0.4220055788755417
1813	0.12366079539060593	-0.2983245998620987	-0.4219853952527046
1814	0.12366212159395218	-0.2983219474554062	-0.42198406904935837
1815	0.12366721779108047	-0.2983117550611496	-0.42197897285223007
1816	0.12366894632577896	-0.2983082979917526	-0.4219772443175316
1817	0.12367013841867447	-0.2983059138059616	-0.4219760522246361
1818	0.12366940826177597	-0.2983073741197586	-0.4219767823815346
1819	0.12363594770431519	-0.2983742952346802	-0.42201024293899536
1820	0.12366317957639694	-0.29831983149051666	-0.4219830110669136
1821	0.12367140501737595	-0.29830338060855865	-0.4219747856259346
1822	0.12363474816083908	-0.2983766943216324	-0.42201144248247147
1823	0.12365441769361496	-0.2983373552560806	-0.4219917729496956
1824	0.12367155402898788	-0.2983030825853348	-0.42197463661432266
1825	0.12364525347948074	-0.29835568368434906	-0.4220009371638298
1826	0.12366858124732971	-0.2983090281486511	-0.42197760939598083
1827	0.12367264926433563	-0.2983008921146393	-0.4219735413789749
1828	0.12366557121276855	-0.29831504821777344	-0.421980619430542
1829	0.12363183498382568	-0.2983825206756592	-0.42201435565948486
1830	0.12365811318159103	-0.2983299642801285	-0.4219880774617195
1831	0.12367292493581772	-0.2983003407716751	-0.42197326570749283
1832	0.12366289645433426	-0.29832039773464203	-0.4219832941889763
1833	0.12367354333400726	-0.298299103975296	-0.4219726473093033
1834	0.12365815043449402	-0.2983298897743225	-0.42198804020881653
1835	0.1236279308795929	-0.29839032888412476	-0.42201825976371765
1836	0.12367451936006546	-0.2982971519231796	-0.4219716712832451
1837	0.12367484718561172	-0.2982964962720871	-0.4219713434576988
1838	0.12366054952144623	-0.2983250916004181	-0.4219856411218643
1839	0.12367120385169983	-0.2983037829399109	-0.4219749867916107
1840	0.12367499619722366	-0.2982961982488632	-0.4219711944460869
1841	0.12365372478961945	-0.29833874106407166	-0.4219924658536911
1842	0.12363690137863159	-0.29837238788604736	-0.42200928926467896
1843	0.12363872677087784	-0.29836873710155487	-0.4220074638724327
1844	0.12358825653791428	-0.298469677567482	-0.42205793410539627
1845	0.12360475212335587	-0.2984366863965988	-0.4220414385199547
1846	0.1236300840973854	-0.29838602244853973	-0.42201610654592514
1847	0.12359125912189484	-0.2984636723995209	-0.4220549315214157
1848	0.12361989170312881	-0.2984064072370529	-0.42202629894018173
1849	0.12362341582775116	-0.2983993589878082	-0.4220227748155594
1850	0.12362682074308395	-0.29839254915714264	-0.4220193699002266
1851	0.12362982332706451	-0.2983865439891815	-0.42201636731624603
1852	0.12363043427467346	-0.2983853220939636	-0.4220157563686371
1853	0.1236056387424469	-0.29843491315841675	-0.42204055190086365
1854	0.12363611161708832	-0.2983739674091339	-0.42201007902622223
1855	0.1236366257071495	-0.29837293922901154	-0.42200956493616104
1856	0.12364006042480469	-0.29836606979370117	-0.42200613021850586
1857	0.12362585216760635	-0.29839448630809784	-0.4220203384757042
1858	0.123614102602005	-0.29841798543930054	-0.42203208804130554
1859	0.12364204972982407	-0.2983620911836624	-0.4220041409134865
1860	0.1236443966627121	-0.29835739731788635	-0.42200179398059845
1861	0.12364831566810608	-0.2983495593070984	-0.42199787497520447
1862	0.12364837527275085	-0.29834944009780884	-0.4219978153705597
1863	0.12364920228719711	-0.2983477860689163	-0.42199698835611343
1864	0.1235940083861351	-0.29845817387104034	-0.42205218225717545
1865	0.12362104654312134	-0.29840409755706787	-0.4220251441001892
1866	0.12365105003118515	-0.29834409058094025	-0.4219951406121254
1867	0.12360775470733643	-0.2984306812286377	-0.4220384359359741
1868	0.12363505363464355	-0.29837608337402344	-0.422011137008667
1869	0.12364194542169571	-0.29836229979991913	-0.42200424522161484
1870	0.12364692986011505	-0.29835233092308044	-0.4219992607831955
1871	0.12365373969078064	-0.29833871126174927	-0.4219924509525299
1872	0.12365421652793884	-0.29833775758743286	-0.4219919741153717
1873	0.12365488708019257	-0.2983364164829254	-0.421991303563118
1874	0.12365512549877167	-0.2983359396457672	-0.4219910651445389
1875	0.12361372262239456	-0.2984187453985214	-0.422032468020916
1876	0.12362658977508545	-0.29839301109313965	-0.4220196008682251
1877	0.12363668531179428	-0.298372820019722	-0.42200950533151627
1878	0.1236494854092598	-0.29834721982479095	-0.42199670523405075
1879	0.12365575134754181	-0.29833468794822693	-0.42199043929576874
1880	0.12365620583295822	-0.2983337789773941	-0.4219899848103523
1881	0.12364767491817474	-0.29835084080696106	-0.4219985157251358
1882	0.12365756183862686	-0.2983310669660568	-0.4219886288046837
1883	0.1236579418182373	-0.29833030700683594	-0.42198824882507324
1884	0.12365968525409698	-0.2983268201351166	-0.42198650538921356
1885	0.12365999072790146	-0.29832620918750763	-0.4219861999154091
1886	0.12366029620170593	-0.2983255982398987	-0.4219858944416046
1887	0.12366229295730591	-0.29832160472869873	-0.42198389768600464
1888	0.12366295605897903	-0.2983202785253525	-0.4219832345843315
1889	0.1236644983291626	-0.29831719398498535	-0.42198169231414795
1890	0.12366509437561035	-0.29831600189208984	-0.4219810962677002
1891	0.12366607040166855	-0.29831404983997345	-0.421980120241642
1892	0.12366662174463272	-0.2983129471540451	-0.4219795688986778
1893	0.12366699427366257	-0.2983122020959854	-0.421979196369648
1894	0.12366778403520584	-0.29831062257289886	-0.4219784066081047
1895	0.12366804480552673	-0.2983101010322571	-0.4219781458377838
1896	0.12366855144500732	-0.2983090877532959	-0.4219776391983032
1897	0.12366878241300583	-0.2983086258172989	-0.4219774082303047
1898	0.12366914004087448	-0.2983079105615616	-0.42197705060243607
1899	0.12366948276758194	-0.29830722510814667	-0.4219767078757286
1900	0.12367170304059982	-0.2983027845621109	-0.4219744876027107
1901	0.12364612519741058	-0.2983539402484894	-0.42200006544589996
1902	0.12367145717144012	-0.2983032763004303	-0.4219747334718704
1903	0.12367311865091324	-0.29829995334148407	-0.4219730719923973
1904	0.1236734539270401	-0.29829928278923035	-0.42197273671627045
1905	0.12367412447929382	-0.2982979416847229	-0.4219720661640167
1906	0.12367172539234161	-0.2983027398586273	-0.42197446525096893
1907	0.12364541739225388	-0.2983553558588028	-0.42200077325105667
1908	0.12367420643568039	-0.29829777777194977	-0.42197198420763016
1909	0.12367430329322815	-0.29829758405685425	-0.4219718873500824
1910	0.12367492914199829	-0.29829633235931396	-0.42197126150131226
1911	0.12367504835128784	-0.29829609394073486	-0.4219711422920227
1912	0.12367520481348038	-0.2982957810163498	-0.42197098582983017
1913	0.12367542833089828	-0.298295333981514	-0.42197076231241226
1914	0.12367400527000427	-0.298298180103302	-0.4219721853733063
1915	0.12365997582674026	-0.29832623898983	-0.4219862148165703
1916	0.12363317608833313	-0.2983798384666443	-0.4220130145549774
1917	0.12364105880260468	-0.2983640730381012	-0.42200513184070587
1918	0.12367549538612366	-0.29829519987106323	-0.4219706952571869
1919	0.12361428141593933	-0.2984176278114319	-0.4220319092273712
1920	0.12361932545900345	-0.29840753972530365	-0.4220268651843071
1921	0.12364539504051208	-0.2983554005622864	-0.42200079560279846
1922	0.12363746762275696	-0.29837125539779663	-0.4220087230205536
1923	0.12360572814941406	-0.2984347343444824	-0.4220404624938965
1924	0.12363404035568237	-0.2983781099319458	-0.4220121502876282
1925	0.12365211546421051	-0.2983419597148895	-0.42199407517910004
1926	0.12364981323480606	-0.2983465641736984	-0.4219963774085045
1927	0.12361966818571091	-0.29840685427188873	-0.42202652245759964
1928	0.12365023046731949	-0.29834572970867157	-0.42199596017599106
1929	0.12365396320819855	-0.29833826422691345	-0.421992227435112
1930	0.12365594506263733	-0.2983343005180359	-0.4219902455806732
1931	0.12362969666719437	-0.2983867973089218	-0.4220164939761162
1932	0.12365122139453888	-0.2983437478542328	-0.42199496924877167
1933	0.12365719676017761	-0.2983317971229553	-0.42198899388313293
1934	0.12366236746311188	-0.2983214557170868	-0.42198382318019867
1935	0.12367136776447296	-0.2983034551143646	-0.4219748228788376
1936	0.12366019189357758	-0.2983258068561554	-0.42198599874973297
1937	0.12362129986286163	-0.2984035909175873	-0.4220248907804489
1938	0.12363754957914352	-0.2983710914850235	-0.422008641064167
1939	0.12365857511758804	-0.29832904040813446	-0.4219876155257225
1940	0.123611219227314	-0.29842375218868256	-0.42203497141599655
1941	0.12363267689943314	-0.2983808368444443	-0.4220135137438774
1942	0.12366349995136261	-0.2983191907405853	-0.42198269069194794
1943	0.12366154044866562	-0.2983231097459793	-0.42198465019464493
1944	0.12366363406181335	-0.29831892251968384	-0.4219825565814972
1945	0.1236441433429718	-0.29835790395736694	-0.42200204730033875
1946	0.12366005778312683	-0.2983260750770569	-0.4219861328601837
1947	0.1236720010638237	-0.29830218851566315	-0.42197418957948685
1948	0.12367275357246399	-0.29830068349838257	-0.42197343707084656
1949	0.12367300689220428	-0.298300176858902	-0.42197318375110626
1950	0.12367317080497742	-0.2982998490333557	-0.42197301983833313
1951	0.12367334216833115	-0.29829950630664825	-0.4219728484749794
1952	0.12367362529039383	-0.2982989400625229	-0.4219725653529167
1953	0.12365709245204926	-0.29833200573921204	-0.4219890981912613
1954	0.12367574125528336	-0.29829470813274384	-0.4219704493880272
1955	0.1236453652381897	-0.29835546016693115	-0.42200082540512085
1956	0.12357532232999802	-0.2984955459833145	-0.42207086831331253
1957	0.12360113114118576	-0.298443928360939	-0.4220450595021248
1958	0.12360259890556335	-0.29844099283218384	-0.4220435917377472
1959	0.1236143633723259	-0.29841746389865875	-0.42203182727098465
1960	0.12357728183269501	-0.29849162697792053	-0.42206890881061554
1961	0.12360074371099472	-0.2984447032213211	-0.4220454469323158
1962	0.12361513823270798	-0.2984159141778946	-0.42203105241060257
1963	0.1236191987991333	-0.29840779304504395	-0.42202699184417725
1964	0.12362052500247955	-0.29840514063835144	-0.422025665640831
1965	0.12362360954284668	-0.2983989715576172	-0.42202258110046387
1966	0.12362975627183914	-0.29838667809963226	-0.4220164343714714
1967	0.1236356869339943	-0.29837481677532196	-0.42201050370931625
1968	0.12361285835504532	-0.2984204739332199	-0.42203333228826523
1969	0.12362903356552124	-0.29838812351226807	-0.4220171570777893
1970	0.12364412099123001	-0.2983579486608505	-0.42200206965208054
1971	0.1236109808087349	-0.29842422902584076	-0.42203520983457565
1972	0.12362829595804214	-0.29838959872722626	-0.4220178946852684
1973	0.12364855408668518	-0.2983490824699402	-0.42199763655662537
1974	0.12362794578075409	-0.29839029908180237	-0.42201824486255646
1975	0.12359879910945892	-0.2984485924243927	-0.4220473915338516
1976	0.12363774329423904	-0.29837070405483246	-0.4220084473490715
1977	0.12364078313112259	-0.29836462438106537	-0.42200540751218796
1978	0.12361515313386917	-0.2984158843755722	-0.4220310375094414
1979	0.12364736199378967	-0.2983514666557312	-0.4219988286495209
1980	0.12365108728408813	-0.2983440160751343	-0.4219951033592224
1981	0.12365246564149857	-0.2983412593603134	-0.421993725001812
1982	0.12365347892045975	-0.29833923280239105	-0.4219927117228508
1983	0.12359951436519623	-0.2984471619129181	-0.4220466762781143
1984	0.12362173199653625	-0.29840272665023804	-0.4220244586467743
1985	0.12362384051084518	-0.2983985096216202	-0.42202235013246536
1986	0.12363776564598083	-0.2983706593513489	-0.4220084249973297
1987	0.12359918653964996	-0.2984478175640106	-0.4220470041036606
1988	0.12362112104892731	-0.29840394854545593	-0.42202506959438324
1989	0.12363185733556747	-0.2983824759721756	-0.4220143333077431
1990	0.1236388310790062	-0.29836852848529816	-0.42200735956430435
1991	0.12364012748003006	-0.2983659356832504	-0.4220060631632805
1992	0.12364950031042099	-0.29834719002246857	-0.42199669033288956
1993	0.1236543133854866	-0.29833756387233734	-0.42199187725782394
1994	0.12365446984767914	-0.29833725094795227	-0.4219917207956314
1995	0.12361347675323486	-0.2984192371368408	-0.4220327138900757
1996	0.12365269660949707	-0.2983407974243164	-0.4219934940338135
1997	0.12365453690290451	-0.2983371168375015	-0.42199165374040604
1998	0.1235954612493515	-0.29845526814460754	-0.42205072939395905
1999	0.12360348552465439	-0.29843921959400177	-0.42204270511865616
2000	0.12362232804298401	-0.29840153455734253	-0.42202386260032654

Best Loss: 0.12357532232999802

Training Time (seconds): 373.9094385359931
