Iteration	Loss (h)	Total Cost (f)	Cost g
1	0.9175323247909546	0.9175323247909546	0
2	0.7338826060295105	0.5502328872680664	-0.1836497187614441
3	0.5610854625701904	0.20463860034942627	-0.35644686222076416
4	0.46077433228492737	0.0040163397789001465	-0.4567579925060272
5	0.44774383306503296	-0.022044658660888672	-0.46978849172592163
6	0.44553208351135254	-0.02646815776824951	-0.47200024127960205
7	0.44211116433143616	-0.033309996128082275	-0.47542116045951843
8	0.43685364723205566	-0.04382503032684326	-0.4806786775588989
9	0.4361012876033783	-0.045329749584198	-0.4814310371875763
10	0.43571770191192627	-0.04609692096710205	-0.4818146228790283
11	0.43542230129241943	-0.04668772220611572	-0.48211002349853516
12	0.43512657284736633	-0.047279179096221924	-0.48240575194358826
13	0.4348304867744446	-0.04787135124206543	-0.48270183801651
14	0.43454885482788086	-0.04843461513519287	-0.48298346996307373
15	0.4342730939388275	-0.04898613691329956	-0.4832592308521271
16	0.43385830521583557	-0.04981571435928345	-0.483674019575119
17	0.43345141410827637	-0.050629496574401855	-0.4840809106826782
18	0.43305230140686035	-0.05142772197723389	-0.48448002338409424
19	0.43263474106788635	-0.052262842655181885	-0.48489758372306824
20	0.43190962076187134	-0.053713083267211914	-0.48562270402908325
21	0.4315190315246582	-0.054494261741638184	-0.4860132932662964
22	0.43113628029823303	-0.055259764194488525	-0.48639604449272156
23	0.4306962192058563	-0.05613988637924194	-0.48683610558509827
24	0.4301016926765442	-0.05732893943786621	-0.4874306321144104
25	0.4288375675678253	-0.059857189655303955	-0.4886947572231293
26	0.4283389449119568	-0.060854434967041016	-0.4891933798789978
27	0.42782074213027954	-0.06189084053039551	-0.48971158266067505
28	0.4272521436214447	-0.06302803754806519	-0.4902801811695099
29	0.4266984164714813	-0.06413549184799194	-0.49083390831947327
30	0.42615941166877747	-0.06521350145339966	-0.4913729131221771
31	0.42563509941101074	-0.0662621259689331	-0.49189722537994385
32	0.42512524127960205	-0.06728184223175049	-0.49240708351135254
33	0.42462965846061707	-0.06827300786972046	-0.4929026663303375
34	0.4241483211517334	-0.06923568248748779	-0.4933840036392212
35	0.42368102073669434	-0.07017028331756592	-0.49385130405426025
36	0.42322760820388794	-0.07107710838317871	-0.49430471658706665
37	0.42278796434402466	-0.07195639610290527	-0.49474436044692993
38	0.42236191034317017	-0.07280850410461426	-0.4951704144477844
39	0.4219492971897125	-0.07363373041152954	-0.49558302760124207
40	0.4215500056743622	-0.07443231344223022	-0.4959823191165924
41	0.4211638867855072	-0.07520455121994019	-0.4963684380054474
42	0.4207196533679962	-0.07609301805496216	-0.4968126714229584
43	0.4202684164047241	-0.07699549198150635	-0.49726390838623047
44	0.41983070969581604	-0.07787090539932251	-0.49770161509513855
45	0.4194065034389496	-0.07871931791305542	-0.498125821352005
46	0.4189956784248352	-0.07954096794128418	-0.4985366463661194
47	0.41859784722328186	-0.08033663034439087	-0.49893447756767273
48	0.4182130992412567	-0.08110612630844116	-0.4993192255496979
49	0.41784119606018066	-0.08184993267059326	-0.4996911287307739
50	0.4174528121948242	-0.08262670040130615	-0.5000795125961304
51	0.4170722961425781	-0.08338773250579834	-0.5004600286483765
52	0.41670462489128113	-0.08412307500839233	-0.5008276998996735
53	0.4163495898246765	-0.08483314514160156	-0.5011827349662781
54	0.41600704193115234	-0.0855182409286499	-0.5015252828598022
55	0.41567695140838623	-0.08617842197418213	-0.5018553733825684
56	0.4153589606285095	-0.08681440353393555	-0.5021733641624451
57	0.41505298018455505	-0.08742636442184448	-0.5024793446063995
58	0.41475898027420044	-0.08801436424255371	-0.5027733445167542
59	0.4144766330718994	-0.08857905864715576	-0.5030556917190552
60	0.4142058491706848	-0.08912062644958496	-0.5033264756202698
61	0.4139418601989746	-0.08964860439300537	-0.50359046459198
62	0.4135826826095581	-0.09036695957183838	-0.5039496421813965
63	0.4132358133792877	-0.09106069803237915	-0.5042965114116669
64	0.4129011034965515	-0.09173011779785156	-0.5046312212944031
65	0.41257837414741516	-0.09237557649612427	-0.5049539506435394
66	0.4122675657272339	-0.09299719333648682	-0.5052647590637207
67	0.41196855902671814	-0.09359520673751831	-0.5055637657642365
68	0.41168108582496643	-0.09417015314102173	-0.5058512389659882
69	0.4114050269126892	-0.09472227096557617	-0.5061272978782654
70	0.41113150119781494	-0.09526932239532471	-0.5064008235931396
71	0.4108455181121826	-0.09584128856658936	-0.506686806678772
72	0.4105708599090576	-0.09639060497283936	-0.506961464881897
73	0.41030752658843994	-0.09691727161407471	-0.5072247982025146
74	0.4100552499294281	-0.09742182493209839	-0.5074770748615265
75	0.40981388092041016	-0.09790456295013428	-0.5077184438705444
76	0.4095834493637085	-0.0983654260635376	-0.5079488754272461
77	0.409361869096756	-0.09880858659744263	-0.5081704556941986
78	0.4091419279575348	-0.09924846887588501	-0.5083903968334198
79	0.408915638923645	-0.09970104694366455	-0.5086166858673096
80	0.4076494872570038	-0.10223335027694702	-0.5098828375339508
81	0.4056236445903778	-0.10628503561019897	-0.5119086802005768
82	0.4040265679359436	-0.10947918891906738	-0.513505756855011
83	0.40378880500793457	-0.10995471477508545	-0.51374351978302
84	0.40356573462486267	-0.11040085554122925	-0.5139665901660919
85	0.4033569097518921	-0.11081850528717041	-0.5141754150390625
86	0.4031621813774109	-0.11120796203613281	-0.5143701434135437
87	0.4029011130332947	-0.11173009872436523	-0.5146312117576599
88	0.40257105231285095	-0.11239022016525269	-0.5149612724781036
89	0.4023357331752777	-0.11286085844039917	-0.5151965916156769
90	0.40211644768714905	-0.1132994294166565	-0.5154158771038055
91	0.4019113779067993	-0.11370956897735596	-0.5156209468841553
92	0.4016796052455902	-0.11417311429977417	-0.5158527195453644
93	0.4013725519180298	-0.11478722095489502	-0.5161597728729248
94	0.4010844826698303	-0.11536335945129395	-0.5164478421211243
95	0.40081337094306946	-0.11590558290481567	-0.5167189538478851
96	0.40055859088897705	-0.11641514301300049	-0.5169737339019775
97	0.40031909942626953	-0.11689412593841553	-0.5172132253646851
98	0.40009409189224243	-0.11734414100646973	-0.5174382328987122
99	0.39988237619400024	-0.1177675724029541	-0.5176499485969543
100	0.3996843993663788	-0.11816352605819702	-0.5178479254245758
101	0.39949923753738403	-0.11853384971618652	-0.5180330872535706
102	0.3993269205093384	-0.11887848377227783	-0.5182054042816162
103	0.39916712045669556	-0.11919808387756348	-0.518365204334259
104	0.3990197777748108	-0.11949276924133301	-0.5185125470161438
105	0.39887675642967224	-0.11977881193161011	-0.5186555683612823
106	0.39841675758361816	-0.12069880962371826	-0.5191155672073364
107	0.3977937698364258	-0.12194478511810303	-0.5197385549545288
108	0.3974909484386444	-0.12255042791366577	-0.5200413763523102
109	0.3969667851924896	-0.12359875440597534	-0.520565539598465
110	0.39660876989364624	-0.12431478500366211	-0.5209235548973083
111	0.39633700251579285	-0.1248583197593689	-0.5211953222751617
112	0.39608311653137207	-0.12536609172821045	-0.5214492082595825
113	0.39584600925445557	-0.12584030628204346	-0.521686315536499
114	0.39560920000076294	-0.1263139247894287	-0.5219231247901917
115	0.39538824558258057	-0.12675583362579346	-0.522144079208374
116	0.3951832056045532	-0.12716591358184814	-0.5223491191864014
117	0.39499327540397644	-0.1275457739830017	-0.5225390493869781
118	0.3945102393627167	-0.12851184606552124	-0.5230220854282379
119	0.394328236579895	-0.12887585163116455	-0.5232040882110596
120	0.3937646746635437	-0.1300029754638672	-0.5237676501274109
121	0.3932759463787079	-0.13098043203353882	-0.5242563784122467
122	0.39284655451774597	-0.13183921575546265	-0.5246857702732086
123	0.39237698912620544	-0.1327783465385437	-0.5251553356647491
124	0.39186200499534607	-0.13380831480026245	-0.5256703197956085
125	0.3912954032421112	-0.13494151830673218	-0.5262369215488434
126	0.3907517194747925	-0.13602888584136963	-0.5267806053161621
127	0.3902560770511627	-0.13702017068862915	-0.5272762477397919
128	0.3898096978664398	-0.13791292905807495	-0.5277226269245148
129	0.38934028148651123	-0.13885176181793213	-0.5281920433044434
130	0.3888944983482361	-0.13974332809448242	-0.5286378264427185
131	0.38848546147346497	-0.14056140184402466	-0.5290468633174896
132	0.3881043493747711	-0.14132362604141235	-0.5294279754161835
133	0.38733595609664917	-0.14286041259765625	-0.5301963686943054
134	0.3863716721534729	-0.1447889804840088	-0.5311606526374817
135	0.3859235346317291	-0.14568525552749634	-0.5316087901592255
136	0.3854956030845642	-0.14654111862182617	-0.5320367217063904
137	0.38498222827911377	-0.14756786823272705	-0.5325500965118408
138	0.3844398856163025	-0.1486525535583496	-0.5330924391746521
139	0.38398420810699463	-0.14956390857696533	-0.53354811668396
140	0.38356834650039673	-0.15039563179016113	-0.5339639782905579
141	0.38318541646003723	-0.15116149187088013	-0.5343469083309174
142	0.3828553557395935	-0.15182161331176758	-0.5346769690513611
143	0.3825910687446594	-0.15235018730163574	-0.5349412560462952
144	0.3822680115699768	-0.15299630165100098	-0.5352643132209778
145	0.3815075755119324	-0.15451717376708984	-0.5360247492790222
146	0.38119417428970337	-0.15514397621154785	-0.5363381505012512
147	0.38081344962120056	-0.15590542554855347	-0.536718875169754
148	0.3804969787597656	-0.15653836727142334	-0.537035346031189
149	0.38018158078193665	-0.1571691632270813	-0.5373507440090179
150	0.3798772990703583	-0.15777772665023804	-0.5376550257205963
151	0.37962305545806885	-0.1582862138748169	-0.5379092693328857
152	0.3794126808643341	-0.15870696306228638	-0.5381196439266205
153	0.37921595573425293	-0.15910041332244873	-0.5383163690567017
154	0.37902241945266724	-0.15948748588562012	-0.5385099053382874
155	0.3788418173789978	-0.15984869003295898	-0.5386905074119568
156	0.3786720037460327	-0.16018831729888916	-0.5388603210449219
157	0.37850695848464966	-0.16051840782165527	-0.5390253663063049
158	0.3783418834209442	-0.16084855794906616	-0.5391904413700104
159	0.3781832158565521	-0.16116589307785034	-0.5393491089344025
160	0.37802815437316895	-0.1614760160446167	-0.5395041704177856
161	0.3778785169124603	-0.16177529096603394	-0.5396538078784943
162	0.3777434527873993	-0.162045419216156	-0.5397888720035553
163	0.3776152431964874	-0.16230183839797974	-0.5399170815944672
164	0.37749412655830383	-0.16254407167434692	-0.5400381982326508
165	0.3773840069770813	-0.162764310836792	-0.5401483178138733
166	0.3772754371166229	-0.16298145055770874	-0.5402568876743317
167	0.3771681487560272	-0.16319602727890015	-0.5403641760349274
168	0.37706488370895386	-0.16340255737304688	-0.5404674410820007
169	0.37696343660354614	-0.1636054515838623	-0.5405688881874084
170	0.3768637776374817	-0.1638047695159912	-0.5406685471534729
171	0.3767697811126709	-0.1639927625656128	-0.5407625436782837
172	0.3766762316226959	-0.16417986154556274	-0.5408560931682587
173	0.37658506631851196	-0.16436219215393066	-0.5409472584724426
174	0.37649786472320557	-0.16453659534454346	-0.541034460067749
175	0.3763943016529083	-0.16474372148513794	-0.5411380231380463
176	0.376313179731369	-0.16490596532821655	-0.5412191450595856
177	0.37623393535614014	-0.16506445407867432	-0.5412983894348145
178	0.3761630356311798	-0.16520625352859497	-0.5413692891597748
179	0.37609368562698364	-0.1653449535369873	-0.541438639163971
180	0.3760252892971039	-0.16548174619674683	-0.5415070354938507
181	0.3759607970714569	-0.16561073064804077	-0.5415715277194977
182	0.37590092420578003	-0.16573047637939453	-0.5416314005851746
183	0.3758414089679718	-0.165849506855011	-0.5416909158229828
184	0.37577033042907715	-0.1659916639328003	-0.5417619943618774
185	0.3749609887599945	-0.16761034727096558	-0.5425713360309601
186	0.3735589385032654	-0.17041444778442383	-0.5439733862876892
187	0.3733966052532196	-0.17073911428451538	-0.544135719537735
188	0.3732354938983917	-0.17106133699417114	-0.5442968308925629
189	0.37302982807159424	-0.1714726686477661	-0.5445024967193604
190	0.3728041350841522	-0.17192405462265015	-0.5447281897068024
191	0.37258076667785645	-0.1723707914352417	-0.5449515581130981
192	0.3723661005496979	-0.17280012369155884	-0.5451662242412567
193	0.3721640408039093	-0.173204243183136	-0.5453682839870453
194	0.3719692826271057	-0.17359375953674316	-0.5455630421638489
195	0.37178754806518555	-0.1739572286605835	-0.545744776725769
196	0.37164756655693054	-0.1742371916770935	-0.545884758234024
197	0.37154513597488403	-0.17444205284118652	-0.5459871888160706
198	0.37145575881004333	-0.17462080717086792	-0.5460765659809113
199	0.3713719844818115	-0.17478835582733154	-0.5461603403091431
200	0.37129801511764526	-0.17493629455566406	-0.5462343096733093
201	0.3712243437767029	-0.17508363723754883	-0.5463079810142517
202	0.37115609645843506	-0.17522013187408447	-0.5463762283325195
203	0.3710916042327881	-0.17534911632537842	-0.5464407205581665
204	0.37103307247161865	-0.17546617984771729	-0.5464992523193359
205	0.3709827959537506	-0.17556673288345337	-0.546549528837204
206	0.3709389269351959	-0.17565447092056274	-0.5465933978557587
207	0.3708990514278412	-0.17573422193527222	-0.5466332733631134
208	0.3708667457103729	-0.17579883337020874	-0.5466655790805817
209	0.37083569169044495	-0.1758609414100647	-0.5466966331005096
210	0.37069493532180786	-0.17614245414733887	-0.5468373894691467
211	0.3678044080734253	-0.181923508644104	-0.5497279167175293
212	0.3676248788833618	-0.18228256702423096	-0.5499074459075928
213	0.3674737215042114	-0.18258488178253174	-0.5500586032867432
214	0.36734893918037415	-0.1828344464302063	-0.5501833856105804
215	0.36724600195884705	-0.1830403208732605	-0.5502863228321075
216	0.367154598236084	-0.18322312831878662	-0.5503777265548706
217	0.36707189679145813	-0.18338853120803833	-0.5504604279994965
218	0.36699652671813965	-0.1835392713546753	-0.5505357980728149
219	0.3668123185634613	-0.18390768766403198	-0.5507200062274933
220	0.36463114619255066	-0.18827003240585327	-0.5529011785984039
221	0.36452335119247437	-0.18848562240600586	-0.5530089735984802
222	0.364421546459198	-0.1886892318725586	-0.5531107783317566
223	0.36432528495788574	-0.1888817548751831	-0.5532070398330688
224	0.36423754692077637	-0.18905723094940186	-0.5532947778701782
225	0.3641180396080017	-0.18929624557495117	-0.5534142851829529
226	0.36223146319389343	-0.19306939840316772	-0.5553008615970612
227	0.3621004819869995	-0.19333136081695557	-0.5554318428039551
228	0.36194777488708496	-0.19363677501678467	-0.5555845499038696
229	0.3608948886394501	-0.19574254751205444	-0.5566374361515045
230	0.3601386845111847	-0.1972549557685852	-0.5573936402797699
231	0.35980480909347534	-0.1979227066040039	-0.5577275156974792
232	0.35779955983161926	-0.20193320512771606	-0.5597327649593353
233	0.35758092999458313	-0.20237046480178833	-0.5599513947963715
234	0.3573659658432007	-0.20280039310455322	-0.5601663589477539
235	0.357153981924057	-0.20322436094284058	-0.5603783428668976
236	0.35694530606269836	-0.20364171266555786	-0.5605870187282562
237	0.3567402958869934	-0.20405173301696777	-0.5607920289039612
238	0.35654473304748535	-0.2044428586959839	-0.5609875917434692
239	0.35636773705482483	-0.20479685068130493	-0.5611645877361298
240	0.3562074899673462	-0.2051173448562622	-0.5613248348236084
241	0.3560488224029541	-0.2054346799850464	-0.5614835023880005
242	0.35590705275535583	-0.20571821928024292	-0.5616252720355988
243	0.3557792603969574	-0.2059738039970398	-0.5617530643939972
244	0.355654776096344	-0.2062227725982666	-0.5618775486946106
245	0.35553687810897827	-0.20645856857299805	-0.5619954466819763
246	0.3554205000400543	-0.20669132471084595	-0.5621118247509003
247	0.3553105890750885	-0.2069111466407776	-0.5622217357158661
248	0.355205774307251	-0.20712077617645264	-0.5623265504837036
249	0.35510197281837463	-0.20732837915420532	-0.56243035197258
250	0.35500383377075195	-0.20752465724945068	-0.5625284910202026
251	0.354910284280777	-0.20771175622940063	-0.5626220405101776
252	0.3548213243484497	-0.20788967609405518	-0.5627110004425049
253	0.3547356426715851	-0.20806103944778442	-0.5627966821193695
254	0.3546511232852936	-0.20823007822036743	-0.562881201505661
255	0.3545706868171692	-0.2083909511566162	-0.5629616379737854
256	0.3544946610927582	-0.20854300260543823	-0.5630376636981964
257	0.3544221818447113	-0.20868796110153198	-0.5631101429462433
258	0.3543550372123718	-0.20882225036621094	-0.5631772875785828
259	0.3542894124984741	-0.20895349979400635	-0.5632429122924805
260	0.3542272746562958	-0.20907777547836304	-0.5633050501346588
261	0.35417163372039795	-0.2091890573501587	-0.5633606910705566
262	0.3541170656681061	-0.20929819345474243	-0.5634152591228485
263	0.3540673553943634	-0.20939761400222778	-0.5634649693965912
264	0.35396695137023926	-0.20959842205047607	-0.5635653734207153
265	0.35385826230049133	-0.20981580018997192	-0.5636740624904633
266	0.3537842333316803	-0.209963858127594	-0.5637480914592743
267	0.3537139892578125	-0.2101043462753296	-0.5638183355331421
268	0.35364407300949097	-0.21024417877197266	-0.5638882517814636
269	0.35358211398124695	-0.2103680968284607	-0.5639502108097076
270	0.3535289466381073	-0.21047443151474	-0.5640033781528473
271	0.35345107316970825	-0.21063017845153809	-0.5640812516212463
272	0.35174864530563354	-0.2140350341796875	-0.565783679485321
273	0.34819936752319336	-0.22113358974456787	-0.5693329572677612
274	0.34784990549087524	-0.2218325138092041	-0.5696824193000793
275	0.34765833616256714	-0.2222156524658203	-0.5698739886283875
276	0.34748682379722595	-0.22255867719650269	-0.5700455009937286
277	0.347337543964386	-0.22285723686218262	-0.5701947808265686
278	0.3444998264312744	-0.22853267192840576	-0.5730324983596802
279	0.34287044405937195	-0.2317914366722107	-0.5746618807315826
280	0.34219637513160706	-0.23313957452774048	-0.5753359496593475
281	0.3406311273574829	-0.23627007007598877	-0.5769011974334717
282	0.33991554379463196	-0.23770123720169067	-0.5776167809963226
283	0.3396603763103485	-0.23821157217025757	-0.5778719484806061
284	0.33941957354545593	-0.23869317770004272	-0.5781127512454987
285	0.3391967713832855	-0.23913878202438354	-0.5783355534076691
286	0.33898958563804626	-0.23955315351486206	-0.5785427391529083
287	0.3387910723686218	-0.23995018005371094	-0.5787412524223328
288	0.33855658769607544	-0.2404191493988037	-0.5789757370948792
289	0.338337779045105	-0.24085676670074463	-0.5791945457458496
290	0.33813685178756714	-0.2412586212158203	-0.5793954730033875
291	0.33795300126075745	-0.2416263222694397	-0.5795793235301971
292	0.33777308464050293	-0.24198615550994873	-0.5797592401504517
293	0.33761149644851685	-0.2423093318939209	-0.5799208283424377
294	0.33747318387031555	-0.2425859570503235	-0.580059140920639
295	0.33735355734825134	-0.2428252100944519	-0.5801787674427032
296	0.3372366428375244	-0.24305903911590576	-0.5802956819534302
297	0.3371336758136749	-0.24326497316360474	-0.5803986489772797
298	0.3370423913002014	-0.24344754219055176	-0.5804899334907532
299	0.3369600176811218	-0.24361228942871094	-0.5805723071098328
300	0.33685728907585144	-0.2438177466392517	-0.5806750357151031
301	0.336749792098999	-0.24403274059295654	-0.5807825326919556
302	0.3366512954235077	-0.2442297339439392	-0.5808810293674469
303	0.3365553319454193	-0.24442166090011597	-0.5809769928455353
304	0.3364672362804413	-0.24459785223007202	-0.5810650885105133
305	0.33638545870780945	-0.2447614073753357	-0.5811468660831451
306	0.33630862832069397	-0.24491506814956665	-0.5812236964702606
307	0.3362330496311188	-0.24506622552871704	-0.5812992751598358
308	0.3361606001853943	-0.24521112442016602	-0.5813717246055603
309	0.33608952164649963	-0.24535328149795532	-0.581442803144455
310	0.33602145314216614	-0.24548941850662231	-0.5815108716487885
311	0.33595409989356995	-0.2456241250038147	-0.5815782248973846
312	0.33588993549346924	-0.2457524538040161	-0.5816423892974854
313	0.33582720160484314	-0.2458779215812683	-0.5817051231861115
314	0.3357655107975006	-0.24600130319595337	-0.581766813993454
315	0.33570486307144165	-0.2461225986480713	-0.5818274617195129
316	0.3356464207172394	-0.24623948335647583	-0.5818859040737152
317	0.3355914056301117	-0.2463495135307312	-0.5819409191608429
318	0.3355441391468048	-0.24644404649734497	-0.5819881856441498
319	0.3354973793029785	-0.24653756618499756	-0.5820349454879761
320	0.33545348048210144	-0.2466253638267517	-0.5820788443088531
321	0.3354157507419586	-0.24670082330703735	-0.582116574048996
322	0.3353789746761322	-0.24677437543869019	-0.5821533501148224
323	0.3353479504585266	-0.24683642387390137	-0.582184374332428
324	0.3353182077407837	-0.2468959093093872	-0.5822141170501709
325	0.335288941860199	-0.24695444107055664	-0.5822433829307556
326	0.33519095182418823	-0.24715042114257812	-0.5823413729667664
327	0.3331312835216522	-0.25126975774765015	-0.5844010412693024
328	0.3273225724697113	-0.262887179851532	-0.5902097523212433
329	0.3253689110279083	-0.26679450273513794	-0.5921634137630463
330	0.32456573843955994	-0.2684008479118347	-0.5929665863513947
331	0.32423916459083557	-0.26905399560928345	-0.593293160200119
332	0.3240244686603546	-0.26948338747024536	-0.5935078561306
333	0.3238219618797302	-0.26988840103149414	-0.5937103629112244
334	0.3236328959465027	-0.2702665328979492	-0.5938994288444519
335	0.3234563171863556	-0.2706196904182434	-0.594076007604599
336	0.32329192757606506	-0.27094846963882446	-0.5942403972148895
337	0.32313862442970276	-0.2712550759315491	-0.5943937003612518
338	0.32299184799194336	-0.27154862880706787	-0.5945404767990112
339	0.3228153884410858	-0.27190154790878296	-0.5947169363498688
340	0.32264968752861023	-0.27223294973373413	-0.5948826372623444
341	0.3224960267543793	-0.27254027128219604	-0.5950362980365753
342	0.32235121726989746	-0.27282989025115967	-0.5951811075210571
343	0.3222125172615051	-0.27310729026794434	-0.5953198075294495
344	0.32208406925201416	-0.27336418628692627	-0.5954482555389404
345	0.3219434916973114	-0.2736453413963318	-0.5955888330936432
346	0.32032760977745056	-0.27687710523605347	-0.597204715013504
347	0.3121788203716278	-0.293174684047699	-0.6053535044193268
348	0.3116088807582855	-0.29431456327438354	-0.6059234440326691
349	0.31105563044548035	-0.2954210638999939	-0.6064766943454742
350	0.31057992577552795	-0.2963724732398987	-0.6069523990154266
351	0.3099486231803894	-0.2976350784301758	-0.6075837016105652
352	0.30968278646469116	-0.29816675186157227	-0.6078495383262634
353	0.3094301223754883	-0.298672080039978	-0.6081022024154663
354	0.3091892898082733	-0.29915374517440796	-0.6083430349826813
355	0.3089609146118164	-0.2996104955673218	-0.6085714101791382
356	0.3087446391582489	-0.3000430464744568	-0.6087876856327057
357	0.3085394501686096	-0.30045342445373535	-0.608992874622345
358	0.3083353340625763	-0.300861656665802	-0.6091969907283783
359	0.3081425130367279	-0.3012472987174988	-0.6093898117542267
360	0.30795982480049133	-0.3016126751899719	-0.6095724999904633
361	0.3077886700630188	-0.301954984664917	-0.6097436547279358
362	0.30763036012649536	-0.30227160453796387	-0.6099019646644592
363	0.3074727952480316	-0.30258673429489136	-0.610059529542923
364	0.307325541973114	-0.30288124084472656	-0.6102067828178406
365	0.30718860030174255	-0.3031551241874695	-0.610343724489212
366	0.3070601522922516	-0.3034120202064514	-0.610472172498703
367	0.30693623423576355	-0.3036598563194275	-0.610596090555191
368	0.30682051181793213	-0.30389130115509033	-0.6107118129730225
369	0.30670905113220215	-0.3041142225265503	-0.6108232736587524
370	0.3065943121910095	-0.30434370040893555	-0.6109380125999451
371	0.306484192609787	-0.3045639395713806	-0.6110481321811676
372	0.3063763678073883	-0.304779589176178	-0.6111559569835663
373	0.30627575516700745	-0.3049808144569397	-0.6112565696239471
374	0.3061794340610504	-0.30517345666885376	-0.6113528907299042
375	0.3060854375362396	-0.30536144971847534	-0.611446887254715
376	0.3059993386268616	-0.30553364753723145	-0.611532986164093
377	0.3059270977973938	-0.305678129196167	-0.6116052269935608
378	0.30586886405944824	-0.3057945966720581	-0.6116634607315063
379	0.30581578612327576	-0.3059007525444031	-0.6117165386676788
380	0.30576464533805847	-0.30600303411483765	-0.6117676794528961
381	0.30572134256362915	-0.3060896396636963	-0.6118109822273254
382	0.3056851625442505	-0.3061619997024536	-0.6118471622467041
383	0.30565038323402405	-0.3062315583229065	-0.6118819415569305
384	0.3056088984012604	-0.30631452798843384	-0.6119234263896942
385	0.30553698539733887	-0.30645835399627686	-0.6119953393936157
386	0.3054681122303009	-0.3065961003303528	-0.6120642125606537
387	0.30541232228279114	-0.3067076802253723	-0.6121200025081635
388	0.30536067485809326	-0.30681097507476807	-0.6121716499328613
389	0.30531564354896545	-0.3069010376930237	-0.6122166812419891
390	0.30527642369270325	-0.3069794774055481	-0.6122559010982513
391	0.30523809790611267	-0.30705612897872925	-0.6122942268848419
392	0.30520424246788025	-0.3071238398551941	-0.6123280823230743
393	0.30517280101776123	-0.30718672275543213	-0.6123595237731934
394	0.3051414489746094	-0.30724942684173584	-0.6123908758163452
395	0.3051113784313202	-0.3073095679283142	-0.6124209463596344
396	0.3050844073295593	-0.30736351013183594	-0.6124479174613953
397	0.3050593435764313	-0.30741363763809204	-0.6124729812145233
398	0.3050369322299957	-0.30745846033096313	-0.6124953925609589
399	0.30501505732536316	-0.30750221014022827	-0.6125172674655914
400	0.304993212223053	-0.30754590034484863	-0.6125391125679016
401	0.30497366189956665	-0.3075850009918213	-0.6125586628913879
402	0.3049560785293579	-0.30762016773223877	-0.6125762462615967
403	0.30493980646133423	-0.30765271186828613	-0.6125925183296204
404	0.30492639541625977	-0.30767953395843506	-0.6126059293746948
405	0.30491334199905396	-0.3077056407928467	-0.6126189827919006
406	0.3049011528491974	-0.3077300190925598	-0.6126311719417572
407	0.30489033460617065	-0.3077516555786133	-0.6126419901847839
408	0.3048798441886902	-0.3077726364135742	-0.6126524806022644
409	0.30486926436424255	-0.3077937960624695	-0.612663060426712
410	0.30477374792099	-0.3079848289489746	-0.6127585768699646
411	0.3047459125518799	-0.3080404996871948	-0.6127864122390747
412	0.3047228157520294	-0.30808669328689575	-0.6128095090389252
413	0.30470067262649536	-0.30813097953796387	-0.6128316521644592
414	0.304681658744812	-0.30816900730133057	-0.6128506660461426
415	0.30466413497924805	-0.3082040548324585	-0.6128681898117065
416	0.30465131998062134	-0.3082296848297119	-0.6128810048103333
417	0.3046390414237976	-0.3082542419433594	-0.612893283367157
418	0.3046278655529022	-0.30827659368515015	-0.6129044592380524
419	0.3046194314956665	-0.3082934617996216	-0.6129128932952881
420	0.30461129546165466	-0.30830973386764526	-0.6129210293292999
421	0.3046036660671234	-0.30832499265670776	-0.6129286587238312
422	0.30459484457969666	-0.3083426356315613	-0.6129374802112579
423	0.30458688735961914	-0.3083585500717163	-0.6129454374313354
424	0.30457964539527893	-0.30837303400039673	-0.6129526793956757
425	0.3045713007450104	-0.30838972330093384	-0.6129610240459442
426	0.3045637309551239	-0.3084048628807068	-0.6129685938358307
427	0.30455663800239563	-0.30841904878616333	-0.612975686788559
428	0.30454984307289124	-0.3084326386451721	-0.6129824817180634
429	0.30454185605049133	-0.3084486126899719	-0.6129904687404633
430	0.3045346140861511	-0.30846309661865234	-0.6129977107048035
431	0.3045281171798706	-0.3084760904312134	-0.613004207611084
432	0.3045206069946289	-0.3084911108016968	-0.6130117177963257
433	0.30451348423957825	-0.3085053563117981	-0.6130188405513763
434	0.30450743436813354	-0.3085174560546875	-0.613024890422821
435	0.304501473903656	-0.3085293769836426	-0.6130308508872986
436	0.3044944405555725	-0.30854344367980957	-0.6130378842353821
437	0.30448779463768005	-0.3085567355155945	-0.6130445301532745
438	0.3044819235801697	-0.30856847763061523	-0.6130504012107849
439	0.3044752776622772	-0.30858176946640015	-0.6130570471286774
440	0.3044690191745758	-0.308594286441803	-0.6130633056163788
441	0.30446338653564453	-0.3086055517196655	-0.6130689382553101
442	0.304456889629364	-0.30861854553222656	-0.6130754351615906
443	0.30444785952568054	-0.3086366057395935	-0.613084465265274
444	0.30259546637535095	-0.3123413920402527	-0.6149368584156036
445	0.2968803644180298	-0.323771595954895	-0.6206519603729248
446	0.2947652041912079	-0.3280019164085388	-0.6227671205997467
447	0.29439204931259155	-0.3287482261657715	-0.623140275478363
448	0.2940415143966675	-0.32944929599761963	-0.6234908103942871
449	0.29369205236434937	-0.33014822006225586	-0.6238402724266052
450	0.29336613416671753	-0.33080005645751953	-0.6241661906242371
451	0.2930663824081421	-0.3313995599746704	-0.6244659423828125
452	0.2927703261375427	-0.33199167251586914	-0.6247619986534119
453	0.29249414801597595	-0.3325440287590027	-0.6250381767749786
454	0.2922389507293701	-0.33305442333221436	-0.6252933740615845
455	0.2919950485229492	-0.33354222774505615	-0.6255372762680054
456	0.2917603850364685	-0.3340115547180176	-0.6257719397544861
457	0.29154378175735474	-0.3344447612762451	-0.6259885430335999
458	0.29134610295295715	-0.3348401188850403	-0.6261862218379974
459	0.2911522090435028	-0.335227906703949	-0.6263801157474518
460	0.2909725308418274	-0.3355872631072998	-0.6265597939491272
461	0.2908090651035309	-0.3359141945838928	-0.6267232596874237
462	0.29066136479377747	-0.33620959520339966	-0.6268709599971771
463	0.2905136048793793	-0.33650511503219604	-0.6270187199115753
464	0.2900378704071045	-0.3374565839767456	-0.6274944543838501
465	0.28252163529396057	-0.35248905420303345	-0.635010689496994
466	0.2807351350784302	-0.35606205463409424	-0.6367971897125244
467	0.28035059571266174	-0.3568311333656311	-0.6371817290782928
468	0.28016021847724915	-0.3572118878364563	-0.6373721063137054
469	0.2800024747848511	-0.35752737522125244	-0.6375298500061035
470	0.2798638343811035	-0.35780465602874756	-0.6376684904098511
471	0.2797265350818634	-0.3580792546272278	-0.6378057897090912
472	0.2795969843864441	-0.3583383560180664	-0.6379353404045105
473	0.27947747707366943	-0.3585773706436157	-0.6380548477172852
474	0.2793656885623932	-0.3588009476661682	-0.6381666362285614
475	0.2792627513408661	-0.3590068221092224	-0.6382695734500885
476	0.2791711390018463	-0.35919004678726196	-0.6383611857891083
477	0.2790822684764862	-0.3593677878379822	-0.6384500563144684
478	0.27900397777557373	-0.35952436923980713	-0.6385283470153809
479	0.2789309620857239	-0.35967040061950684	-0.6386013627052307
480	0.27886664867401123	-0.35979902744293213	-0.6386656761169434
481	0.2788117229938507	-0.3599088788032532	-0.6387206017971039
482	0.2787279188632965	-0.3600764870643616	-0.6388044059276581
483	0.2786206007003784	-0.36029112339019775	-0.6389117240905762
484	0.27854451537132263	-0.3604432940483093	-0.638987809419632
485	0.2784716486930847	-0.36058902740478516	-0.6390606760978699
486	0.2784057855606079	-0.36072075366973877	-0.6391265392303467
487	0.27834683656692505	-0.3608386516571045	-0.6391854882240295
488	0.2782932221889496	-0.3609458804130554	-0.639239102602005
489	0.2782430946826935	-0.3610461354255676	-0.6392892301082611
490	0.27818647027015686	-0.36115938425064087	-0.6393458545207977
491	0.27813634276390076	-0.3612596392631531	-0.6393959820270538
492	0.2780914306640625	-0.3613494634628296	-0.6394408941268921
493	0.27805301547050476	-0.36142629384994507	-0.6394793093204498
494	0.2780188322067261	-0.36149466037750244	-0.6395134925842285
495	0.27798885107040405	-0.3615546226501465	-0.6395434737205505
496	0.2779635488986969	-0.3616052269935608	-0.6395687758922577
497	0.2779419422149658	-0.36164844036102295	-0.6395903825759888
498	0.27792075276374817	-0.36169081926345825	-0.6396115720272064
499	0.2779073119163513	-0.36171770095825195	-0.6396250128746033
500	0.27789589762687683	-0.3617405295372009	-0.6396364271640778
501	0.2778869569301605	-0.36175841093063354	-0.6396453678607941
502	0.27788054943084717	-0.36177122592926025	-0.6396517753601074
503	0.2778755724430084	-0.36178117990493774	-0.6396567523479462
504	0.27787134051322937	-0.36178964376449585	-0.6396609842777252
505	0.2778673768043518	-0.361797571182251	-0.6396649479866028
506	0.27786368131637573	-0.3618049621582031	-0.6396686434745789
507	0.2778591215610504	-0.36181408166885376	-0.6396732032299042
508	0.27785545587539673	-0.36182141304016113	-0.6396768689155579
509	0.27785202860832214	-0.3618282675743103	-0.6396802961826324
510	0.2778477668762207	-0.3618367910385132	-0.6396845579147339
511	0.27784407138824463	-0.36184418201446533	-0.63968825340271
512	0.2778407037258148	-0.36185091733932495	-0.6396916210651398
513	0.2778363823890686	-0.3618595600128174	-0.639695942401886
514	0.27783289551734924	-0.3618665337562561	-0.6396994292736053
515	0.27782970666885376	-0.36187291145324707	-0.6397026181221008
516	0.2778257429599762	-0.3618808388710022	-0.6397065818309784
517	0.277822345495224	-0.3618876338005066	-0.6397099792957306
518	0.2778191864490509	-0.3618939518928528	-0.6397131383419037
519	0.27781519293785095	-0.3619019389152527	-0.6397171318531036
520	0.27781179547309875	-0.3619087338447571	-0.6397205293178558
521	0.2778087854385376	-0.3619147539138794	-0.639723539352417
522	0.27780506014823914	-0.3619222044944763	-0.6397272646427155
523	0.2778019309043884	-0.36192846298217773	-0.6397303938865662
524	0.2777990698814392	-0.36193418502807617	-0.6397332549095154
525	0.27779534459114075	-0.3619416356086731	-0.6397369801998138
526	0.2777922451496124	-0.36194783449172974	-0.6397400796413422
527	0.27778932452201843	-0.3619536757469177	-0.6397430002689362
528	0.2777855694293976	-0.3619611859321594	-0.639746755361557
529	0.27778276801109314	-0.3619667887687683	-0.6397495567798615
530	0.27778011560440063	-0.3619720935821533	-0.639752209186554
531	0.2777775526046753	-0.361977219581604	-0.6397547721862793
532	0.2777740955352783	-0.36198413372039795	-0.6397582292556763
533	0.2777712643146515	-0.3619897961616516	-0.6397610604763031
534	0.27776870131492615	-0.3619949221611023	-0.6397636234760284
535	0.27776530385017395	-0.3620017170906067	-0.6397670209407806
536	0.27776244282722473	-0.3620074391365051	-0.6397698819637299
537	0.2777598798274994	-0.3620125651359558	-0.6397724449634552
538	0.27775663137435913	-0.36201906204223633	-0.6397756934165955
539	0.2777540981769562	-0.36202412843704224	-0.6397782266139984
540	0.27775177359580994	-0.3620287775993347	-0.6397805511951447
541	0.27774861454963684	-0.3620350956916809	-0.6397837102413177
542	0.2777460813522339	-0.3620401620864868	-0.6397862434387207
543	0.2777438163757324	-0.36204469203948975	-0.6397885084152222
544	0.27774062752723694	-0.3620510697364807	-0.6397916972637177
545	0.277738094329834	-0.3620561361312866	-0.6397942304611206
546	0.27773579955101013	-0.3620607256889343	-0.6397965252399445
547	0.2777327597141266	-0.3620668053627014	-0.639799565076828
548	0.27773040533065796	-0.36207151412963867	-0.6398019194602966
549	0.27772828936576843	-0.3620757460594177	-0.6398040354251862
550	0.27772530913352966	-0.36208170652389526	-0.6398070156574249
551	0.2777229845523834	-0.36208635568618774	-0.6398093402385712
552	0.27772092819213867	-0.36209046840667725	-0.6398113965988159
553	0.2777179181575775	-0.36209648847579956	-0.6398144066333771
554	0.2777155637741089	-0.3621011972427368	-0.6398167610168457
555	0.27771347761154175	-0.3621053695678711	-0.6398188471794128
556	0.277710497379303	-0.36211133003234863	-0.6398218274116516
557	0.2777082920074463	-0.362115740776062	-0.6398240327835083
558	0.27770641446113586	-0.36211949586868286	-0.6398259103298187
559	0.2777036428451538	-0.362125039100647	-0.6398286819458008
560	0.2777015268802643	-0.362129271030426	-0.6398307979106903
561	0.27769967913627625	-0.3621329665184021	-0.6398326456546783
562	0.2776969373226166	-0.36213845014572144	-0.639835387468338
563	0.27769479155540466	-0.36214274168014526	-0.6398375332355499
564	0.27769291400909424	-0.3621464967727661	-0.6398394107818604
565	0.2776901423931122	-0.3621520400047302	-0.6398421823978424
566	0.27768805623054504	-0.3621562123298645	-0.6398442685604095
567	0.277686208486557	-0.3621599078178406	-0.6398461163043976
568	0.2776849865913391	-0.36216235160827637	-0.6398473381996155
569	0.2776845693588257	-0.3621631860733032	-0.6398477554321289
570	0.27768442034721375	-0.3621634840965271	-0.6398479044437408
571	0.27768346667289734	-0.3621653914451599	-0.6398488581180573
572	0.2776827812194824	-0.36216676235198975	-0.6398495435714722
573	0.277682363986969	-0.3621675968170166	-0.6398499608039856
574	0.27768221497535706	-0.3621678948402405	-0.6398501098155975
575	0.2776814103126526	-0.3621695041656494	-0.639850914478302
576	0.27768072485923767	-0.36217087507247925	-0.6398515999317169
577	0.27768030762672424	-0.3621717095375061	-0.6398520171642303
578	0.2776801586151123	-0.36217200756073	-0.6398521661758423
579	0.27767932415008545	-0.3621736764907837	-0.6398530006408691
580	0.27767863869667053	-0.3621750473976135	-0.6398536860942841
581	0.2776782214641571	-0.3621758818626404	-0.6398541033267975
582	0.27767810225486755	-0.3621761202812195	-0.639854222536087
583	0.2776772379875183	-0.36217784881591797	-0.6398550868034363
584	0.2776765823364258	-0.362179160118103	-0.6398557424545288
585	0.27767613530158997	-0.36218005418777466	-0.6398561894893646
586	0.277675986289978	-0.36218035221099854	-0.6398563385009766
587	0.27767521142959595	-0.3621819019317627	-0.6398571133613586
588	0.27767449617385864	-0.3621833324432373	-0.639857828617096
589	0.2776740789413452	-0.36218416690826416	-0.6398582458496094
590	0.2776739299297333	-0.36218446493148804	-0.6398583948612213
591	0.2776731252670288	-0.362186074256897	-0.6398591995239258
592	0.2776724100112915	-0.3621875047683716	-0.6398599147796631
593	0.2776719927787781	-0.36218833923339844	-0.6398603320121765
594	0.27767181396484375	-0.3621886968612671	-0.6398605108261108
595	0.2776710093021393	-0.362190306186676	-0.6398613154888153
596	0.27767032384872437	-0.36219167709350586	-0.6398620009422302
597	0.2776699364185333	-0.36219245195388794	-0.6398623883724213
598	0.277669757604599	-0.3621928095817566	-0.6398625671863556
599	0.27766895294189453	-0.3621944189071655	-0.6398633718490601
600	0.2776682674884796	-0.36219578981399536	-0.639864057302475
601	0.2776678502559662	-0.3621966242790222	-0.6398644745349884
602	0.27766767144203186	-0.36219698190689087	-0.6398646533489227
603	0.2776668667793274	-0.3621985912322998	-0.6398654580116272
604	0.27766621112823486	-0.36219990253448486	-0.6398661136627197
605	0.27766576409339905	-0.3622007966041565	-0.6398665606975555
606	0.2776656150817871	-0.36220109462738037	-0.6398667097091675
607	0.27766484022140503	-0.36220264434814453	-0.6398674845695496
608	0.2776641249656677	-0.36220407485961914	-0.6398681998252869
609	0.2776637077331543	-0.362204909324646	-0.6398686170578003
610	0.27766352891921997	-0.36220526695251465	-0.6398687958717346
611	0.2776627242565155	-0.3622068762779236	-0.6398696005344391
612	0.2776620090007782	-0.3622083067893982	-0.6398703157901764
613	0.27766162157058716	-0.3622090816497803	-0.6398707032203674
614	0.27766144275665283	-0.3622094392776489	-0.6398708820343018
615	0.27766063809394836	-0.36221104860305786	-0.6398716866970062
616	0.27765998244285583	-0.3622123599052429	-0.6398723423480988
617	0.27765953540802	-0.36221325397491455	-0.6398727893829346
618	0.2776593863964081	-0.3622135519981384	-0.6398729383945465
619	0.2776586413383484	-0.3622150421142578	-0.6398736834526062
620	0.2776578962802887	-0.3622165322303772	-0.6398744285106659
621	0.27765750885009766	-0.3622173070907593	-0.6398748159408569
622	0.2776573598384857	-0.36221760511398315	-0.6398749649524689
623	0.2776567339897156	-0.36221885681152344	-0.639875590801239
624	0.27765604853630066	-0.36222022771835327	-0.6398762762546539
625	0.27765563130378723	-0.3622210621833801	-0.6398766934871674
626	0.2776554822921753	-0.362221360206604	-0.6398768424987793
627	0.2776549160480499	-0.36222249269485474	-0.6398774087429047
628	0.27765417098999023	-0.3622239828109741	-0.6398781538009644
629	0.2776537835597992	-0.3622247576713562	-0.6398785412311554
630	0.27765363454818726	-0.3622250556945801	-0.6398786902427673
631	0.2776530683040619	-0.3622261881828308	-0.6398792564868927
632	0.277652382850647	-0.36222755908966064	-0.6398799419403076
633	0.27765190601348877	-0.36222851276397705	-0.6398804187774658
634	0.2776517868041992	-0.36222875118255615	-0.6398805379867554
635	0.27765119075775146	-0.36222994327545166	-0.6398811340332031
636	0.27765050530433655	-0.3622313141822815	-0.639881819486618
637	0.27765005826950073	-0.3622322082519531	-0.6398822665214539
638	0.2776499092578888	-0.362232506275177	-0.6398824155330658
639	0.2776493430137634	-0.36223363876342773	-0.6398829817771912
640	0.2776486277580261	-0.36223506927490234	-0.6398836970329285
641	0.2776482105255127	-0.3622359037399292	-0.6398841142654419
642	0.27764806151390076	-0.3622362017631531	-0.6398842632770538
643	0.2776475250720978	-0.36223727464675903	-0.6398847997188568
644	0.2776467800140381	-0.3622387647628784	-0.6398855447769165
645	0.27764636278152466	-0.3622395992279053	-0.6398859620094299
646	0.2776462435722351	-0.3622398376464844	-0.6398860812187195
647	0.27764561772346497	-0.36224108934402466	-0.6398867070674896
648	0.27764496207237244	-0.3622424006462097	-0.6398873627185822
649	0.277644544839859	-0.3622432351112366	-0.6398877799510956
650	0.27764439582824707	-0.36224353313446045	-0.6398879289627075
651	0.2776438295841217	-0.3622446656227112	-0.6398884952068329
652	0.27764347195625305	-0.3622453808784485	-0.6398888528347015
653	0.27764081954956055	-0.3622506856918335	-0.639891505241394
654	0.2776406407356262	-0.36225104331970215	-0.6398916840553284
655	0.2776395380496979	-0.36225324869155884	-0.6398927867412567
656	0.2776373028755188	-0.362257719039917	-0.6398950219154358
657	0.2776373028755188	-0.362257719039917	-0.6398950219154358
658	0.2776373028755188	-0.362257719039917	-0.6398950219154358
659	0.2776373028755188	-0.362257719039917	-0.6398950219154358
660	0.2776373028755188	-0.362257719039917	-0.6398950219154358
661	0.2776373028755188	-0.362257719039917	-0.6398950219154358
662	0.2776373028755188	-0.362257719039917	-0.6398950219154358
663	0.277437686920166	-0.36265695095062256	-0.6400946378707886
664	0.2772509753704071	-0.3630303740501404	-0.6402813494205475
665	0.2768091559410095	-0.36391401290893555	-0.6407231688499451
666	0.2709975838661194	-0.3755371570587158	-0.6465347409248352
667	0.2675975263118744	-0.3823372721672058	-0.6499347984790802
668	0.26295971870422363	-0.3916128873825073	-0.654572606086731
669	0.26062655448913574	-0.3962792158126831	-0.6569057703018188
670	0.2574705481529236	-0.4025912284851074	-0.660061776638031
671	0.25727909803390503	-0.40297412872314453	-0.6602532267570496
672	0.25695082545280457	-0.40363067388534546	-0.66058149933815
673	0.2566976547241211	-0.4041370153427124	-0.6608346700668335
674	0.2565258741378784	-0.40448057651519775	-0.6610064506530762
675	0.2563793361186981	-0.40477365255355835	-0.6611529886722565
676	0.25628557801246643	-0.40496116876602173	-0.6612467467784882
677	0.25623819231987	-0.4050559401512146	-0.6612941324710846
678	0.25620466470718384	-0.4051229953765869	-0.6613276600837708
679	0.2561672031879425	-0.4051979184150696	-0.6613651216030121
680	0.25614026188850403	-0.40525180101394653	-0.6613920629024506
681	0.25612008571624756	-0.4052921533584595	-0.661412239074707
682	0.256100594997406	-0.4053311347961426	-0.6614317297935486
683	0.25608178973197937	-0.40536874532699585	-0.6614505350589752
684	0.25606364011764526	-0.40540504455566406	-0.6614686846733093
685	0.25604596734046936	-0.40544039011001587	-0.6614863574504852
686	0.2560281455516815	-0.40547603368759155	-0.6615041792392731
687	0.2560107409954071	-0.4055108428001404	-0.6615215837955475
688	0.25599390268325806	-0.4055445194244385	-0.6615384221076965
689	0.2559780478477478	-0.405576229095459	-0.6615542769432068
690	0.25596266984939575	-0.4056069850921631	-0.6615696549415588
691	0.2559468150138855	-0.4056386947631836	-0.6615855097770691
692	0.2559192478656769	-0.40569382905960083	-0.6616130769252777
693	0.2558290660381317	-0.40587419271469116	-0.6617032587528229
694	0.25579139590263367	-0.40594953298568726	-0.6617409288883209
695	0.25577157735824585	-0.4059891700744629	-0.6617607474327087
696	0.25575095415115356	-0.40603041648864746	-0.661781370639801
697	0.25573116540908813	-0.4060699939727783	-0.6618011593818665
698	0.2557118237018585	-0.40610867738723755	-0.6618205010890961
699	0.2556931674480438	-0.40614598989486694	-0.6618391573429108
700	0.25567513704299927	-0.40618205070495605	-0.6618571877479553
701	0.25565749406814575	-0.4062173366546631	-0.6618748307228088
702	0.25564053654670715	-0.4062512516975403	-0.6618917882442474
703	0.25562387704849243	-0.4062845706939697	-0.6619084477424622
704	0.2556079626083374	-0.4063163995742798	-0.6619243621826172
705	0.2555925250053406	-0.40634727478027344	-0.661939799785614
706	0.25557777285575867	-0.40637677907943726	-0.6619545519351959
707	0.25556206703186035	-0.4064081907272339	-0.6619702577590942
708	0.2555467188358307	-0.4064388871192932	-0.6619856059551239
709	0.25553184747695923	-0.40646862983703613	-0.6620004773139954
710	0.25551748275756836	-0.40649735927581787	-0.6620148420333862
711	0.255503386259079	-0.40652555227279663	-0.6620289385318756
712	0.25548988580703735	-0.4065525531768799	-0.6620424389839172
713	0.25547659397125244	-0.4065791368484497	-0.6620557308197021
714	0.2554638385772705	-0.4066046476364136	-0.6620684862136841
715	0.2554512917995453	-0.406629741191864	-0.6620810329914093
716	0.2554391622543335	-0.4066540002822876	-0.6620931625366211
717	0.25542736053466797	-0.40667760372161865	-0.6621049642562866
718	0.2554149329662323	-0.40670245885849	-0.6621173918247223
719	0.25540250539779663	-0.40672731399536133	-0.662129819393158
720	0.2553901970386505	-0.40675193071365356	-0.6621421277523041
721	0.2553783059120178	-0.40677571296691895	-0.6621540188789368
722	0.25536680221557617	-0.40679872035980225	-0.6621655225753784
723	0.2553556561470032	-0.40682101249694824	-0.6621766686439514
724	0.255344957113266	-0.4068424105644226	-0.6621873676776886
725	0.2553344964981079	-0.40686333179473877	-0.6621978282928467
726	0.25532421469688416	-0.4068838953971863	-0.6622081100940704
727	0.25531452894210815	-0.4069032669067383	-0.6622177958488464
728	0.2553050220012665	-0.40692228078842163	-0.6622273027896881
729	0.2552952468395233	-0.40694183111190796	-0.6622370779514313
730	0.25528478622436523	-0.4069627523422241	-0.6622475385665894
731	0.25527456402778625	-0.4069831967353821	-0.6622577607631683
732	0.2552645206451416	-0.4070032835006714	-0.662267804145813
733	0.2552548348903656	-0.4070226550102234	-0.662277489900589
734	0.25524866580963135	-0.4070349931716919	-0.6622836589813232
735	0.2552402913570404	-0.4070517420768738	-0.6622920334339142
736	0.25523263216018677	-0.40706706047058105	-0.6622996926307678
737	0.25522732734680176	-0.4070776700973511	-0.6623049974441528
738	0.25521641969680786	-0.40709948539733887	-0.6623159050941467
739	0.2552080452442169	-0.40711623430252075	-0.6623242795467377
740	0.25520241260528564	-0.4071274995803833	-0.662329912185669
741	0.25519439578056335	-0.4071435332298279	-0.6623379290103912
742	0.2551855146884918	-0.40716129541397095	-0.6623468101024628
743	0.25517913699150085	-0.4071740508079529	-0.6623531877994537
744	0.2551742494106293	-0.40718382596969604	-0.6623580753803253
745	0.25516459345817566	-0.40720313787460327	-0.6623677313327789
746	0.2551575005054474	-0.4072173237800598	-0.6623748242855072
747	0.25515294075012207	-0.40722644329071045	-0.6623793840408325
748	0.2551451325416565	-0.4072420597076416	-0.6623871922492981
749	0.2551373243331909	-0.40725767612457275	-0.6623950004577637
750	0.2551320791244507	-0.4072681665420532	-0.6624002456665039
751	0.2551272511482239	-0.40727782249450684	-0.6624050736427307
752	0.2551185190677643	-0.407295286655426	-0.6624138057231903
753	0.25511258840560913	-0.40730714797973633	-0.6624197363853455
754	0.25510916113853455	-0.4073140025138855	-0.66242316365242
755	0.25510141253471375	-0.4073294997215271	-0.6624309122562408
756	0.25509434938430786	-0.40734362602233887	-0.6624379754066467
757	0.25509020686149597	-0.40735191106796265	-0.6624421179294586
758	0.2550857663154602	-0.4073607921600342	-0.6624465584754944
759	0.25507795810699463	-0.40737640857696533	-0.66245436668396
760	0.2550761103630066	-0.4073801040649414	-0.662456214427948
761	0.2550761103630066	-0.4073801040649414	-0.662456214427948
762	0.2550761103630066	-0.4073801040649414	-0.662456214427948
763	0.2550761103630066	-0.4073801040649414	-0.662456214427948
764	0.2550761103630066	-0.4073801040649414	-0.662456214427948
765	0.2550761103630066	-0.4073801040649414	-0.662456214427948
766	0.2550761103630066	-0.4073801040649414	-0.662456214427948
767	0.2550761103630066	-0.4073801040649414	-0.662456214427948
768	0.2550761103630066	-0.4073801040649414	-0.662456214427948
769	0.2550761103630066	-0.4073801040649414	-0.662456214427948
770	0.2550761103630066	-0.4073801040649414	-0.662456214427948
771	0.2550761103630066	-0.4073801040649414	-0.662456214427948
772	0.2550761103630066	-0.4073801040649414	-0.662456214427948
773	0.2550761103630066	-0.4073801040649414	-0.662456214427948
774	0.2550761103630066	-0.4073801040649414	-0.662456214427948
775	0.2550761103630066	-0.4073801040649414	-0.662456214427948
776	0.2550761103630066	-0.4073801040649414	-0.662456214427948
777	0.2550761103630066	-0.4073801040649414	-0.662456214427948
778	0.2550761103630066	-0.4073801040649414	-0.662456214427948
779	0.2550761103630066	-0.4073801040649414	-0.662456214427948
780	0.2550761103630066	-0.4073801040649414	-0.662456214427948
781	0.2550761103630066	-0.4073801040649414	-0.662456214427948
782	0.2550761103630066	-0.4073801040649414	-0.662456214427948
783	0.2550761103630066	-0.4073801040649414	-0.662456214427948
784	0.2550761103630066	-0.4073801040649414	-0.662456214427948
785	0.2550761103630066	-0.4073801040649414	-0.662456214427948
786	0.2550761103630066	-0.4073801040649414	-0.662456214427948
787	0.2550761103630066	-0.4073801040649414	-0.662456214427948
788	0.2550761103630066	-0.4073801040649414	-0.662456214427948
789	0.2550761103630066	-0.4073801040649414	-0.662456214427948
790	0.2550761103630066	-0.4073801040649414	-0.662456214427948
791	0.2550761103630066	-0.4073801040649414	-0.662456214427948
792	0.2550761103630066	-0.4073801040649414	-0.662456214427948
793	0.2550761103630066	-0.4073801040649414	-0.662456214427948
794	0.2550761103630066	-0.4073801040649414	-0.662456214427948
795	0.2550761103630066	-0.4073801040649414	-0.662456214427948
796	0.2550761103630066	-0.4073801040649414	-0.662456214427948
797	0.2550761103630066	-0.4073801040649414	-0.662456214427948
798	0.2550761103630066	-0.4073801040649414	-0.662456214427948
799	0.2550761103630066	-0.4073801040649414	-0.662456214427948
800	0.2550761103630066	-0.4073801040649414	-0.662456214427948
801	0.2550761103630066	-0.4073801040649414	-0.662456214427948
802	0.2550761103630066	-0.4073801040649414	-0.662456214427948
803	0.2550761103630066	-0.4073801040649414	-0.662456214427948
804	0.2550761103630066	-0.4073801040649414	-0.662456214427948
805	0.2550761103630066	-0.4073801040649414	-0.662456214427948
806	0.2550761103630066	-0.4073801040649414	-0.662456214427948
807	0.2550761103630066	-0.4073801040649414	-0.662456214427948
808	0.2550761103630066	-0.4073801040649414	-0.662456214427948
809	0.2550761103630066	-0.4073801040649414	-0.662456214427948
810	0.2550761103630066	-0.4073801040649414	-0.662456214427948
811	0.2550761103630066	-0.4073801040649414	-0.662456214427948
812	0.2550761103630066	-0.4073801040649414	-0.662456214427948
813	0.2550761103630066	-0.4073801040649414	-0.662456214427948
814	0.2550761103630066	-0.4073801040649414	-0.662456214427948
815	0.2550761103630066	-0.4073801040649414	-0.662456214427948
816	0.2550761103630066	-0.4073801040649414	-0.662456214427948
817	0.2550761103630066	-0.4073801040649414	-0.662456214427948
818	0.2550761103630066	-0.4073801040649414	-0.662456214427948
819	0.2550761103630066	-0.4073801040649414	-0.662456214427948
820	0.2550761103630066	-0.4073801040649414	-0.662456214427948
821	0.2550761103630066	-0.4073801040649414	-0.662456214427948
822	0.2550761103630066	-0.4073801040649414	-0.662456214427948
823	0.2550761103630066	-0.4073801040649414	-0.662456214427948
824	0.2550761103630066	-0.4073801040649414	-0.662456214427948
825	0.2550761103630066	-0.4073801040649414	-0.662456214427948
826	0.2550761103630066	-0.4073801040649414	-0.662456214427948
827	0.2550761103630066	-0.4073801040649414	-0.662456214427948
828	0.2550761103630066	-0.4073801040649414	-0.662456214427948
829	0.2550761103630066	-0.4073801040649414	-0.662456214427948
830	0.2550761103630066	-0.4073801040649414	-0.662456214427948
831	0.2550761103630066	-0.4073801040649414	-0.662456214427948
832	0.2550761103630066	-0.4073801040649414	-0.662456214427948
833	0.2550761103630066	-0.4073801040649414	-0.662456214427948
834	0.2550761103630066	-0.4073801040649414	-0.662456214427948
835	0.2550761103630066	-0.4073801040649414	-0.662456214427948
836	0.2550761103630066	-0.4073801040649414	-0.662456214427948
837	0.2550761103630066	-0.4073801040649414	-0.662456214427948
838	0.2550761103630066	-0.4073801040649414	-0.662456214427948
839	0.2550761103630066	-0.4073801040649414	-0.662456214427948
840	0.2550761103630066	-0.4073801040649414	-0.662456214427948
841	0.2550761103630066	-0.4073801040649414	-0.662456214427948
842	0.2550761103630066	-0.4073801040649414	-0.662456214427948
843	0.2550761103630066	-0.4073801040649414	-0.662456214427948
844	0.2550761103630066	-0.4073801040649414	-0.662456214427948
845	0.2550761103630066	-0.4073801040649414	-0.662456214427948
846	0.2550761103630066	-0.4073801040649414	-0.662456214427948
847	0.2550761103630066	-0.4073801040649414	-0.662456214427948
848	0.2550761103630066	-0.4073801040649414	-0.662456214427948
849	0.2550761103630066	-0.4073801040649414	-0.662456214427948
850	0.2550761103630066	-0.4073801040649414	-0.662456214427948
851	0.2550761103630066	-0.4073801040649414	-0.662456214427948
852	0.2550761103630066	-0.4073801040649414	-0.662456214427948
853	0.2550761103630066	-0.4073801040649414	-0.662456214427948
854	0.2550761103630066	-0.4073801040649414	-0.662456214427948
855	0.2550761103630066	-0.4073801040649414	-0.662456214427948
856	0.2550761103630066	-0.4073801040649414	-0.662456214427948
857	0.2550761103630066	-0.4073801040649414	-0.662456214427948
858	0.2550761103630066	-0.4073801040649414	-0.662456214427948
859	0.2550761103630066	-0.4073801040649414	-0.662456214427948
860	0.2550761103630066	-0.4073801040649414	-0.662456214427948
861	0.2550761103630066	-0.4073801040649414	-0.662456214427948
862	0.2550761103630066	-0.4073801040649414	-0.662456214427948
863	0.2550761103630066	-0.4073801040649414	-0.662456214427948
864	0.2550761103630066	-0.4073801040649414	-0.662456214427948
865	0.2550761103630066	-0.4073801040649414	-0.662456214427948
866	0.2550761103630066	-0.4073801040649414	-0.662456214427948
867	0.2550761103630066	-0.4073801040649414	-0.662456214427948
868	0.2550761103630066	-0.4073801040649414	-0.662456214427948
869	0.2550761103630066	-0.4073801040649414	-0.662456214427948
870	0.2550761103630066	-0.4073801040649414	-0.662456214427948
871	0.2550761103630066	-0.4073801040649414	-0.662456214427948
872	0.2550761103630066	-0.4073801040649414	-0.662456214427948
873	0.2550761103630066	-0.4073801040649414	-0.662456214427948
874	0.2550761103630066	-0.4073801040649414	-0.662456214427948
875	0.2550761103630066	-0.4073801040649414	-0.662456214427948
876	0.2550761103630066	-0.4073801040649414	-0.662456214427948
877	0.2550761103630066	-0.4073801040649414	-0.662456214427948
878	0.2550761103630066	-0.4073801040649414	-0.662456214427948
879	0.2550761103630066	-0.4073801040649414	-0.662456214427948
880	0.2550761103630066	-0.4073801040649414	-0.662456214427948
881	0.2550761103630066	-0.4073801040649414	-0.662456214427948
882	0.2550761103630066	-0.4073801040649414	-0.662456214427948
883	0.2550761103630066	-0.4073801040649414	-0.662456214427948
884	0.2550761103630066	-0.4073801040649414	-0.662456214427948
885	0.2550761103630066	-0.4073801040649414	-0.662456214427948
886	0.2550761103630066	-0.4073801040649414	-0.662456214427948
887	0.2550761103630066	-0.4073801040649414	-0.662456214427948
888	0.255054771900177	-0.4074227809906006	-0.6624775528907776
889	0.2544216811656952	-0.4086889624595642	-0.6631106436252594
890	0.2526669204235077	-0.4121984839439392	-0.6648654043674469
891	0.25261399149894714	-0.4123043417930603	-0.6649183332920074
892	0.2525634169578552	-0.41240549087524414	-0.6649689078330994
893	0.25251781940460205	-0.4124966859817505	-0.6650145053863525
894	0.2524753510951996	-0.4125816226005554	-0.665056973695755
895	0.25243717432022095	-0.4126579761505127	-0.6650951504707336
896	0.2524026036262512	-0.41272711753845215	-0.6651297211647034
897	0.2523723542690277	-0.41278761625289917	-0.6651599705219269
898	0.2523486316204071	-0.4128350615501404	-0.6651836931705475
899	0.2523336112499237	-0.4128651022911072	-0.6651987135410309
900	0.2523210048675537	-0.41289031505584717	-0.6652113199234009
901	0.2523117661476135	-0.41290879249572754	-0.6652205586433411
902	0.2523045837879181	-0.4129231572151184	-0.6652277410030365
903	0.25230416655540466	-0.41292399168014526	-0.6652281582355499
904	0.25229910016059875	-0.4129341244697571	-0.6652332246303558
905	0.2522971034049988	-0.41293811798095703	-0.6652352213859558
906	0.2522960603237152	-0.41294020414352417	-0.6652362644672394
907	0.2522929012775421	-0.41294652223587036	-0.6652394235134125
908	0.25229018926620483	-0.4129519462585449	-0.6652421355247498
909	0.25229018926620483	-0.4129519462585449	-0.6652421355247498
910	0.25229018926620483	-0.4129519462585449	-0.6652421355247498
911	0.25229018926620483	-0.4129519462585449	-0.6652421355247498
912	0.25229018926620483	-0.4129519462585449	-0.6652421355247498
913	0.25229018926620483	-0.4129519462585449	-0.6652421355247498
914	0.25229018926620483	-0.4129519462585449	-0.6652421355247498
915	0.25229018926620483	-0.4129519462585449	-0.6652421355247498
916	0.25229018926620483	-0.4129519462585449	-0.6652421355247498
917	0.25229018926620483	-0.4129519462585449	-0.6652421355247498
918	0.25229018926620483	-0.4129519462585449	-0.6652421355247498
919	0.25229018926620483	-0.4129519462585449	-0.6652421355247498
920	0.25229018926620483	-0.4129519462585449	-0.6652421355247498
921	0.25229018926620483	-0.4129519462585449	-0.6652421355247498
922	0.25229018926620483	-0.4129519462585449	-0.6652421355247498
923	0.25229018926620483	-0.4129519462585449	-0.6652421355247498
924	0.25229018926620483	-0.4129519462585449	-0.6652421355247498
925	0.25229018926620483	-0.4129519462585449	-0.6652421355247498
926	0.25229018926620483	-0.4129519462585449	-0.6652421355247498
927	0.25229018926620483	-0.4129519462585449	-0.6652421355247498
928	0.25229018926620483	-0.4129519462585449	-0.6652421355247498
929	0.25229018926620483	-0.4129519462585449	-0.6652421355247498
930	0.25229018926620483	-0.4129519462585449	-0.6652421355247498
931	0.25229018926620483	-0.4129519462585449	-0.6652421355247498
932	0.25229018926620483	-0.4129519462585449	-0.6652421355247498
933	0.25229018926620483	-0.4129519462585449	-0.6652421355247498
934	0.25229018926620483	-0.4129519462585449	-0.6652421355247498
935	0.25229018926620483	-0.4129519462585449	-0.6652421355247498
936	0.25229018926620483	-0.4129519462585449	-0.6652421355247498
937	0.25229018926620483	-0.4129519462585449	-0.6652421355247498
938	0.25229018926620483	-0.4129519462585449	-0.6652421355247498
939	0.25229018926620483	-0.4129519462585449	-0.6652421355247498
940	0.25229018926620483	-0.4129519462585449	-0.6652421355247498
941	0.25229018926620483	-0.4129519462585449	-0.6652421355247498
942	0.25229018926620483	-0.4129519462585449	-0.6652421355247498
943	0.25229018926620483	-0.4129519462585449	-0.6652421355247498
944	0.25229018926620483	-0.4129519462585449	-0.6652421355247498
945	0.25229018926620483	-0.4129519462585449	-0.6652421355247498
946	0.25229018926620483	-0.4129519462585449	-0.6652421355247498
947	0.25229018926620483	-0.4129519462585449	-0.6652421355247498
948	0.25229018926620483	-0.4129519462585449	-0.6652421355247498
949	0.25229018926620483	-0.4129519462585449	-0.6652421355247498
950	0.25229018926620483	-0.4129519462585449	-0.6652421355247498
951	0.25229018926620483	-0.4129519462585449	-0.6652421355247498
952	0.25229018926620483	-0.4129519462585449	-0.6652421355247498
953	0.25229018926620483	-0.4129519462585449	-0.6652421355247498
954	0.25229018926620483	-0.4129519462585449	-0.6652421355247498
955	0.25229018926620483	-0.4129519462585449	-0.6652421355247498
956	0.25229018926620483	-0.4129519462585449	-0.6652421355247498
957	0.25229018926620483	-0.4129519462585449	-0.6652421355247498
958	0.25229018926620483	-0.4129519462585449	-0.6652421355247498
959	0.25229018926620483	-0.4129519462585449	-0.6652421355247498
960	0.25229018926620483	-0.4129519462585449	-0.6652421355247498
961	0.25229018926620483	-0.4129519462585449	-0.6652421355247498
962	0.25229018926620483	-0.4129519462585449	-0.6652421355247498
963	0.25229018926620483	-0.4129519462585449	-0.6652421355247498
964	0.25229018926620483	-0.4129519462585449	-0.6652421355247498
965	0.25229018926620483	-0.4129519462585449	-0.6652421355247498
966	0.25229018926620483	-0.4129519462585449	-0.6652421355247498
967	0.25229018926620483	-0.4129519462585449	-0.6652421355247498
968	0.25229018926620483	-0.4129519462585449	-0.6652421355247498
969	0.25229018926620483	-0.4129519462585449	-0.6652421355247498
970	0.25229018926620483	-0.4129519462585449	-0.6652421355247498
971	0.25229018926620483	-0.4129519462585449	-0.6652421355247498
972	0.25229018926620483	-0.4129519462585449	-0.6652421355247498
973	0.25229018926620483	-0.4129519462585449	-0.6652421355247498
974	0.25229018926620483	-0.4129519462585449	-0.6652421355247498
975	0.25229018926620483	-0.4129519462585449	-0.6652421355247498
976	0.25229018926620483	-0.4129519462585449	-0.6652421355247498
977	0.25229018926620483	-0.4129519462585449	-0.6652421355247498
978	0.25229018926620483	-0.4129519462585449	-0.6652421355247498
979	0.25229018926620483	-0.4129519462585449	-0.6652421355247498
980	0.25229018926620483	-0.4129519462585449	-0.6652421355247498
981	0.25229018926620483	-0.4129519462585449	-0.6652421355247498
982	0.25229018926620483	-0.4129519462585449	-0.6652421355247498
983	0.25229018926620483	-0.4129519462585449	-0.6652421355247498
984	0.25229018926620483	-0.4129519462585449	-0.6652421355247498
985	0.25229018926620483	-0.4129519462585449	-0.6652421355247498
986	0.25229018926620483	-0.4129519462585449	-0.6652421355247498
987	0.25229018926620483	-0.4129519462585449	-0.6652421355247498
988	0.25229018926620483	-0.4129519462585449	-0.6652421355247498
989	0.25229018926620483	-0.4129519462585449	-0.6652421355247498
990	0.25229018926620483	-0.4129519462585449	-0.6652421355247498
991	0.25229018926620483	-0.4129519462585449	-0.6652421355247498
992	0.25229018926620483	-0.4129519462585449	-0.6652421355247498
993	0.25229018926620483	-0.4129519462585449	-0.6652421355247498
994	0.25229018926620483	-0.4129519462585449	-0.6652421355247498
995	0.25229018926620483	-0.4129519462585449	-0.6652421355247498
996	0.25229018926620483	-0.4129519462585449	-0.6652421355247498
997	0.25229018926620483	-0.4129519462585449	-0.6652421355247498
998	0.25229018926620483	-0.4129519462585449	-0.6652421355247498
999	0.25229018926620483	-0.4129519462585449	-0.6652421355247498
1000	0.25229018926620483	-0.4129519462585449	-0.6652421355247498
1001	0.25229018926620483	-0.4129519462585449	-0.6652421355247498
1002	0.25229018926620483	-0.4129519462585449	-0.6652421355247498
1003	0.25229018926620483	-0.4129519462585449	-0.6652421355247498
1004	0.25229018926620483	-0.4129519462585449	-0.6652421355247498
1005	0.25229018926620483	-0.4129519462585449	-0.6652421355247498
1006	0.25229018926620483	-0.4129519462585449	-0.6652421355247498
1007	0.2522902190685272	-0.41295188665390015	-0.6652421057224274
1008	0.2522902190685272	-0.41295188665390015	-0.6652421057224274
1009	0.2522902190685272	-0.41295188665390015	-0.6652421057224274
1010	0.2522902190685272	-0.41295188665390015	-0.6652421057224274
1011	0.2522902190685272	-0.41295188665390015	-0.6652421057224274
1012	0.2522902190685272	-0.41295188665390015	-0.6652421057224274
1013	0.2522902190685272	-0.41295188665390015	-0.6652421057224274
1014	0.2522902190685272	-0.41295188665390015	-0.6652421057224274
1015	0.2522902190685272	-0.41295188665390015	-0.6652421057224274
1016	0.2522902190685272	-0.41295188665390015	-0.6652421057224274
1017	0.2522902190685272	-0.41295188665390015	-0.6652421057224274
1018	0.2522902190685272	-0.41295188665390015	-0.6652421057224274
1019	0.2522902190685272	-0.41295188665390015	-0.6652421057224274
1020	0.2522902190685272	-0.41295188665390015	-0.6652421057224274
1021	0.2522902190685272	-0.41295188665390015	-0.6652421057224274
1022	0.2522902190685272	-0.41295188665390015	-0.6652421057224274
1023	0.2522902190685272	-0.41295188665390015	-0.6652421057224274
1024	0.2522902190685272	-0.41295188665390015	-0.6652421057224274
1025	0.2522902190685272	-0.41295188665390015	-0.6652421057224274
1026	0.2522902190685272	-0.41295188665390015	-0.6652421057224274
1027	0.2522902190685272	-0.41295188665390015	-0.6652421057224274
1028	0.2522902190685272	-0.41295188665390015	-0.6652421057224274
1029	0.2522902190685272	-0.41295188665390015	-0.6652421057224274
1030	0.2522902190685272	-0.41295188665390015	-0.6652421057224274
1031	0.2522902190685272	-0.41295188665390015	-0.6652421057224274
1032	0.2522902190685272	-0.41295188665390015	-0.6652421057224274
1033	0.2522902190685272	-0.41295188665390015	-0.6652421057224274
1034	0.2522902190685272	-0.41295188665390015	-0.6652421057224274
1035	0.2522902190685272	-0.41295188665390015	-0.6652421057224274
1036	0.2522902190685272	-0.41295188665390015	-0.6652421057224274
1037	0.2522902190685272	-0.41295188665390015	-0.6652421057224274
1038	0.2522902190685272	-0.41295188665390015	-0.6652421057224274
1039	0.2522902190685272	-0.41295188665390015	-0.6652421057224274
1040	0.2522902190685272	-0.41295188665390015	-0.6652421057224274
1041	0.2522902190685272	-0.41295188665390015	-0.6652421057224274
1042	0.2522902190685272	-0.41295188665390015	-0.6652421057224274
1043	0.2522902190685272	-0.41295188665390015	-0.6652421057224274
1044	0.2522902190685272	-0.41295188665390015	-0.6652421057224274
1045	0.2522902190685272	-0.41295188665390015	-0.6652421057224274
1046	0.2522902190685272	-0.41295188665390015	-0.6652421057224274
1047	0.2522902190685272	-0.41295188665390015	-0.6652421057224274
1048	0.2522902190685272	-0.41295188665390015	-0.6652421057224274
1049	0.2522902190685272	-0.41295188665390015	-0.6652421057224274
1050	0.2522902190685272	-0.41295188665390015	-0.6652421057224274
1051	0.2522902190685272	-0.41295188665390015	-0.6652421057224274
1052	0.2522902190685272	-0.41295188665390015	-0.6652421057224274
1053	0.2522902190685272	-0.41295188665390015	-0.6652421057224274
1054	0.2522902190685272	-0.41295188665390015	-0.6652421057224274
1055	0.2522902190685272	-0.41295188665390015	-0.6652421057224274
1056	0.2522902190685272	-0.41295188665390015	-0.6652421057224274
1057	0.2522902190685272	-0.41295188665390015	-0.6652421057224274
1058	0.2522902190685272	-0.41295188665390015	-0.6652421057224274
1059	0.2522902190685272	-0.41295188665390015	-0.6652421057224274
1060	0.2522902190685272	-0.41295188665390015	-0.6652421057224274
1061	0.2522902190685272	-0.41295188665390015	-0.6652421057224274
1062	0.2522902190685272	-0.41295188665390015	-0.6652421057224274
1063	0.2522902190685272	-0.41295188665390015	-0.6652421057224274
1064	0.2522902190685272	-0.41295188665390015	-0.6652421057224274
1065	0.2522902190685272	-0.41295188665390015	-0.6652421057224274
1066	0.2522902190685272	-0.41295188665390015	-0.6652421057224274
1067	0.2522902190685272	-0.41295188665390015	-0.6652421057224274
1068	0.2522902190685272	-0.41295188665390015	-0.6652421057224274
1069	0.2522902190685272	-0.41295188665390015	-0.6652421057224274
1070	0.2522902190685272	-0.41295188665390015	-0.6652421057224274
1071	0.2522902190685272	-0.41295188665390015	-0.6652421057224274
1072	0.2522902190685272	-0.41295188665390015	-0.6652421057224274
1073	0.2522902190685272	-0.41295188665390015	-0.6652421057224274
1074	0.2522902190685272	-0.41295188665390015	-0.6652421057224274
1075	0.2522902190685272	-0.41295188665390015	-0.6652421057224274
1076	0.2522902190685272	-0.41295188665390015	-0.6652421057224274
1077	0.2522902190685272	-0.41295188665390015	-0.6652421057224274
1078	0.2522902190685272	-0.41295188665390015	-0.6652421057224274
1079	0.2522902190685272	-0.41295188665390015	-0.6652421057224274
1080	0.2522902190685272	-0.41295188665390015	-0.6652421057224274
1081	0.2522902190685272	-0.41295188665390015	-0.6652421057224274
1082	0.2522902190685272	-0.41295188665390015	-0.6652421057224274
1083	0.2522902190685272	-0.41295188665390015	-0.6652421057224274
1084	0.2522902190685272	-0.41295188665390015	-0.6652421057224274
1085	0.2522902190685272	-0.41295188665390015	-0.6652421057224274
1086	0.2522902190685272	-0.41295188665390015	-0.6652421057224274
1087	0.2522902190685272	-0.41295188665390015	-0.6652421057224274
1088	0.2522902190685272	-0.41295188665390015	-0.6652421057224274
1089	0.2522902190685272	-0.41295188665390015	-0.6652421057224274
1090	0.2522902190685272	-0.41295188665390015	-0.6652421057224274
1091	0.2522902190685272	-0.41295188665390015	-0.6652421057224274
1092	0.2522902190685272	-0.41295188665390015	-0.6652421057224274
1093	0.2522902190685272	-0.41295188665390015	-0.6652421057224274
1094	0.2522902190685272	-0.41295188665390015	-0.6652421057224274
1095	0.2522902190685272	-0.41295188665390015	-0.6652421057224274
1096	0.2522902190685272	-0.41295188665390015	-0.6652421057224274
1097	0.2522902190685272	-0.41295188665390015	-0.6652421057224274
1098	0.2522902190685272	-0.41295188665390015	-0.6652421057224274
1099	0.2522902190685272	-0.41295188665390015	-0.6652421057224274
1100	0.2522902190685272	-0.41295188665390015	-0.6652421057224274
1101	0.2522902190685272	-0.41295188665390015	-0.6652421057224274
1102	0.2522902190685272	-0.41295188665390015	-0.6652421057224274
1103	0.2522902190685272	-0.41295188665390015	-0.6652421057224274
1104	0.2522902190685272	-0.41295188665390015	-0.6652421057224274
1105	0.2522902190685272	-0.41295188665390015	-0.6652421057224274
1106	0.2522902190685272	-0.41295188665390015	-0.6652421057224274
1107	0.2522902190685272	-0.41295188665390015	-0.6652421057224274
1108	0.2522902190685272	-0.41295188665390015	-0.6652421057224274
1109	0.2522902190685272	-0.41295188665390015	-0.6652421057224274
1110	0.2522902190685272	-0.41295188665390015	-0.6652421057224274
1111	0.2522902190685272	-0.41295188665390015	-0.6652421057224274
1112	0.2522902190685272	-0.41295188665390015	-0.6652421057224274
1113	0.2522902190685272	-0.41295188665390015	-0.6652421057224274
1114	0.2522902190685272	-0.41295188665390015	-0.6652421057224274
1115	0.2522902190685272	-0.41295188665390015	-0.6652421057224274
1116	0.2522902190685272	-0.41295188665390015	-0.6652421057224274
1117	0.2522902190685272	-0.41295188665390015	-0.6652421057224274
1118	0.2522902190685272	-0.41295188665390015	-0.6652421057224274
1119	0.2522902190685272	-0.41295188665390015	-0.6652421057224274
1120	0.2522902190685272	-0.41295188665390015	-0.6652421057224274
1121	0.2522902190685272	-0.41295188665390015	-0.6652421057224274
1122	0.2522902190685272	-0.41295188665390015	-0.6652421057224274
1123	0.2522902190685272	-0.41295188665390015	-0.6652421057224274
1124	0.2522902190685272	-0.41295188665390015	-0.6652421057224274
1125	0.2522902190685272	-0.41295188665390015	-0.6652421057224274
1126	0.2522902190685272	-0.41295188665390015	-0.6652421057224274
1127	0.2522902190685272	-0.41295188665390015	-0.6652421057224274
1128	0.2522902190685272	-0.41295188665390015	-0.6652421057224274
1129	0.2522902190685272	-0.41295188665390015	-0.6652421057224274
1130	0.2522902190685272	-0.41295188665390015	-0.6652421057224274
1131	0.2522902190685272	-0.41295188665390015	-0.6652421057224274
1132	0.2522902190685272	-0.41295188665390015	-0.6652421057224274
1133	0.2522902190685272	-0.41295188665390015	-0.6652421057224274
1134	0.2522902190685272	-0.41295188665390015	-0.6652421057224274
1135	0.2522902190685272	-0.41295188665390015	-0.6652421057224274
1136	0.2522902190685272	-0.41295188665390015	-0.6652421057224274
1137	0.2522902190685272	-0.41295188665390015	-0.6652421057224274
1138	0.2522902190685272	-0.41295188665390015	-0.6652421057224274
1139	0.2522902190685272	-0.41295188665390015	-0.6652421057224274
1140	0.2522902190685272	-0.41295188665390015	-0.6652421057224274
1141	0.2522902190685272	-0.41295188665390015	-0.6652421057224274
1142	0.2522902190685272	-0.41295188665390015	-0.6652421057224274
1143	0.2522902190685272	-0.41295188665390015	-0.6652421057224274
1144	0.2522902190685272	-0.41295188665390015	-0.6652421057224274
1145	0.2522902190685272	-0.41295188665390015	-0.6652421057224274
1146	0.2522902190685272	-0.41295188665390015	-0.6652421057224274
1147	0.2522902190685272	-0.41295188665390015	-0.6652421057224274
1148	0.2522902190685272	-0.41295188665390015	-0.6652421057224274
1149	0.2522902190685272	-0.41295188665390015	-0.6652421057224274
1150	0.2522902190685272	-0.41295188665390015	-0.6652421057224274
1151	0.2522902190685272	-0.41295188665390015	-0.6652421057224274
1152	0.2522902190685272	-0.41295188665390015	-0.6652421057224274
1153	0.2522902190685272	-0.41295188665390015	-0.6652421057224274
1154	0.2522902190685272	-0.41295188665390015	-0.6652421057224274
1155	0.2522902190685272	-0.41295188665390015	-0.6652421057224274
1156	0.2522902190685272	-0.41295188665390015	-0.6652421057224274
1157	0.2522902190685272	-0.41295188665390015	-0.6652421057224274
1158	0.2522902190685272	-0.41295188665390015	-0.6652421057224274
1159	0.2522902190685272	-0.41295188665390015	-0.6652421057224274
1160	0.2522902190685272	-0.41295188665390015	-0.6652421057224274
1161	0.2522902190685272	-0.41295188665390015	-0.6652421057224274
1162	0.2522902190685272	-0.41295188665390015	-0.6652421057224274
1163	0.2522902190685272	-0.41295188665390015	-0.6652421057224274
1164	0.2522902190685272	-0.41295188665390015	-0.6652421057224274
1165	0.2522902190685272	-0.41295188665390015	-0.6652421057224274
1166	0.2522902190685272	-0.41295188665390015	-0.6652421057224274
1167	0.2522902190685272	-0.41295188665390015	-0.6652421057224274
1168	0.2522902190685272	-0.41295188665390015	-0.6652421057224274
1169	0.2522902190685272	-0.41295188665390015	-0.6652421057224274
1170	0.2522902190685272	-0.41295188665390015	-0.6652421057224274
1171	0.2522902190685272	-0.41295188665390015	-0.6652421057224274
1172	0.2522902190685272	-0.41295188665390015	-0.6652421057224274
1173	0.2522902190685272	-0.41295188665390015	-0.6652421057224274
1174	0.2522902190685272	-0.41295188665390015	-0.6652421057224274
1175	0.2522902190685272	-0.41295188665390015	-0.6652421057224274
1176	0.2522902190685272	-0.41295188665390015	-0.6652421057224274
1177	0.2522902190685272	-0.41295188665390015	-0.6652421057224274
1178	0.2522902190685272	-0.41295188665390015	-0.6652421057224274
1179	0.2522902190685272	-0.41295188665390015	-0.6652421057224274
1180	0.2522902190685272	-0.41295188665390015	-0.6652421057224274
1181	0.2522902190685272	-0.41295188665390015	-0.6652421057224274
1182	0.2522902190685272	-0.41295188665390015	-0.6652421057224274
1183	0.2522902190685272	-0.41295188665390015	-0.6652421057224274
1184	0.2522902190685272	-0.41295188665390015	-0.6652421057224274
1185	0.2522902190685272	-0.41295188665390015	-0.6652421057224274
1186	0.2522902190685272	-0.41295188665390015	-0.6652421057224274
1187	0.2522902190685272	-0.41295188665390015	-0.6652421057224274
1188	0.2522902190685272	-0.41295188665390015	-0.6652421057224274
1189	0.2522902190685272	-0.41295188665390015	-0.6652421057224274
1190	0.2522902190685272	-0.41295188665390015	-0.6652421057224274
1191	0.2522902190685272	-0.41295188665390015	-0.6652421057224274
1192	0.2522902190685272	-0.41295188665390015	-0.6652421057224274
1193	0.2522902190685272	-0.41295188665390015	-0.6652421057224274
1194	0.2522902190685272	-0.41295188665390015	-0.6652421057224274
1195	0.2522902190685272	-0.41295188665390015	-0.6652421057224274
1196	0.2522902190685272	-0.41295188665390015	-0.6652421057224274
1197	0.2522902190685272	-0.41295188665390015	-0.6652421057224274
1198	0.2522902190685272	-0.41295188665390015	-0.6652421057224274
1199	0.2522902190685272	-0.41295188665390015	-0.6652421057224274
1200	0.2522902190685272	-0.41295188665390015	-0.6652421057224274
1201	0.2522902190685272	-0.41295188665390015	-0.6652421057224274
1202	0.2522902190685272	-0.41295188665390015	-0.6652421057224274
1203	0.2522902190685272	-0.41295188665390015	-0.6652421057224274
1204	0.2522902190685272	-0.41295188665390015	-0.6652421057224274
1205	0.2522902190685272	-0.41295188665390015	-0.6652421057224274
1206	0.2522902190685272	-0.41295188665390015	-0.6652421057224274
1207	0.2522902190685272	-0.41295188665390015	-0.6652421057224274
1208	0.2522902190685272	-0.41295188665390015	-0.6652421057224274
1209	0.2522902190685272	-0.41295188665390015	-0.6652421057224274
1210	0.2522902190685272	-0.41295188665390015	-0.6652421057224274
1211	0.2522902190685272	-0.41295188665390015	-0.6652421057224274
1212	0.2522902190685272	-0.41295188665390015	-0.6652421057224274
1213	0.2522902190685272	-0.41295188665390015	-0.6652421057224274
1214	0.2522902190685272	-0.41295188665390015	-0.6652421057224274
1215	0.2522902190685272	-0.41295188665390015	-0.6652421057224274
1216	0.2522902190685272	-0.41295188665390015	-0.6652421057224274
1217	0.2522902190685272	-0.41295188665390015	-0.6652421057224274
1218	0.2522902190685272	-0.41295188665390015	-0.6652421057224274
1219	0.2522902190685272	-0.41295188665390015	-0.6652421057224274
1220	0.2522902190685272	-0.41295188665390015	-0.6652421057224274
1221	0.2522902190685272	-0.41295188665390015	-0.6652421057224274
1222	0.2522902190685272	-0.41295188665390015	-0.6652421057224274
1223	0.2522902190685272	-0.41295188665390015	-0.6652421057224274
1224	0.2522902190685272	-0.41295188665390015	-0.6652421057224274
1225	0.2522902190685272	-0.41295188665390015	-0.6652421057224274
1226	0.2522902190685272	-0.41295188665390015	-0.6652421057224274
1227	0.2522902190685272	-0.41295188665390015	-0.6652421057224274
1228	0.2522902190685272	-0.41295188665390015	-0.6652421057224274
1229	0.2522902190685272	-0.41295188665390015	-0.6652421057224274
1230	0.2522902190685272	-0.41295188665390015	-0.6652421057224274
1231	0.2522902190685272	-0.41295188665390015	-0.6652421057224274
1232	0.2522902190685272	-0.41295188665390015	-0.6652421057224274
1233	0.2522902190685272	-0.41295188665390015	-0.6652421057224274
1234	0.2522902190685272	-0.41295188665390015	-0.6652421057224274
1235	0.2522902190685272	-0.41295188665390015	-0.6652421057224274
1236	0.2522902190685272	-0.41295188665390015	-0.6652421057224274
1237	0.2522902190685272	-0.41295188665390015	-0.6652421057224274
1238	0.2522902190685272	-0.41295188665390015	-0.6652421057224274
1239	0.2522902190685272	-0.41295188665390015	-0.6652421057224274
1240	0.2522902190685272	-0.41295188665390015	-0.6652421057224274
1241	0.2522902190685272	-0.41295188665390015	-0.6652421057224274
1242	0.2522902190685272	-0.41295188665390015	-0.6652421057224274
1243	0.2522902190685272	-0.41295188665390015	-0.6652421057224274
1244	0.2522902190685272	-0.41295188665390015	-0.6652421057224274
1245	0.2522902190685272	-0.41295188665390015	-0.6652421057224274
1246	0.2522902190685272	-0.41295188665390015	-0.6652421057224274
1247	0.2522902190685272	-0.41295188665390015	-0.6652421057224274
1248	0.2522902190685272	-0.41295188665390015	-0.6652421057224274
1249	0.2522902190685272	-0.41295188665390015	-0.6652421057224274
1250	0.2522902190685272	-0.41295188665390015	-0.6652421057224274
1251	0.2522902190685272	-0.41295188665390015	-0.6652421057224274
1252	0.2522902190685272	-0.41295188665390015	-0.6652421057224274
1253	0.2522902190685272	-0.41295188665390015	-0.6652421057224274
1254	0.2522902190685272	-0.41295188665390015	-0.6652421057224274
1255	0.2522902190685272	-0.41295188665390015	-0.6652421057224274
1256	0.2522902190685272	-0.41295188665390015	-0.6652421057224274
1257	0.2522902190685272	-0.41295188665390015	-0.6652421057224274
1258	0.2522902190685272	-0.41295188665390015	-0.6652421057224274
1259	0.2522902190685272	-0.41295188665390015	-0.6652421057224274
1260	0.2522902190685272	-0.41295188665390015	-0.6652421057224274
1261	0.2522902190685272	-0.41295188665390015	-0.6652421057224274
1262	0.2522902190685272	-0.41295188665390015	-0.6652421057224274
1263	0.2522902190685272	-0.41295188665390015	-0.6652421057224274
1264	0.2522902190685272	-0.41295188665390015	-0.6652421057224274
1265	0.2522902190685272	-0.41295188665390015	-0.6652421057224274
1266	0.2522902190685272	-0.41295188665390015	-0.6652421057224274
1267	0.2522902190685272	-0.41295188665390015	-0.6652421057224274
1268	0.2522902190685272	-0.41295188665390015	-0.6652421057224274
1269	0.2522902190685272	-0.41295188665390015	-0.6652421057224274
1270	0.2522902190685272	-0.41295188665390015	-0.6652421057224274
1271	0.2522902190685272	-0.41295188665390015	-0.6652421057224274
1272	0.2522902190685272	-0.41295188665390015	-0.6652421057224274
1273	0.2522902190685272	-0.41295188665390015	-0.6652421057224274
1274	0.2522902190685272	-0.41295188665390015	-0.6652421057224274
1275	0.2522902190685272	-0.41295188665390015	-0.6652421057224274
1276	0.2522902190685272	-0.41295188665390015	-0.6652421057224274
1277	0.2522902190685272	-0.41295188665390015	-0.6652421057224274
1278	0.2522902190685272	-0.41295188665390015	-0.6652421057224274
1279	0.2522902190685272	-0.41295188665390015	-0.6652421057224274
1280	0.2522902190685272	-0.41295188665390015	-0.6652421057224274
1281	0.2522902190685272	-0.41295188665390015	-0.6652421057224274
1282	0.2522902190685272	-0.41295188665390015	-0.6652421057224274
1283	0.2522902190685272	-0.41295188665390015	-0.6652421057224274
1284	0.2522902190685272	-0.41295188665390015	-0.6652421057224274
1285	0.2522902190685272	-0.41295188665390015	-0.6652421057224274
1286	0.2522902190685272	-0.41295188665390015	-0.6652421057224274
1287	0.2522902190685272	-0.41295188665390015	-0.6652421057224274
1288	0.2522902190685272	-0.41295188665390015	-0.6652421057224274
1289	0.2522902190685272	-0.41295188665390015	-0.6652421057224274
1290	0.2522902190685272	-0.41295188665390015	-0.6652421057224274
1291	0.2522902190685272	-0.41295188665390015	-0.6652421057224274
1292	0.2522902190685272	-0.41295188665390015	-0.6652421057224274
1293	0.2522902190685272	-0.41295188665390015	-0.6652421057224274
1294	0.2522902190685272	-0.41295188665390015	-0.6652421057224274
1295	0.2522902190685272	-0.41295188665390015	-0.6652421057224274
1296	0.2522902190685272	-0.41295188665390015	-0.6652421057224274
1297	0.2522902190685272	-0.41295188665390015	-0.6652421057224274
1298	0.2522902190685272	-0.41295188665390015	-0.6652421057224274
1299	0.2522902190685272	-0.41295188665390015	-0.6652421057224274
1300	0.2522902190685272	-0.41295188665390015	-0.6652421057224274
1301	0.2522902190685272	-0.41295188665390015	-0.6652421057224274
1302	0.2522902190685272	-0.41295188665390015	-0.6652421057224274
1303	0.2522902190685272	-0.41295188665390015	-0.6652421057224274
1304	0.2522902190685272	-0.41295188665390015	-0.6652421057224274
1305	0.2522902190685272	-0.41295188665390015	-0.6652421057224274
1306	0.2522902190685272	-0.41295188665390015	-0.6652421057224274
1307	0.2522902190685272	-0.41295188665390015	-0.6652421057224274
1308	0.2522902190685272	-0.41295188665390015	-0.6652421057224274
1309	0.2522902190685272	-0.41295188665390015	-0.6652421057224274
1310	0.2522902190685272	-0.41295188665390015	-0.6652421057224274
1311	0.2522902190685272	-0.41295188665390015	-0.6652421057224274
1312	0.2522902190685272	-0.41295188665390015	-0.6652421057224274
1313	0.2522902190685272	-0.41295188665390015	-0.6652421057224274
1314	0.2522902190685272	-0.41295188665390015	-0.6652421057224274
1315	0.2522902190685272	-0.41295188665390015	-0.6652421057224274
1316	0.2522902190685272	-0.41295188665390015	-0.6652421057224274
1317	0.2522902190685272	-0.41295188665390015	-0.6652421057224274
1318	0.2522902190685272	-0.41295188665390015	-0.6652421057224274
1319	0.2522902190685272	-0.41295188665390015	-0.6652421057224274
1320	0.2522902190685272	-0.41295188665390015	-0.6652421057224274
1321	0.2522902190685272	-0.41295188665390015	-0.6652421057224274
1322	0.2522902190685272	-0.41295188665390015	-0.6652421057224274
1323	0.2522902190685272	-0.41295188665390015	-0.6652421057224274
1324	0.2522902190685272	-0.41295188665390015	-0.6652421057224274
1325	0.2522902190685272	-0.41295188665390015	-0.6652421057224274
1326	0.2522902190685272	-0.41295188665390015	-0.6652421057224274
1327	0.2522902190685272	-0.41295188665390015	-0.6652421057224274
1328	0.2522902190685272	-0.41295188665390015	-0.6652421057224274
1329	0.2522902190685272	-0.41295188665390015	-0.6652421057224274
1330	0.2522902190685272	-0.41295188665390015	-0.6652421057224274
1331	0.2522902190685272	-0.41295188665390015	-0.6652421057224274
1332	0.2522902190685272	-0.41295188665390015	-0.6652421057224274
1333	0.2522902190685272	-0.41295188665390015	-0.6652421057224274
1334	0.2522902190685272	-0.41295188665390015	-0.6652421057224274
1335	0.2522902190685272	-0.41295188665390015	-0.6652421057224274
1336	0.2522902190685272	-0.41295188665390015	-0.6652421057224274
1337	0.2522902190685272	-0.41295188665390015	-0.6652421057224274
1338	0.2522902190685272	-0.41295188665390015	-0.6652421057224274
1339	0.2522902190685272	-0.41295188665390015	-0.6652421057224274
1340	0.2522902190685272	-0.41295188665390015	-0.6652421057224274
1341	0.2522902190685272	-0.41295188665390015	-0.6652421057224274
1342	0.2522902190685272	-0.41295188665390015	-0.6652421057224274
1343	0.2522902190685272	-0.41295188665390015	-0.6652421057224274
1344	0.2522902190685272	-0.41295188665390015	-0.6652421057224274
1345	0.2522902190685272	-0.41295188665390015	-0.6652421057224274
1346	0.2522902190685272	-0.41295188665390015	-0.6652421057224274
1347	0.2522902190685272	-0.41295188665390015	-0.6652421057224274
1348	0.2522902190685272	-0.41295188665390015	-0.6652421057224274
1349	0.2522902190685272	-0.41295188665390015	-0.6652421057224274
1350	0.2522902190685272	-0.41295188665390015	-0.6652421057224274
1351	0.2522902190685272	-0.41295188665390015	-0.6652421057224274
1352	0.2522902190685272	-0.41295188665390015	-0.6652421057224274
1353	0.2522902190685272	-0.41295188665390015	-0.6652421057224274
1354	0.2522902190685272	-0.41295188665390015	-0.6652421057224274
1355	0.2522902190685272	-0.41295188665390015	-0.6652421057224274
1356	0.2522902190685272	-0.41295188665390015	-0.6652421057224274
1357	0.2522902190685272	-0.41295188665390015	-0.6652421057224274
1358	0.2522902190685272	-0.41295188665390015	-0.6652421057224274
1359	0.2522902190685272	-0.41295188665390015	-0.6652421057224274
1360	0.2522902190685272	-0.41295188665390015	-0.6652421057224274
1361	0.2522902190685272	-0.41295188665390015	-0.6652421057224274
1362	0.2522902190685272	-0.41295188665390015	-0.6652421057224274
1363	0.2522902190685272	-0.41295188665390015	-0.6652421057224274
1364	0.2522902190685272	-0.41295188665390015	-0.6652421057224274
1365	0.2522902190685272	-0.41295188665390015	-0.6652421057224274
1366	0.2522902190685272	-0.41295188665390015	-0.6652421057224274
1367	0.2522902190685272	-0.41295188665390015	-0.6652421057224274
1368	0.2522902190685272	-0.41295188665390015	-0.6652421057224274
1369	0.2522902190685272	-0.41295188665390015	-0.6652421057224274
1370	0.2522902190685272	-0.41295188665390015	-0.6652421057224274
1371	0.2522902190685272	-0.41295188665390015	-0.6652421057224274
1372	0.2522902190685272	-0.41295188665390015	-0.6652421057224274
1373	0.2522902190685272	-0.41295188665390015	-0.6652421057224274
1374	0.2522902190685272	-0.41295188665390015	-0.6652421057224274
1375	0.2522902190685272	-0.41295188665390015	-0.6652421057224274
1376	0.2522902190685272	-0.41295188665390015	-0.6652421057224274
1377	0.2522902190685272	-0.41295188665390015	-0.6652421057224274
1378	0.2522902190685272	-0.41295188665390015	-0.6652421057224274
1379	0.2522902190685272	-0.41295188665390015	-0.6652421057224274
1380	0.2522902190685272	-0.41295188665390015	-0.6652421057224274
1381	0.2522902190685272	-0.41295188665390015	-0.6652421057224274
1382	0.2522902190685272	-0.41295188665390015	-0.6652421057224274
1383	0.2522902190685272	-0.41295188665390015	-0.6652421057224274
1384	0.2522902190685272	-0.41295188665390015	-0.6652421057224274
1385	0.2522902190685272	-0.41295188665390015	-0.6652421057224274
1386	0.2522902190685272	-0.41295188665390015	-0.6652421057224274
1387	0.2522902190685272	-0.41295188665390015	-0.6652421057224274
1388	0.2522902190685272	-0.41295188665390015	-0.6652421057224274
1389	0.2522902190685272	-0.41295188665390015	-0.6652421057224274
1390	0.2522902190685272	-0.41295188665390015	-0.6652421057224274
1391	0.2522902190685272	-0.41295188665390015	-0.6652421057224274
1392	0.2522902190685272	-0.41295188665390015	-0.6652421057224274
1393	0.2522902190685272	-0.41295188665390015	-0.6652421057224274
1394	0.2522902190685272	-0.41295188665390015	-0.6652421057224274
1395	0.2522902190685272	-0.41295188665390015	-0.6652421057224274
1396	0.2522902190685272	-0.41295188665390015	-0.6652421057224274
1397	0.2522902190685272	-0.41295188665390015	-0.6652421057224274
1398	0.2522902190685272	-0.41295188665390015	-0.6652421057224274
1399	0.2522902190685272	-0.41295188665390015	-0.6652421057224274
1400	0.2522902190685272	-0.41295188665390015	-0.6652421057224274
1401	0.2522902190685272	-0.41295188665390015	-0.6652421057224274
1402	0.2522902190685272	-0.41295188665390015	-0.6652421057224274
1403	0.2522902190685272	-0.41295188665390015	-0.6652421057224274
1404	0.2522902190685272	-0.41295188665390015	-0.6652421057224274
1405	0.2522902190685272	-0.41295188665390015	-0.6652421057224274
1406	0.2522902190685272	-0.41295188665390015	-0.6652421057224274
1407	0.2522902190685272	-0.41295188665390015	-0.6652421057224274
1408	0.2522902190685272	-0.41295188665390015	-0.6652421057224274
1409	0.2522902190685272	-0.41295188665390015	-0.6652421057224274
1410	0.2522902190685272	-0.41295188665390015	-0.6652421057224274
1411	0.2522902190685272	-0.41295188665390015	-0.6652421057224274
1412	0.2522902190685272	-0.41295188665390015	-0.6652421057224274
1413	0.2522902190685272	-0.41295188665390015	-0.6652421057224274
1414	0.2522902190685272	-0.41295188665390015	-0.6652421057224274
1415	0.2522902190685272	-0.41295188665390015	-0.6652421057224274
1416	0.2522902190685272	-0.41295188665390015	-0.6652421057224274
1417	0.2522902190685272	-0.41295188665390015	-0.6652421057224274
1418	0.2522902190685272	-0.41295188665390015	-0.6652421057224274
1419	0.2522902190685272	-0.41295188665390015	-0.6652421057224274
1420	0.2522902190685272	-0.41295188665390015	-0.6652421057224274
1421	0.2522902190685272	-0.41295188665390015	-0.6652421057224274
1422	0.2522902190685272	-0.41295188665390015	-0.6652421057224274
1423	0.2522902190685272	-0.41295188665390015	-0.6652421057224274
1424	0.2522902190685272	-0.41295188665390015	-0.6652421057224274
1425	0.2522902190685272	-0.41295188665390015	-0.6652421057224274
1426	0.2522902190685272	-0.41295188665390015	-0.6652421057224274
1427	0.2522902190685272	-0.41295188665390015	-0.6652421057224274
1428	0.2522902190685272	-0.41295188665390015	-0.6652421057224274
1429	0.2522902190685272	-0.41295188665390015	-0.6652421057224274
1430	0.2522902190685272	-0.41295188665390015	-0.6652421057224274
1431	0.2522902190685272	-0.41295188665390015	-0.6652421057224274
1432	0.2522902190685272	-0.41295188665390015	-0.6652421057224274
1433	0.2522902190685272	-0.41295188665390015	-0.6652421057224274
1434	0.2522902190685272	-0.41295188665390015	-0.6652421057224274
1435	0.2522902190685272	-0.41295188665390015	-0.6652421057224274
1436	0.2522902190685272	-0.41295188665390015	-0.6652421057224274
1437	0.2522902190685272	-0.41295188665390015	-0.6652421057224274
1438	0.2522902190685272	-0.41295188665390015	-0.6652421057224274
1439	0.2522902190685272	-0.41295188665390015	-0.6652421057224274
1440	0.2522902190685272	-0.41295188665390015	-0.6652421057224274
1441	0.2522902190685272	-0.41295188665390015	-0.6652421057224274
1442	0.2522902190685272	-0.41295188665390015	-0.6652421057224274
1443	0.2522902190685272	-0.41295188665390015	-0.6652421057224274
1444	0.2522902190685272	-0.41295188665390015	-0.6652421057224274
1445	0.2522902190685272	-0.41295188665390015	-0.6652421057224274
1446	0.2522902190685272	-0.41295188665390015	-0.6652421057224274
1447	0.2522902190685272	-0.41295188665390015	-0.6652421057224274
1448	0.2522902190685272	-0.41295188665390015	-0.6652421057224274
1449	0.2522902190685272	-0.41295188665390015	-0.6652421057224274
1450	0.2522902190685272	-0.41295188665390015	-0.6652421057224274
1451	0.2522902190685272	-0.41295188665390015	-0.6652421057224274
1452	0.2522902190685272	-0.41295188665390015	-0.6652421057224274
1453	0.2522902190685272	-0.41295188665390015	-0.6652421057224274
1454	0.2522902190685272	-0.41295188665390015	-0.6652421057224274
1455	0.2522902190685272	-0.41295188665390015	-0.6652421057224274
1456	0.2522902190685272	-0.41295188665390015	-0.6652421057224274
1457	0.2522902190685272	-0.41295188665390015	-0.6652421057224274
1458	0.2522902190685272	-0.41295188665390015	-0.6652421057224274
1459	0.2522902190685272	-0.41295188665390015	-0.6652421057224274
1460	0.2522902190685272	-0.41295188665390015	-0.6652421057224274
1461	0.2522902190685272	-0.41295188665390015	-0.6652421057224274
1462	0.2522902190685272	-0.41295188665390015	-0.6652421057224274
1463	0.2522902190685272	-0.41295188665390015	-0.6652421057224274
1464	0.2522902190685272	-0.41295188665390015	-0.6652421057224274
1465	0.2522902190685272	-0.41295188665390015	-0.6652421057224274
1466	0.2522902190685272	-0.41295188665390015	-0.6652421057224274
1467	0.2522902190685272	-0.41295188665390015	-0.6652421057224274
1468	0.2522902190685272	-0.41295188665390015	-0.6652421057224274
1469	0.2522902190685272	-0.41295188665390015	-0.6652421057224274
1470	0.2522902190685272	-0.41295188665390015	-0.6652421057224274
1471	0.2522902190685272	-0.41295188665390015	-0.6652421057224274
1472	0.2522902190685272	-0.41295188665390015	-0.6652421057224274
1473	0.2522902190685272	-0.41295188665390015	-0.6652421057224274
1474	0.2522902190685272	-0.41295188665390015	-0.6652421057224274
1475	0.2522902190685272	-0.41295188665390015	-0.6652421057224274
1476	0.2522902190685272	-0.41295188665390015	-0.6652421057224274
1477	0.2522902190685272	-0.41295188665390015	-0.6652421057224274
1478	0.2522902190685272	-0.41295188665390015	-0.6652421057224274
1479	0.2522902190685272	-0.41295188665390015	-0.6652421057224274
1480	0.2522902190685272	-0.41295188665390015	-0.6652421057224274
1481	0.2522902190685272	-0.41295188665390015	-0.6652421057224274
1482	0.2522902190685272	-0.41295188665390015	-0.6652421057224274
1483	0.2522902190685272	-0.41295188665390015	-0.6652421057224274
1484	0.2522902190685272	-0.41295188665390015	-0.6652421057224274
1485	0.2522902190685272	-0.41295188665390015	-0.6652421057224274
1486	0.2522902190685272	-0.41295188665390015	-0.6652421057224274
1487	0.2522902190685272	-0.41295188665390015	-0.6652421057224274
1488	0.2522902190685272	-0.41295188665390015	-0.6652421057224274
1489	0.2522902190685272	-0.41295188665390015	-0.6652421057224274
1490	0.2522902190685272	-0.41295188665390015	-0.6652421057224274
1491	0.2522902190685272	-0.41295188665390015	-0.6652421057224274
1492	0.2522902190685272	-0.41295188665390015	-0.6652421057224274
1493	0.2522902190685272	-0.41295188665390015	-0.6652421057224274
1494	0.2522902190685272	-0.41295188665390015	-0.6652421057224274
1495	0.2522902190685272	-0.41295188665390015	-0.6652421057224274
1496	0.2522902190685272	-0.41295188665390015	-0.6652421057224274
1497	0.2522902190685272	-0.41295188665390015	-0.6652421057224274
1498	0.2522902190685272	-0.41295188665390015	-0.6652421057224274
1499	0.2522902190685272	-0.41295188665390015	-0.6652421057224274
1500	0.2522902190685272	-0.41295188665390015	-0.6652421057224274
1501	0.2522902190685272	-0.41295188665390015	-0.6652421057224274
1502	0.2522902190685272	-0.41295188665390015	-0.6652421057224274
1503	0.2522902190685272	-0.41295188665390015	-0.6652421057224274
1504	0.2522902190685272	-0.41295188665390015	-0.6652421057224274
1505	0.2522902190685272	-0.41295188665390015	-0.6652421057224274
1506	0.2522902190685272	-0.41295188665390015	-0.6652421057224274
1507	0.2522902190685272	-0.41295188665390015	-0.6652421057224274
1508	0.2522902190685272	-0.41295188665390015	-0.6652421057224274
1509	0.2522902190685272	-0.41295188665390015	-0.6652421057224274
1510	0.2522902190685272	-0.41295188665390015	-0.6652421057224274
1511	0.2522902190685272	-0.41295188665390015	-0.6652421057224274
1512	0.2522902190685272	-0.41295188665390015	-0.6652421057224274
1513	0.2522902190685272	-0.41295188665390015	-0.6652421057224274
1514	0.2522902190685272	-0.41295188665390015	-0.6652421057224274
1515	0.2522902190685272	-0.41295188665390015	-0.6652421057224274
1516	0.2522902190685272	-0.41295188665390015	-0.6652421057224274
1517	0.2522902190685272	-0.41295188665390015	-0.6652421057224274
1518	0.2522902190685272	-0.41295188665390015	-0.6652421057224274
1519	0.2522902190685272	-0.41295188665390015	-0.6652421057224274
1520	0.2522902190685272	-0.41295188665390015	-0.6652421057224274
1521	0.2522902190685272	-0.41295188665390015	-0.6652421057224274
1522	0.2522902190685272	-0.41295188665390015	-0.6652421057224274
1523	0.2522902190685272	-0.41295188665390015	-0.6652421057224274
1524	0.2522902190685272	-0.41295188665390015	-0.6652421057224274
1525	0.2522902190685272	-0.41295188665390015	-0.6652421057224274
1526	0.2522902190685272	-0.41295188665390015	-0.6652421057224274
1527	0.2522902190685272	-0.41295188665390015	-0.6652421057224274
1528	0.2522902190685272	-0.41295188665390015	-0.6652421057224274
1529	0.2522902190685272	-0.41295188665390015	-0.6652421057224274
1530	0.2522902190685272	-0.41295188665390015	-0.6652421057224274
1531	0.2522902190685272	-0.41295188665390015	-0.6652421057224274
1532	0.2522902190685272	-0.41295188665390015	-0.6652421057224274
1533	0.2522902190685272	-0.41295188665390015	-0.6652421057224274
1534	0.2522902190685272	-0.41295188665390015	-0.6652421057224274
1535	0.2522902190685272	-0.41295188665390015	-0.6652421057224274
1536	0.2522902190685272	-0.41295188665390015	-0.6652421057224274
1537	0.2522902190685272	-0.41295188665390015	-0.6652421057224274
1538	0.2522902190685272	-0.41295188665390015	-0.6652421057224274
1539	0.2522902190685272	-0.41295188665390015	-0.6652421057224274
1540	0.2522902190685272	-0.41295188665390015	-0.6652421057224274
1541	0.2522902190685272	-0.41295188665390015	-0.6652421057224274
1542	0.2522902190685272	-0.41295188665390015	-0.6652421057224274
1543	0.2522902190685272	-0.41295188665390015	-0.6652421057224274
1544	0.2522902190685272	-0.41295188665390015	-0.6652421057224274
1545	0.2522902190685272	-0.41295188665390015	-0.6652421057224274
1546	0.2522902190685272	-0.41295188665390015	-0.6652421057224274
1547	0.2522902190685272	-0.41295188665390015	-0.6652421057224274
1548	0.2522902190685272	-0.41295188665390015	-0.6652421057224274
1549	0.2522902190685272	-0.41295188665390015	-0.6652421057224274
1550	0.2522902190685272	-0.41295188665390015	-0.6652421057224274
1551	0.2522902190685272	-0.41295188665390015	-0.6652421057224274
1552	0.2522902190685272	-0.41295188665390015	-0.6652421057224274
1553	0.2522902190685272	-0.41295188665390015	-0.6652421057224274
1554	0.2522902190685272	-0.41295188665390015	-0.6652421057224274
1555	0.2522902190685272	-0.41295188665390015	-0.6652421057224274
1556	0.2522902190685272	-0.41295188665390015	-0.6652421057224274
1557	0.2522902190685272	-0.41295188665390015	-0.6652421057224274
1558	0.2522902190685272	-0.41295188665390015	-0.6652421057224274
1559	0.2522902190685272	-0.41295188665390015	-0.6652421057224274
1560	0.2522902190685272	-0.41295188665390015	-0.6652421057224274
1561	0.2522902190685272	-0.41295188665390015	-0.6652421057224274
1562	0.2522902190685272	-0.41295188665390015	-0.6652421057224274
1563	0.2522902190685272	-0.41295188665390015	-0.6652421057224274
1564	0.2522902190685272	-0.41295188665390015	-0.6652421057224274
1565	0.2522902190685272	-0.41295188665390015	-0.6652421057224274
1566	0.2522902190685272	-0.41295188665390015	-0.6652421057224274
1567	0.2522902190685272	-0.41295188665390015	-0.6652421057224274
1568	0.2522902190685272	-0.41295188665390015	-0.6652421057224274
1569	0.2522902190685272	-0.41295188665390015	-0.6652421057224274
1570	0.2522902190685272	-0.41295188665390015	-0.6652421057224274
1571	0.2522902190685272	-0.41295188665390015	-0.6652421057224274
1572	0.2522902190685272	-0.41295188665390015	-0.6652421057224274
1573	0.2522902190685272	-0.41295188665390015	-0.6652421057224274
1574	0.2522902190685272	-0.41295188665390015	-0.6652421057224274
1575	0.2522902190685272	-0.41295188665390015	-0.6652421057224274
1576	0.2522902190685272	-0.41295188665390015	-0.6652421057224274
1577	0.2522902190685272	-0.41295188665390015	-0.6652421057224274
1578	0.2522902190685272	-0.41295188665390015	-0.6652421057224274
1579	0.2522902190685272	-0.41295188665390015	-0.6652421057224274
1580	0.2522902190685272	-0.41295188665390015	-0.6652421057224274
1581	0.2522902190685272	-0.41295188665390015	-0.6652421057224274
1582	0.2522902190685272	-0.41295188665390015	-0.6652421057224274
1583	0.2522902190685272	-0.41295188665390015	-0.6652421057224274
1584	0.2522902190685272	-0.41295188665390015	-0.6652421057224274
1585	0.2522902190685272	-0.41295188665390015	-0.6652421057224274
1586	0.2522902190685272	-0.41295188665390015	-0.6652421057224274
1587	0.2522902190685272	-0.41295188665390015	-0.6652421057224274
1588	0.2522902190685272	-0.41295188665390015	-0.6652421057224274
1589	0.2522902190685272	-0.41295188665390015	-0.6652421057224274
1590	0.2522902190685272	-0.41295188665390015	-0.6652421057224274
1591	0.2522902190685272	-0.41295188665390015	-0.6652421057224274
1592	0.2522902190685272	-0.41295188665390015	-0.6652421057224274
1593	0.2522902190685272	-0.41295188665390015	-0.6652421057224274
1594	0.2522902190685272	-0.41295188665390015	-0.6652421057224274
1595	0.2522902190685272	-0.41295188665390015	-0.6652421057224274
1596	0.2522902190685272	-0.41295188665390015	-0.6652421057224274
1597	0.2522902190685272	-0.41295188665390015	-0.6652421057224274
1598	0.2522902190685272	-0.41295188665390015	-0.6652421057224274
1599	0.2522902190685272	-0.41295188665390015	-0.6652421057224274
1600	0.2522902190685272	-0.41295188665390015	-0.6652421057224274
1601	0.2522902190685272	-0.41295188665390015	-0.6652421057224274
1602	0.2522902190685272	-0.41295188665390015	-0.6652421057224274
1603	0.2522902190685272	-0.41295188665390015	-0.6652421057224274
1604	0.2522902190685272	-0.41295188665390015	-0.6652421057224274
1605	0.2522902190685272	-0.41295188665390015	-0.6652421057224274
1606	0.2522902190685272	-0.41295188665390015	-0.6652421057224274
1607	0.2522902190685272	-0.41295188665390015	-0.6652421057224274
1608	0.2522902190685272	-0.41295188665390015	-0.6652421057224274
1609	0.2522902190685272	-0.41295188665390015	-0.6652421057224274
1610	0.2522902190685272	-0.41295188665390015	-0.6652421057224274
1611	0.2522902190685272	-0.41295188665390015	-0.6652421057224274
1612	0.2522902190685272	-0.41295188665390015	-0.6652421057224274
1613	0.2522902190685272	-0.41295188665390015	-0.6652421057224274
1614	0.2522902190685272	-0.41295188665390015	-0.6652421057224274
1615	0.2522902190685272	-0.41295188665390015	-0.6652421057224274
1616	0.2522902190685272	-0.41295188665390015	-0.6652421057224274
1617	0.2522902190685272	-0.41295188665390015	-0.6652421057224274
1618	0.2522902190685272	-0.41295188665390015	-0.6652421057224274
1619	0.2522902190685272	-0.41295188665390015	-0.6652421057224274
1620	0.2522902190685272	-0.41295188665390015	-0.6652421057224274
1621	0.2522902190685272	-0.41295188665390015	-0.6652421057224274
1622	0.2522902190685272	-0.41295188665390015	-0.6652421057224274
1623	0.2522902190685272	-0.41295188665390015	-0.6652421057224274
1624	0.2522902190685272	-0.41295188665390015	-0.6652421057224274
1625	0.2522902190685272	-0.41295188665390015	-0.6652421057224274
1626	0.2522902190685272	-0.41295188665390015	-0.6652421057224274
1627	0.2522902190685272	-0.41295188665390015	-0.6652421057224274
1628	0.2522902190685272	-0.41295188665390015	-0.6652421057224274
1629	0.2522902190685272	-0.41295188665390015	-0.6652421057224274
1630	0.2522902190685272	-0.41295188665390015	-0.6652421057224274
1631	0.2522902190685272	-0.41295188665390015	-0.6652421057224274
1632	0.2522902190685272	-0.41295188665390015	-0.6652421057224274
1633	0.2522902190685272	-0.41295188665390015	-0.6652421057224274
1634	0.2522902190685272	-0.41295188665390015	-0.6652421057224274
1635	0.2522902190685272	-0.41295188665390015	-0.6652421057224274
1636	0.2522902190685272	-0.41295188665390015	-0.6652421057224274
1637	0.2522902190685272	-0.41295188665390015	-0.6652421057224274
1638	0.2522902190685272	-0.41295188665390015	-0.6652421057224274
1639	0.2522902190685272	-0.41295188665390015	-0.6652421057224274
1640	0.2522902190685272	-0.41295188665390015	-0.6652421057224274
1641	0.2522902190685272	-0.41295188665390015	-0.6652421057224274
1642	0.2522902190685272	-0.41295188665390015	-0.6652421057224274
1643	0.2522902190685272	-0.41295188665390015	-0.6652421057224274
1644	0.2522902190685272	-0.41295188665390015	-0.6652421057224274
1645	0.2522902190685272	-0.41295188665390015	-0.6652421057224274
1646	0.2522902190685272	-0.41295188665390015	-0.6652421057224274
1647	0.2522902190685272	-0.41295188665390015	-0.6652421057224274
1648	0.2522902190685272	-0.41295188665390015	-0.6652421057224274
1649	0.2522902190685272	-0.41295188665390015	-0.6652421057224274
1650	0.2522902190685272	-0.41295188665390015	-0.6652421057224274
1651	0.2522902190685272	-0.41295188665390015	-0.6652421057224274
1652	0.2522902190685272	-0.41295188665390015	-0.6652421057224274
1653	0.2522902190685272	-0.41295188665390015	-0.6652421057224274
1654	0.2522902190685272	-0.41295188665390015	-0.6652421057224274
1655	0.2522902190685272	-0.41295188665390015	-0.6652421057224274
1656	0.2522902190685272	-0.41295188665390015	-0.6652421057224274
1657	0.2522902190685272	-0.41295188665390015	-0.6652421057224274
1658	0.2522902190685272	-0.41295188665390015	-0.6652421057224274
1659	0.2522902190685272	-0.41295188665390015	-0.6652421057224274
1660	0.2522902190685272	-0.41295188665390015	-0.6652421057224274
1661	0.2522902190685272	-0.41295188665390015	-0.6652421057224274
1662	0.2522902190685272	-0.41295188665390015	-0.6652421057224274
1663	0.2522902190685272	-0.41295188665390015	-0.6652421057224274
1664	0.2522902190685272	-0.41295188665390015	-0.6652421057224274
1665	0.2522902190685272	-0.41295188665390015	-0.6652421057224274
1666	0.2522902190685272	-0.41295188665390015	-0.6652421057224274
1667	0.2522902190685272	-0.41295188665390015	-0.6652421057224274
1668	0.2522902190685272	-0.41295188665390015	-0.6652421057224274
1669	0.2522902190685272	-0.41295188665390015	-0.6652421057224274
1670	0.2522902190685272	-0.41295188665390015	-0.6652421057224274
1671	0.2522902190685272	-0.41295188665390015	-0.6652421057224274
1672	0.2522902190685272	-0.41295188665390015	-0.6652421057224274
1673	0.2522902190685272	-0.41295188665390015	-0.6652421057224274
1674	0.2522902190685272	-0.41295188665390015	-0.6652421057224274
1675	0.2522902190685272	-0.41295188665390015	-0.6652421057224274
1676	0.2522902190685272	-0.41295188665390015	-0.6652421057224274
1677	0.2522902190685272	-0.41295188665390015	-0.6652421057224274
1678	0.2522902190685272	-0.41295188665390015	-0.6652421057224274
1679	0.2522902190685272	-0.41295188665390015	-0.6652421057224274
1680	0.2522902190685272	-0.41295188665390015	-0.6652421057224274
1681	0.2522902190685272	-0.41295188665390015	-0.6652421057224274
1682	0.2522902190685272	-0.41295188665390015	-0.6652421057224274
1683	0.2522902190685272	-0.41295188665390015	-0.6652421057224274
1684	0.2522902190685272	-0.41295188665390015	-0.6652421057224274
1685	0.2522902190685272	-0.41295188665390015	-0.6652421057224274
1686	0.2522902190685272	-0.41295188665390015	-0.6652421057224274
1687	0.2522902190685272	-0.41295188665390015	-0.6652421057224274
1688	0.2522902190685272	-0.41295188665390015	-0.6652421057224274
1689	0.2522902190685272	-0.41295188665390015	-0.6652421057224274
1690	0.2522902190685272	-0.41295188665390015	-0.6652421057224274
1691	0.2522902190685272	-0.41295188665390015	-0.6652421057224274
1692	0.2522902190685272	-0.41295188665390015	-0.6652421057224274
1693	0.2522902190685272	-0.41295188665390015	-0.6652421057224274
1694	0.2522902190685272	-0.41295188665390015	-0.6652421057224274
1695	0.2522902190685272	-0.41295188665390015	-0.6652421057224274
1696	0.2522902190685272	-0.41295188665390015	-0.6652421057224274
1697	0.2522902190685272	-0.41295188665390015	-0.6652421057224274
1698	0.2522902190685272	-0.41295188665390015	-0.6652421057224274
1699	0.2522902190685272	-0.41295188665390015	-0.6652421057224274
1700	0.2522902190685272	-0.41295188665390015	-0.6652421057224274
1701	0.2522902190685272	-0.41295188665390015	-0.6652421057224274
1702	0.2522902190685272	-0.41295188665390015	-0.6652421057224274
1703	0.2522902190685272	-0.41295188665390015	-0.6652421057224274
1704	0.2522902190685272	-0.41295188665390015	-0.6652421057224274
1705	0.2522902190685272	-0.41295188665390015	-0.6652421057224274
1706	0.2522902190685272	-0.41295188665390015	-0.6652421057224274
1707	0.2522902190685272	-0.41295188665390015	-0.6652421057224274
1708	0.2522902190685272	-0.41295188665390015	-0.6652421057224274
1709	0.2522902190685272	-0.41295188665390015	-0.6652421057224274
1710	0.2522902190685272	-0.41295188665390015	-0.6652421057224274
1711	0.2522902190685272	-0.41295188665390015	-0.6652421057224274
1712	0.2522902190685272	-0.41295188665390015	-0.6652421057224274
1713	0.2522902190685272	-0.41295188665390015	-0.6652421057224274
1714	0.2522902190685272	-0.41295188665390015	-0.6652421057224274
1715	0.2522902190685272	-0.41295188665390015	-0.6652421057224274
1716	0.2522902190685272	-0.41295188665390015	-0.6652421057224274
1717	0.2522902190685272	-0.41295188665390015	-0.6652421057224274
1718	0.2522902190685272	-0.41295188665390015	-0.6652421057224274
1719	0.2522902190685272	-0.41295188665390015	-0.6652421057224274
1720	0.2522902190685272	-0.41295188665390015	-0.6652421057224274
1721	0.2522902190685272	-0.41295188665390015	-0.6652421057224274
1722	0.2522902190685272	-0.41295188665390015	-0.6652421057224274
1723	0.2522902190685272	-0.41295188665390015	-0.6652421057224274
1724	0.2522902190685272	-0.41295188665390015	-0.6652421057224274
1725	0.2522902190685272	-0.41295188665390015	-0.6652421057224274
1726	0.2522902190685272	-0.41295188665390015	-0.6652421057224274
1727	0.2522902190685272	-0.41295188665390015	-0.6652421057224274
1728	0.2522902190685272	-0.41295188665390015	-0.6652421057224274
1729	0.2522902190685272	-0.41295188665390015	-0.6652421057224274
1730	0.2522902190685272	-0.41295188665390015	-0.6652421057224274
1731	0.2522902190685272	-0.41295188665390015	-0.6652421057224274
1732	0.2522902190685272	-0.41295188665390015	-0.6652421057224274
1733	0.2522902190685272	-0.41295188665390015	-0.6652421057224274
1734	0.2522902190685272	-0.41295188665390015	-0.6652421057224274
1735	0.2522902190685272	-0.41295188665390015	-0.6652421057224274
1736	0.2522902190685272	-0.41295188665390015	-0.6652421057224274
1737	0.2522902190685272	-0.41295188665390015	-0.6652421057224274
1738	0.2522902190685272	-0.41295188665390015	-0.6652421057224274
1739	0.2522902190685272	-0.41295188665390015	-0.6652421057224274
1740	0.2522902190685272	-0.41295188665390015	-0.6652421057224274
1741	0.2522902190685272	-0.41295188665390015	-0.6652421057224274
1742	0.2522902190685272	-0.41295188665390015	-0.6652421057224274
1743	0.2522902190685272	-0.41295188665390015	-0.6652421057224274
1744	0.2522902190685272	-0.41295188665390015	-0.6652421057224274
1745	0.2522902190685272	-0.41295188665390015	-0.6652421057224274
1746	0.2522902190685272	-0.41295188665390015	-0.6652421057224274
1747	0.2522902190685272	-0.41295188665390015	-0.6652421057224274
1748	0.2522902190685272	-0.41295188665390015	-0.6652421057224274
1749	0.2522902190685272	-0.41295188665390015	-0.6652421057224274
1750	0.2522902190685272	-0.41295188665390015	-0.6652421057224274
1751	0.2522902190685272	-0.41295188665390015	-0.6652421057224274
1752	0.2522902190685272	-0.41295188665390015	-0.6652421057224274
1753	0.2522902190685272	-0.41295188665390015	-0.6652421057224274
1754	0.2522902190685272	-0.41295188665390015	-0.6652421057224274
1755	0.2522902190685272	-0.41295188665390015	-0.6652421057224274
1756	0.2522902190685272	-0.41295188665390015	-0.6652421057224274
1757	0.2522902190685272	-0.41295188665390015	-0.6652421057224274
1758	0.2522902190685272	-0.41295188665390015	-0.6652421057224274
1759	0.2522902190685272	-0.41295188665390015	-0.6652421057224274
1760	0.2522902190685272	-0.41295188665390015	-0.6652421057224274
1761	0.2522902190685272	-0.41295188665390015	-0.6652421057224274
1762	0.2522902190685272	-0.41295188665390015	-0.6652421057224274
1763	0.2522902190685272	-0.41295188665390015	-0.6652421057224274
1764	0.2522902190685272	-0.41295188665390015	-0.6652421057224274
1765	0.2522902190685272	-0.41295188665390015	-0.6652421057224274
1766	0.2522902190685272	-0.41295188665390015	-0.6652421057224274
1767	0.2522902190685272	-0.41295188665390015	-0.6652421057224274
1768	0.2522902190685272	-0.41295188665390015	-0.6652421057224274
1769	0.2522902190685272	-0.41295188665390015	-0.6652421057224274
1770	0.2522902190685272	-0.41295188665390015	-0.6652421057224274
1771	0.2522902190685272	-0.41295188665390015	-0.6652421057224274
1772	0.2522902190685272	-0.41295188665390015	-0.6652421057224274
1773	0.2522902190685272	-0.41295188665390015	-0.6652421057224274
1774	0.2522902190685272	-0.41295188665390015	-0.6652421057224274
1775	0.2522902190685272	-0.41295188665390015	-0.6652421057224274
1776	0.2522902190685272	-0.41295188665390015	-0.6652421057224274
1777	0.2522902190685272	-0.41295188665390015	-0.6652421057224274
1778	0.2522902190685272	-0.41295188665390015	-0.6652421057224274
1779	0.2522902190685272	-0.41295188665390015	-0.6652421057224274
1780	0.2522902190685272	-0.41295188665390015	-0.6652421057224274
1781	0.2522902190685272	-0.41295188665390015	-0.6652421057224274
1782	0.2522902190685272	-0.41295188665390015	-0.6652421057224274
1783	0.2522902190685272	-0.41295188665390015	-0.6652421057224274
1784	0.2522902190685272	-0.41295188665390015	-0.6652421057224274
1785	0.2522902190685272	-0.41295188665390015	-0.6652421057224274
1786	0.2522902190685272	-0.41295188665390015	-0.6652421057224274
1787	0.2522902190685272	-0.41295188665390015	-0.6652421057224274
1788	0.2522902190685272	-0.41295188665390015	-0.6652421057224274
1789	0.2522902190685272	-0.41295188665390015	-0.6652421057224274
1790	0.2522902190685272	-0.41295188665390015	-0.6652421057224274
1791	0.2522902190685272	-0.41295188665390015	-0.6652421057224274
1792	0.2522902190685272	-0.41295188665390015	-0.6652421057224274
1793	0.2522902190685272	-0.41295188665390015	-0.6652421057224274
1794	0.2522902190685272	-0.41295188665390015	-0.6652421057224274
1795	0.2522902190685272	-0.41295188665390015	-0.6652421057224274
1796	0.2522902190685272	-0.41295188665390015	-0.6652421057224274
1797	0.2522902190685272	-0.41295188665390015	-0.6652421057224274
1798	0.2522902190685272	-0.41295188665390015	-0.6652421057224274
1799	0.2522902190685272	-0.41295188665390015	-0.6652421057224274
1800	0.2522902190685272	-0.41295188665390015	-0.6652421057224274
1801	0.2522902190685272	-0.41295188665390015	-0.6652421057224274
1802	0.2522902190685272	-0.41295188665390015	-0.6652421057224274
1803	0.2522902190685272	-0.41295188665390015	-0.6652421057224274
1804	0.2522902190685272	-0.41295188665390015	-0.6652421057224274
1805	0.2522902190685272	-0.41295188665390015	-0.6652421057224274
1806	0.2522902190685272	-0.41295188665390015	-0.6652421057224274
1807	0.2522902190685272	-0.41295188665390015	-0.6652421057224274
1808	0.2522902190685272	-0.41295188665390015	-0.6652421057224274
1809	0.2522902190685272	-0.41295188665390015	-0.6652421057224274
1810	0.2522902190685272	-0.41295188665390015	-0.6652421057224274
1811	0.2522902190685272	-0.41295188665390015	-0.6652421057224274
1812	0.2522902190685272	-0.41295188665390015	-0.6652421057224274
1813	0.2522902190685272	-0.41295188665390015	-0.6652421057224274
1814	0.2522902190685272	-0.41295188665390015	-0.6652421057224274
1815	0.2522902190685272	-0.41295188665390015	-0.6652421057224274
1816	0.2522902190685272	-0.41295188665390015	-0.6652421057224274
1817	0.2522902190685272	-0.41295188665390015	-0.6652421057224274
1818	0.2522902190685272	-0.41295188665390015	-0.6652421057224274
1819	0.2522902190685272	-0.41295188665390015	-0.6652421057224274
1820	0.2522902190685272	-0.41295188665390015	-0.6652421057224274
1821	0.2522902190685272	-0.41295188665390015	-0.6652421057224274
1822	0.2522902190685272	-0.41295188665390015	-0.6652421057224274
1823	0.2522902190685272	-0.41295188665390015	-0.6652421057224274
1824	0.2522902190685272	-0.41295188665390015	-0.6652421057224274
1825	0.2522902190685272	-0.41295188665390015	-0.6652421057224274
1826	0.2522902190685272	-0.41295188665390015	-0.6652421057224274
1827	0.2522902190685272	-0.41295188665390015	-0.6652421057224274
1828	0.2522902190685272	-0.41295188665390015	-0.6652421057224274
1829	0.2522902190685272	-0.41295188665390015	-0.6652421057224274
1830	0.2522902190685272	-0.41295188665390015	-0.6652421057224274
1831	0.2522902190685272	-0.41295188665390015	-0.6652421057224274
1832	0.2522902190685272	-0.41295188665390015	-0.6652421057224274
1833	0.2522902190685272	-0.41295188665390015	-0.6652421057224274
1834	0.2522902190685272	-0.41295188665390015	-0.6652421057224274
1835	0.2522902190685272	-0.41295188665390015	-0.6652421057224274
1836	0.2522902190685272	-0.41295188665390015	-0.6652421057224274
1837	0.2522902190685272	-0.41295188665390015	-0.6652421057224274
1838	0.2522902190685272	-0.41295188665390015	-0.6652421057224274
1839	0.2522902190685272	-0.41295188665390015	-0.6652421057224274
1840	0.2522902190685272	-0.41295188665390015	-0.6652421057224274
1841	0.2522902190685272	-0.41295188665390015	-0.6652421057224274
1842	0.2522902190685272	-0.41295188665390015	-0.6652421057224274
1843	0.2522902190685272	-0.41295188665390015	-0.6652421057224274
1844	0.2522902190685272	-0.41295188665390015	-0.6652421057224274
1845	0.2522902190685272	-0.41295188665390015	-0.6652421057224274
1846	0.2522902190685272	-0.41295188665390015	-0.6652421057224274
1847	0.2522902190685272	-0.41295188665390015	-0.6652421057224274
1848	0.2522902190685272	-0.41295188665390015	-0.6652421057224274
1849	0.2522902190685272	-0.41295188665390015	-0.6652421057224274
1850	0.2522902190685272	-0.41295188665390015	-0.6652421057224274
1851	0.2522902190685272	-0.41295188665390015	-0.6652421057224274
1852	0.2522902190685272	-0.41295188665390015	-0.6652421057224274
1853	0.2522902190685272	-0.41295188665390015	-0.6652421057224274
1854	0.2522902190685272	-0.41295188665390015	-0.6652421057224274
1855	0.2522902190685272	-0.41295188665390015	-0.6652421057224274
1856	0.2522902190685272	-0.41295188665390015	-0.6652421057224274
1857	0.2522902190685272	-0.41295188665390015	-0.6652421057224274
1858	0.2522902190685272	-0.41295188665390015	-0.6652421057224274
1859	0.2522902190685272	-0.41295188665390015	-0.6652421057224274
1860	0.2522902190685272	-0.41295188665390015	-0.6652421057224274
1861	0.2522902190685272	-0.41295188665390015	-0.6652421057224274
1862	0.2522902190685272	-0.41295188665390015	-0.6652421057224274
1863	0.2522902190685272	-0.41295188665390015	-0.6652421057224274
1864	0.2522902190685272	-0.41295188665390015	-0.6652421057224274
1865	0.2522902190685272	-0.41295188665390015	-0.6652421057224274
1866	0.2522902190685272	-0.41295188665390015	-0.6652421057224274
1867	0.2522902190685272	-0.41295188665390015	-0.6652421057224274
1868	0.2522902190685272	-0.41295188665390015	-0.6652421057224274
1869	0.2522902190685272	-0.41295188665390015	-0.6652421057224274
1870	0.2522902190685272	-0.41295188665390015	-0.6652421057224274
1871	0.2522902190685272	-0.41295188665390015	-0.6652421057224274
1872	0.2522902190685272	-0.41295188665390015	-0.6652421057224274
1873	0.2522902190685272	-0.41295188665390015	-0.6652421057224274
1874	0.2522902190685272	-0.41295188665390015	-0.6652421057224274
1875	0.2522902190685272	-0.41295188665390015	-0.6652421057224274
1876	0.2522902190685272	-0.41295188665390015	-0.6652421057224274
1877	0.2522902190685272	-0.41295188665390015	-0.6652421057224274
1878	0.2522902190685272	-0.41295188665390015	-0.6652421057224274
1879	0.2522902190685272	-0.41295188665390015	-0.6652421057224274
1880	0.2522902190685272	-0.41295188665390015	-0.6652421057224274
1881	0.2522902190685272	-0.41295188665390015	-0.6652421057224274
1882	0.2522902190685272	-0.41295188665390015	-0.6652421057224274
1883	0.2522902190685272	-0.41295188665390015	-0.6652421057224274
1884	0.2522902190685272	-0.41295188665390015	-0.6652421057224274
1885	0.2522902190685272	-0.41295188665390015	-0.6652421057224274
1886	0.2522902190685272	-0.41295188665390015	-0.6652421057224274
1887	0.2522902190685272	-0.41295188665390015	-0.6652421057224274
1888	0.2522902190685272	-0.41295188665390015	-0.6652421057224274
1889	0.2522902190685272	-0.41295188665390015	-0.6652421057224274
1890	0.2522902190685272	-0.41295188665390015	-0.6652421057224274
1891	0.2522902190685272	-0.41295188665390015	-0.6652421057224274
1892	0.2522902190685272	-0.41295188665390015	-0.6652421057224274
1893	0.2522902190685272	-0.41295188665390015	-0.6652421057224274
1894	0.2522902190685272	-0.41295188665390015	-0.6652421057224274
1895	0.2522902190685272	-0.41295188665390015	-0.6652421057224274
1896	0.2522902190685272	-0.41295188665390015	-0.6652421057224274
1897	0.2522902190685272	-0.41295188665390015	-0.6652421057224274
1898	0.2522902190685272	-0.41295188665390015	-0.6652421057224274
1899	0.2522902190685272	-0.41295188665390015	-0.6652421057224274
1900	0.2522902190685272	-0.41295188665390015	-0.6652421057224274
1901	0.2522902190685272	-0.41295188665390015	-0.6652421057224274
1902	0.2522902190685272	-0.41295188665390015	-0.6652421057224274
1903	0.2522902190685272	-0.41295188665390015	-0.6652421057224274
1904	0.2522902190685272	-0.41295188665390015	-0.6652421057224274
1905	0.2522902190685272	-0.41295188665390015	-0.6652421057224274
1906	0.2522902190685272	-0.41295188665390015	-0.6652421057224274
1907	0.2522902190685272	-0.41295188665390015	-0.6652421057224274
1908	0.2522902190685272	-0.41295188665390015	-0.6652421057224274
1909	0.2522902190685272	-0.41295188665390015	-0.6652421057224274
1910	0.2522902190685272	-0.41295188665390015	-0.6652421057224274
1911	0.2522902190685272	-0.41295188665390015	-0.6652421057224274
1912	0.2522902190685272	-0.41295188665390015	-0.6652421057224274
1913	0.2522902190685272	-0.41295188665390015	-0.6652421057224274
1914	0.2522902190685272	-0.41295188665390015	-0.6652421057224274
1915	0.2522902190685272	-0.41295188665390015	-0.6652421057224274
1916	0.2522902190685272	-0.41295188665390015	-0.6652421057224274
1917	0.2522902190685272	-0.41295188665390015	-0.6652421057224274
1918	0.2522902190685272	-0.41295188665390015	-0.6652421057224274
1919	0.2522902190685272	-0.41295188665390015	-0.6652421057224274
1920	0.2522902190685272	-0.41295188665390015	-0.6652421057224274
1921	0.2522902190685272	-0.41295188665390015	-0.6652421057224274
1922	0.2522902190685272	-0.41295188665390015	-0.6652421057224274
1923	0.2522902190685272	-0.41295188665390015	-0.6652421057224274
1924	0.2522902190685272	-0.41295188665390015	-0.6652421057224274
1925	0.2522902190685272	-0.41295188665390015	-0.6652421057224274
1926	0.2522902190685272	-0.41295188665390015	-0.6652421057224274
1927	0.2522902190685272	-0.41295188665390015	-0.6652421057224274
1928	0.2522902190685272	-0.41295188665390015	-0.6652421057224274
1929	0.2522902190685272	-0.41295188665390015	-0.6652421057224274
1930	0.2522902190685272	-0.41295188665390015	-0.6652421057224274
1931	0.2522902190685272	-0.41295188665390015	-0.6652421057224274
1932	0.2522902190685272	-0.41295188665390015	-0.6652421057224274
1933	0.2522902190685272	-0.41295188665390015	-0.6652421057224274
1934	0.2522902190685272	-0.41295188665390015	-0.6652421057224274
1935	0.2522902190685272	-0.41295188665390015	-0.6652421057224274
1936	0.2522902190685272	-0.41295188665390015	-0.6652421057224274
1937	0.2522902190685272	-0.41295188665390015	-0.6652421057224274
1938	0.2522902190685272	-0.41295188665390015	-0.6652421057224274
1939	0.2522902190685272	-0.41295188665390015	-0.6652421057224274
1940	0.2522902190685272	-0.41295188665390015	-0.6652421057224274
1941	0.2522902190685272	-0.41295188665390015	-0.6652421057224274
1942	0.2522902190685272	-0.41295188665390015	-0.6652421057224274
1943	0.2522902190685272	-0.41295188665390015	-0.6652421057224274
1944	0.2522902190685272	-0.41295188665390015	-0.6652421057224274
1945	0.2522902190685272	-0.41295188665390015	-0.6652421057224274
1946	0.2522902190685272	-0.41295188665390015	-0.6652421057224274
1947	0.2522902190685272	-0.41295188665390015	-0.6652421057224274
1948	0.2522902190685272	-0.41295188665390015	-0.6652421057224274
1949	0.2522902190685272	-0.41295188665390015	-0.6652421057224274
1950	0.2522902190685272	-0.41295188665390015	-0.6652421057224274
1951	0.2522902190685272	-0.41295188665390015	-0.6652421057224274
1952	0.2522902190685272	-0.41295188665390015	-0.6652421057224274
1953	0.2522902190685272	-0.41295188665390015	-0.6652421057224274
1954	0.2522902190685272	-0.41295188665390015	-0.6652421057224274
1955	0.2522902190685272	-0.41295188665390015	-0.6652421057224274
1956	0.2522902190685272	-0.41295188665390015	-0.6652421057224274
1957	0.2522902190685272	-0.41295188665390015	-0.6652421057224274
1958	0.2522902190685272	-0.41295188665390015	-0.6652421057224274
1959	0.2522902190685272	-0.41295188665390015	-0.6652421057224274
1960	0.2522902190685272	-0.41295188665390015	-0.6652421057224274
1961	0.2522902190685272	-0.41295188665390015	-0.6652421057224274
1962	0.2522902190685272	-0.41295188665390015	-0.6652421057224274
1963	0.2522902190685272	-0.41295188665390015	-0.6652421057224274
1964	0.2522902190685272	-0.41295188665390015	-0.6652421057224274
1965	0.2522902190685272	-0.41295188665390015	-0.6652421057224274
1966	0.2522902190685272	-0.41295188665390015	-0.6652421057224274
1967	0.2522902190685272	-0.41295188665390015	-0.6652421057224274
1968	0.2522902190685272	-0.41295188665390015	-0.6652421057224274
1969	0.2522902190685272	-0.41295188665390015	-0.6652421057224274
1970	0.2522902190685272	-0.41295188665390015	-0.6652421057224274
1971	0.2522902190685272	-0.41295188665390015	-0.6652421057224274
1972	0.2522902190685272	-0.41295188665390015	-0.6652421057224274
1973	0.2522902190685272	-0.41295188665390015	-0.6652421057224274
1974	0.2522902190685272	-0.41295188665390015	-0.6652421057224274
1975	0.2522902190685272	-0.41295188665390015	-0.6652421057224274
1976	0.2522902190685272	-0.41295188665390015	-0.6652421057224274
1977	0.2522902190685272	-0.41295188665390015	-0.6652421057224274
1978	0.2522902190685272	-0.41295188665390015	-0.6652421057224274
1979	0.2522902190685272	-0.41295188665390015	-0.6652421057224274
1980	0.2522902190685272	-0.41295188665390015	-0.6652421057224274
1981	0.2522902190685272	-0.41295188665390015	-0.6652421057224274
1982	0.2522902190685272	-0.41295188665390015	-0.6652421057224274
1983	0.2522902190685272	-0.41295188665390015	-0.6652421057224274
1984	0.2522902190685272	-0.41295188665390015	-0.6652421057224274
1985	0.2522902190685272	-0.41295188665390015	-0.6652421057224274
1986	0.2522902190685272	-0.41295188665390015	-0.6652421057224274
1987	0.2522902190685272	-0.41295188665390015	-0.6652421057224274
1988	0.2522902190685272	-0.41295188665390015	-0.6652421057224274
1989	0.2522902190685272	-0.41295188665390015	-0.6652421057224274
1990	0.2522902190685272	-0.41295188665390015	-0.6652421057224274
1991	0.2522902190685272	-0.41295188665390015	-0.6652421057224274
1992	0.2522902190685272	-0.41295188665390015	-0.6652421057224274
1993	0.2522902190685272	-0.41295188665390015	-0.6652421057224274
1994	0.2522902190685272	-0.41295188665390015	-0.6652421057224274
1995	0.2522902190685272	-0.41295188665390015	-0.6652421057224274
1996	0.2522902190685272	-0.41295188665390015	-0.6652421057224274
1997	0.2522902190685272	-0.41295188665390015	-0.6652421057224274
1998	0.2522902190685272	-0.41295188665390015	-0.6652421057224274
1999	0.2522902190685272	-0.41295188665390015	-0.6652421057224274
2000	0.2522902190685272	-0.41295188665390015	-0.6652421057224274

Best Loss: 0.25229018926620483

Training Time (seconds): 393.9851076190098
