Iteration	Loss (h)	Total Cost (f)	Cost g
1	0.5963160395622253	0.5963160395622253	0
2	0.5829472541809082	0.5695784687995911	-0.013368785381317139
3	0.5633794069290161	0.5304427742958069	-0.03293663263320923
4	0.5434380769729614	0.4905601143836975	-0.052877962589263916
5	0.5280351638793945	0.4597542881965637	-0.06828087568283081
6	0.5081506967544556	0.4199853539466858	-0.08816534280776978
7	0.48621252179145813	0.3761090040206909	-0.11010351777076721
8	0.48085033893585205	0.36538463830947876	-0.11546570062637329
9	0.46470317244529724	0.33309030532836914	-0.1316128671169281
10	0.4598585367202759	0.3234010338783264	-0.13645750284194946
11	0.4490751624107361	0.3018342852592468	-0.14724087715148926
12	0.443428635597229	0.29054123163223267	-0.15288740396499634
13	0.43991172313690186	0.28350740671157837	-0.1564043164253235
14	0.43730825185775757	0.2783004641532898	-0.15900778770446777
15	0.43566492199897766	0.27501380443573	-0.16065111756324768
16	0.43479815125465393	0.2732802629470825	-0.1615178883075714
17	0.433870792388916	0.2714255452156067	-0.16244524717330933
18	0.4330750107765198	0.2698339819908142	-0.16324102878570557
19	0.43252453207969666	0.26873302459716797	-0.1637915074825287
20	0.4304165542125702	0.26451706886291504	-0.16589948534965515
21	0.4256650507450104	0.2550140619277954	-0.17065098881721497
22	0.42500728368759155	0.25369852781295776	-0.1713087558746338
23	0.42407941818237305	0.25184279680252075	-0.1722366213798523
24	0.42330363392829895	0.25029122829437256	-0.1730124056339264
25	0.42270973324775696	0.24910342693328857	-0.17360630631446838
26	0.42220622301101685	0.24809640645980835	-0.1741098165512085
27	0.4212445318698883	0.24617302417755127	-0.17507150769233704
28	0.42077600955963135	0.24523597955703735	-0.175540030002594
29	0.42054465413093567	0.244773268699646	-0.17577138543128967
30	0.4194432199001312	0.2425704002380371	-0.17687281966209412
31	0.41890984773635864	0.24150365591049194	-0.1774061918258667
32	0.4183671474456787	0.24041825532913208	-0.17794889211654663
33	0.41757696866989136	0.23883789777755737	-0.17873907089233398
34	0.4173169434070587	0.2383178472518921	-0.17899909615516663
35	0.41707590222358704	0.23783576488494873	-0.1792401373386383
36	0.41652950644493103	0.23674297332763672	-0.1797865331172943
37	0.41553881764411926	0.23476159572601318	-0.18077722191810608
38	0.4151950180530548	0.23407399654388428	-0.18112102150917053
39	0.41492411494255066	0.23353219032287598	-0.18139192461967468
40	0.4141702651977539	0.23202449083328247	-0.18214577436447144
41	0.4139268696308136	0.23153769969940186	-0.18238916993141174
42	0.41366302967071533	0.23101001977920532	-0.18265300989151
43	0.41327351331710815	0.23023098707199097	-0.1830425262451172
44	0.4126647114753723	0.2290133833885193	-0.18365132808685303
45	0.412033349275589	0.22775065898895264	-0.18428269028663635
46	0.41175225377082825	0.22718846797943115	-0.1845637857913971
47	0.4115751087665558	0.22683417797088623	-0.18474093079566956
48	0.4112600088119507	0.22620397806167603	-0.18505603075027466
49	0.40980860590934753	0.22330117225646973	-0.1865074336528778
50	0.4096081554889679	0.22290027141571045	-0.18670788407325745
51	0.40891462564468384	0.22151321172714233	-0.1874014139175415
52	0.40826255083084106	0.2202090620994568	-0.18805348873138428
53	0.40810084342956543	0.21988564729690552	-0.1882151961326599
54	0.407941073179245	0.21956610679626465	-0.18837496638298035
55	0.4075802266597748	0.21884441375732422	-0.18873581290245056
56	0.40718385577201843	0.21805167198181152	-0.1891321837902069
57	0.4068189859390259	0.21732193231582642	-0.18949705362319946
58	0.40587592124938965	0.21543580293655396	-0.1904401183128357
59	0.4050557613372803	0.2137954831123352	-0.19126027822494507
60	0.40434375405311584	0.21237146854400635	-0.1919722855091095
61	0.4037320911884308	0.21114814281463623	-0.19258394837379456
62	0.403201162815094	0.21008628606796265	-0.19311487674713135
63	0.4027450382709503	0.2091740369796753	-0.19357100129127502
64	0.40225911140441895	0.20820218324661255	-0.1940569281578064
65	0.4017806947231293	0.2072453498840332	-0.19453534483909607
66	0.401320219039917	0.20632439851760864	-0.19499582052230835
67	0.4008975923061371	0.20547914505004883	-0.19541844725608826
68	0.40049803256988525	0.20468002557754517	-0.1958180069923401
69	0.40010595321655273	0.20389586687088013	-0.1962100863456726
70	0.3996819853782654	0.20304793119430542	-0.19663405418395996
71	0.3992646038532257	0.20221316814422607	-0.19705143570899963
72	0.39886897802352905	0.20142191648483276	-0.1974470615386963
73	0.39848217368125916	0.20064830780029297	-0.1978338658809662
74	0.3981230854988098	0.1999301314353943	-0.19819295406341553
75	0.3977876901626587	0.19925934076309204	-0.19852834939956665
76	0.3974435031414032	0.19857096672058105	-0.19887253642082214
77	0.3970494568347931	0.19778287410736084	-0.19926658272743225
78	0.39653414487838745	0.19675225019454956	-0.1997818946838379
79	0.3957761228084564	0.1952362060546875	-0.20053991675376892
80	0.3953316807746887	0.1943473219871521	-0.20098435878753662
81	0.3947030305862427	0.19309002161026	-0.20161300897598267
82	0.39433175325393677	0.1923474669456482	-0.20198428630828857
83	0.3940037190914154	0.19169139862060547	-0.20231232047080994
84	0.3935849070549011	0.1908537745475769	-0.20273113250732422
85	0.39321818947792053	0.19012033939361572	-0.2030978500843048
86	0.3928515911102295	0.18938714265823364	-0.20346444845199585
87	0.3924825191497803	0.1886489987373352	-0.20383352041244507
88	0.3921542167663574	0.1879923939704895	-0.20416182279586792
89	0.39178869128227234	0.18726134300231934	-0.204527348279953
90	0.39142322540283203	0.18653041124343872	-0.2048928141593933
91	0.3909735083580017	0.18563097715377808	-0.20534253120422363
92	0.3902713358402252	0.1842266321182251	-0.20604470372200012
93	0.3899070918560028	0.18349814414978027	-0.20640894770622253
94	0.3895109295845032	0.182705819606781	-0.20680510997772217
95	0.38913124799728394	0.18194645643234253	-0.2071847915649414
96	0.3888006806373596	0.1812853217124939	-0.20751535892486572
97	0.38847818970680237	0.1806403398513794	-0.20783784985542297
98	0.3881845474243164	0.18005305528640747	-0.20813149213790894
99	0.38789716362953186	0.17947828769683838	-0.20841887593269348
100	0.3875844478607178	0.1788528561592102	-0.20873159170150757
101	0.38723528385162354	0.17815452814102173	-0.2090807557106018
102	0.3869057595729828	0.17749547958374023	-0.20941027998924255
103	0.38659512996673584	0.17687422037124634	-0.2097209095954895
104	0.38629645109176636	0.17627686262130737	-0.21001958847045898
105	0.3860117793083191	0.17570751905441284	-0.21030426025390625
106	0.3856410086154938	0.1749659776687622	-0.21067503094673157
107	0.3842894732952118	0.17226290702819824	-0.21202656626701355
108	0.3827761113643646	0.1692361831665039	-0.21353992819786072
109	0.3811202943325043	0.1659245491027832	-0.21519574522972107
110	0.38037294149398804	0.16442984342575073	-0.2159430980682373
111	0.3797256052494049	0.16313517093658447	-0.21659043431282043
112	0.3792833685874939	0.16225069761276245	-0.21703267097473145
113	0.3786948323249817	0.16107362508773804	-0.21762120723724365
114	0.37828654050827026	0.16025704145431519	-0.21802949905395508
115	0.37791454792022705	0.15951305627822876	-0.2184014916419983
116	0.3775809705257416	0.1588459014892578	-0.21873506903648376
117	0.3772534132003784	0.1581907868385315	-0.21906262636184692
118	0.3769262433052063	0.15753644704818726	-0.21938979625701904
119	0.3766009509563446	0.15688586235046387	-0.21971508860588074
120	0.3762316107749939	0.15614718198776245	-0.22008442878723145
121	0.3757556974887848	0.15519535541534424	-0.22056034207344055
122	0.3754332959651947	0.15455055236816406	-0.22088274359703064
123	0.37507984042167664	0.15384364128112793	-0.2212361991405487
124	0.37406808137893677	0.1518201231956482	-0.22224795818328857
125	0.37355703115463257	0.1507980227470398	-0.22275900840759277
126	0.372635155916214	0.14895427227020264	-0.22368088364601135
127	0.37187206745147705	0.14742809534072876	-0.2244439721107483
128	0.3713306188583374	0.14634519815444946	-0.22498542070388794
129	0.3707370162010193	0.14515799283981323	-0.22557902336120605
130	0.36976197361946106	0.14320790767669678	-0.22655406594276428
131	0.36916661262512207	0.1420171856880188	-0.22714942693710327
132	0.3686113655567169	0.1409066915512085	-0.22770467400550842
133	0.36778441071510315	0.13925278186798096	-0.2285316288471222
134	0.3669694662094116	0.1376228928565979	-0.22934657335281372
135	0.36645740270614624	0.13659876585006714	-0.2298586368560791
136	0.3657394349575043	0.1351628303527832	-0.23057660460472107
137	0.3650323748588562	0.13374871015548706	-0.23128366470336914
138	0.3644554316997528	0.13259482383728027	-0.23186060786247253
139	0.36398908495903015	0.13166213035583496	-0.2323269546031952
140	0.3634534776210785	0.13059091567993164	-0.23286256194114685
141	0.36281657218933105	0.12931710481643677	-0.2334994673728943
142	0.362239807844162	0.12816357612609863	-0.23407623171806335
143	0.3617241680622101	0.12713229656219482	-0.23459187150001526
144	0.3612605333328247	0.12620502710342407	-0.23505550622940063
145	0.36081141233444214	0.12530678510665894	-0.2355046272277832
146	0.36011573672294617	0.12391543388366699	-0.23620030283927917
147	0.3595261871814728	0.12273633480072021	-0.23678985238075256
148	0.35896623134613037	0.1216164231300354	-0.23734980821609497
149	0.358521968126297	0.12072789669036865	-0.23779407143592834
150	0.3580649793148041	0.11981391906738281	-0.23825106024742126
151	0.35762158036231995	0.11892712116241455	-0.2386944591999054
152	0.3570307195186615	0.11774539947509766	-0.23928532004356384
153	0.3564637005329132	0.11661136150360107	-0.23985233902931213
154	0.35592013597488403	0.11552423238754272	-0.2403959035873413
155	0.3554863929748535	0.11465674638748169	-0.24082964658737183
156	0.35505497455596924	0.11379390954971313	-0.2412610650062561
157	0.35457223653793335	0.11282843351364136	-0.241743803024292
158	0.3540264964103699	0.1117369532585144	-0.24228954315185547
159	0.3535109758377075	0.1107059121131897	-0.24280506372451782
160	0.353053480386734	0.10979092121124268	-0.24326255917549133
161	0.35258036851882935	0.10884469747543335	-0.243735671043396
162	0.35212501883506775	0.10793399810791016	-0.2441910207271576
163	0.3513326048851013	0.1063491702079773	-0.24498343467712402
164	0.35094672441482544	0.10557740926742554	-0.2453693151473999
165	0.35041266679763794	0.10450929403305054	-0.2459033727645874
166	0.3497893512248993	0.10326266288757324	-0.24652668833732605
167	0.34929901361465454	0.10228198766708374	-0.2470170259475708
168	0.34884122014045715	0.10136640071868896	-0.2474748194217682
169	0.34845200181007385	0.10058796405792236	-0.2478640377521515
170	0.3480710983276367	0.0998261570930481	-0.24824494123458862
171	0.34763744473457336	0.09895884990692139	-0.24867859482765198
172	0.3470325171947479	0.09774899482727051	-0.24928352236747742
173	0.346555233001709	0.09679442644119263	-0.24976080656051636
174	0.34611213207244873	0.09590822458267212	-0.2502039074897766
175	0.3456854224205017	0.09505480527877808	-0.25063061714172363
176	0.3453020751476288	0.09428811073303223	-0.25101396441459656
177	0.3447212278842926	0.09312641620635986	-0.25159481167793274
178	0.3441471457481384	0.09197825193405151	-0.2521688938140869
179	0.34366849064826965	0.09102094173431396	-0.2526475489139557
180	0.34319770336151123	0.09007936716079712	-0.2531183362007141
181	0.3426889479160309	0.08906185626983643	-0.25362709164619446
182	0.342122882604599	0.08792972564697266	-0.25419315695762634
183	0.3416456878185272	0.0869753360748291	-0.2546703517436981
184	0.34119290113449097	0.08606976270675659	-0.2551231384277344
185	0.34069302678108215	0.08507001399993896	-0.2556230127811432
186	0.3401481807231903	0.08398032188415527	-0.25616785883903503
187	0.3397118151187897	0.083107590675354	-0.25660422444343567
188	0.3393031060695648	0.0822901725769043	-0.2570129334926605
189	0.33890196681022644	0.08148789405822754	-0.2574140727519989
190	0.33837801218032837	0.0804399847984314	-0.257938027381897
191	0.33795663714408875	0.07959723472595215	-0.2583594024181366
192	0.3375374674797058	0.07875889539718628	-0.25877857208251953
193	0.3371415138244629	0.07796698808670044	-0.25917452573776245
194	0.33676594495773315	0.07721585035324097	-0.2595500946044922
195	0.3364044725894928	0.07649290561676025	-0.25991156697273254
196	0.3358672559261322	0.07541847229003906	-0.26044878363609314
197	0.33540451526641846	0.07449299097061157	-0.2609115242958069
198	0.33496421575546265	0.07361239194869995	-0.2613518238067627
199	0.3345787227153778	0.07284140586853027	-0.26173731684684753
200	0.33417874574661255	0.07204145193099976	-0.2621372938156128
201	0.3336310088634491	0.07094597816467285	-0.26268503069877625
202	0.3331871032714844	0.07005816698074341	-0.26312893629074097
203	0.3327922224998474	0.06926840543746948	-0.26352381706237793
204	0.33241698145866394	0.06851792335510254	-0.2638990581035614
205	0.33206096291542053	0.06780588626861572	-0.2642550766468048
206	0.3316950798034668	0.06707412004470825	-0.26462095975875854
207	0.33116987347602844	0.06602370738983154	-0.2651461660861969
208	0.3307439982891083	0.06517195701599121	-0.26557204127311707
209	0.3303772211074829	0.06443840265274048	-0.26593881845474243
210	0.33002886176109314	0.06374168395996094	-0.2662871778011322
211	0.3296852707862854	0.06305450201034546	-0.26663076877593994
212	0.329220712184906	0.06212538480758667	-0.26709532737731934
213	0.3288055956363678	0.061295151710510254	-0.26751044392585754
214	0.3284386396408081	0.06056123971939087	-0.26787739992141724
215	0.3278619349002838	0.059407830238342285	-0.26845410466194153
216	0.32731226086616516	0.05830848217010498	-0.2690037786960602
217	0.32683849334716797	0.057360947132110596	-0.2694775462150574
218	0.3263399004936218	0.05636376142501831	-0.2699761390686035
219	0.3259284198284149	0.05554080009460449	-0.2703876197338104
220	0.3255661725997925	0.05481630563735962	-0.27074986696243286
221	0.3250848650932312	0.05385369062423706	-0.27123117446899414
222	0.32468217611312866	0.05304831266403198	-0.2716338634490967
223	0.32433268427848816	0.05234932899475098	-0.2719833552837372
224	0.3239765763282776	0.051637113094329834	-0.27233946323394775
225	0.32362785935401917	0.05093967914581299	-0.2726881802082062
226	0.32325613498687744	0.05019623041152954	-0.2730599045753479
227	0.3227875232696533	0.0492590069770813	-0.273528516292572
228	0.32239359617233276	0.048471152782440186	-0.2739224433898926
229	0.32203513383865356	0.04775422811508179	-0.2742809057235718
230	0.3216942250728607	0.047072410583496094	-0.2746218144893646
231	0.32137051224708557	0.0464249849319458	-0.27494552731513977
232	0.3210219442844391	0.04572784900665283	-0.27529409527778625
233	0.32055312395095825	0.04479020833969116	-0.2757629156112671
234	0.31858283281326294	0.04084962606430054	-0.2777332067489624
235	0.31814947724342346	0.03998291492462158	-0.2781665623188019
236	0.3177196979522705	0.039123356342315674	-0.27859634160995483
237	0.3172244131565094	0.03813278675079346	-0.27909162640571594
238	0.31672900915145874	0.03714197874069214	-0.2795870304107666
239	0.31630831956863403	0.036300599575042725	-0.2800077199935913
240	0.31591320037841797	0.035510361194610596	-0.2804028391838074
241	0.3154311180114746	0.03454619646072388	-0.28088492155075073
242	0.31501638889312744	0.03371673822402954	-0.2812996506690979
243	0.31466782093048096	0.03301960229873657	-0.2816482186317444
244	0.3142467141151428	0.0321773886680603	-0.2820693254470825
245	0.3137871026992798	0.03125816583633423	-0.28252893686294556
246	0.313422292470932	0.030528545379638672	-0.28289374709129333
247	0.31304648518562317	0.029776930809020996	-0.2832695543766022
248	0.3126247227191925	0.028933405876159668	-0.28369131684303284
249	0.31222620606422424	0.028136372566223145	-0.2840898334980011
250	0.3118710517883301	0.027426064014434814	-0.28444498777389526
251	0.3115280866622925	0.02674013376235962	-0.28478795289993286
252	0.31117644906044006	0.026036858558654785	-0.2851395905017853
253	0.31076374650001526	0.025211453437805176	-0.2855522930622101
254	0.3104110062122345	0.024505972862243652	-0.28590503334999084
255	0.3100643455982208	0.02381265163421631	-0.2862516939640045
256	0.3097291886806488	0.023142337799072266	-0.28658685088157654
257	0.3094084858894348	0.022500932216644287	-0.2869075536727905
258	0.3090803325176239	0.02184462547302246	-0.28723570704460144
259	0.3086775243282318	0.02103900909423828	-0.28763851523399353
260	0.30833959579467773	0.020363152027130127	-0.2879764437675476
261	0.3080107569694519	0.019705474376678467	-0.28830528259277344
262	0.30769607424736023	0.019076108932495117	-0.2886199653148651
263	0.3073961138725281	0.01847618818283081	-0.28891992568969727
264	0.3070847690105438	0.017853498458862305	-0.2892312705516815
265	0.3067398965358734	0.017163753509521484	-0.28957614302635193
266	0.30600878596305847	0.0157015323638916	-0.29030725359916687
267	0.30367511510849	0.011034190654754639	-0.29264092445373535
268	0.30321449041366577	0.010112941265106201	-0.29310154914855957
269	0.3027348220348358	0.009153604507446289	-0.2935812175273895
270	0.3023224174976349	0.008328795433044434	-0.29399362206459045
271	0.30194607377052307	0.007576107978820801	-0.29436996579170227
272	0.301357626914978	0.006399214267730713	-0.2949584126472473
273	0.3002340495586395	0.004152059555053711	-0.2960819900035858
274	0.29954543709754944	0.002774834632873535	-0.2967706024646759
275	0.29893580079078674	0.0015555620193481445	-0.2973802387714386
276	0.29840540885925293	0.0004947781562805176	-0.2979106307029724
277	0.29793551564216614	-0.0004450082778930664	-0.2983805239200592
278	0.2974133789539337	-0.0014892816543579102	-0.2989026606082916
279	0.296892374753952	-0.002531290054321289	-0.2994236648082733
280	0.2964339554309845	-0.0034481287002563477	-0.29988208413124084
281	0.2959912121295929	-0.004333615303039551	-0.30032482743263245
282	0.2954811453819275	-0.005353748798370361	-0.30083489418029785
283	0.295033723115921	-0.006248593330383301	-0.3012823164463043
284	0.29464617371559143	-0.0070236921310424805	-0.3016698658466339
285	0.29417163133621216	-0.007972776889801025	-0.3021444082260132
286	0.29364266991615295	-0.009030699729919434	-0.3026733696460724
287	0.2894507050514221	-0.017414629459381104	-0.3068653345108032
288	0.2820182740688324	-0.03227949142456055	-0.31429776549339294
289	0.26055747270584106	-0.07520109415054321	-0.3357585668563843
290	0.25521206855773926	-0.08589190244674683	-0.3411039710044861
291	0.24690890312194824	-0.10249823331832886	-0.3494071364402771
292	0.23575085401535034	-0.12481433153152466	-0.360565185546875
293	0.23169441521167755	-0.13292720913887024	-0.3646216243505478
294	0.2285720854997635	-0.13917186856269836	-0.36774395406246185
295	0.22360801696777344	-0.14910000562667847	-0.3727080225944519
296	0.21728362143039703	-0.16174879670143127	-0.3790324181318283
297	0.20783460140228271	-0.1806468367576599	-0.3884814381599426
298	0.19939632713794708	-0.19752338528633118	-0.39691971242427826
299	0.1965024620294571	-0.20331111550331116	-0.39981357753276825
300	0.19423359632492065	-0.20784884691238403	-0.4020824432373047
301	0.1917973905801773	-0.21272125840187073	-0.40451864898204803
302	0.188644677400589	-0.21902668476104736	-0.40767136216163635
303	0.18585900962352753	-0.2245980203151703	-0.4104570299386978
304	0.18342149257659912	-0.2294730544090271	-0.4128945469856262
305	0.18064843118190765	-0.23501917719841003	-0.4156676083803177
306	0.17301401495933533	-0.2502880096435547	-0.42330202460289
307	0.16583503782749176	-0.2646459639072418	-0.4304810017347336
308	0.1607302576303482	-0.27485552430152893	-0.43558578193187714
309	0.15703655779361725	-0.28224292397499084	-0.4392794817686081
310	0.15550397336483002	-0.2853080928325653	-0.4408120661973953
311	0.15270012617111206	-0.2909157872200012	-0.4436159133911133
312	0.14928483963012695	-0.29774636030197144	-0.4470311999320984
313	0.148024320602417	-0.30026739835739136	-0.44829171895980835
314	0.14652997255325317	-0.303256094455719	-0.44978606700897217
315	0.14554645121097565	-0.30522313714027405	-0.4507695883512497
316	0.14358146488666534	-0.30915310978889465	-0.45273457467556
317	0.14122921228408813	-0.3138576149940491	-0.4550868272781372
318	0.13930055499076843	-0.3177149295806885	-0.4570154845714569
319	0.13838091492652893	-0.3195542097091675	-0.4579351246356964
320	0.13693581521511078	-0.3224444091320038	-0.45938022434711456
321	0.13621506094932556	-0.3238859176635742	-0.4601009786128998
322	0.1343756765127182	-0.32756468653678894	-0.46194036304950714
323	0.13311249017715454	-0.33009105920791626	-0.4632035493850708
324	0.131454735994339	-0.33340656757354736	-0.46486130356788635
325	0.1306290626525879	-0.33505791425704956	-0.46568697690963745
326	0.12963923811912537	-0.3370375633239746	-0.4666768014431
327	0.12789544463157654	-0.34052515029907227	-0.4684205949306488
328	0.1267494112253189	-0.3428172171115875	-0.46956662833690643
329	0.125164195895195	-0.3459876477718353	-0.47115184366703033
330	0.12426171451807022	-0.3477926105260849	-0.4720543250441551
331	0.12318944185972214	-0.34993715584278107	-0.4731265977025032
332	0.12231403589248657	-0.3516879677772522	-0.47400200366973877
333	0.12074733525514603	-0.3548213690519333	-0.4755687043070793
334	0.1196918860077858	-0.35693226754665375	-0.47662415355443954
335	0.1183905228972435	-0.35953499376773834	-0.47792551666498184
336	0.11757033318281174	-0.36117537319660187	-0.4787457063794136
337	0.11603295803070068	-0.364250123500824	-0.48028308153152466
338	0.11487753689289093	-0.3665609657764435	-0.4814385026693344
339	0.11306490749120712	-0.3701862245798111	-0.4832511320710182
340	0.11176279932260513	-0.3727904409170151	-0.4845532402396202
341	0.10987205803394318	-0.376571923494339	-0.48644398152828217
342	0.10852000117301941	-0.3792760372161865	-0.48779603838920593
343	0.10712628066539764	-0.38206347823143005	-0.4891897588968277
344	0.1052507609128952	-0.38581451773643494	-0.49106527864933014
345	0.1038365587592125	-0.38864292204380035	-0.49247948080301285
346	0.10235615819692612	-0.3916037231683731	-0.4939598813652992
347	0.10092189908027649	-0.39447224140167236	-0.49539414048194885
348	0.09980341047048569	-0.39670921862125397	-0.49651262909173965
349	0.09828036278486252	-0.3997553139925003	-0.4980356767773628
350	0.09723604470491409	-0.40184395015239716	-0.49907999485731125
351	0.09601938724517822	-0.4042772650718689	-0.5002966523170471
352	0.09464555233716965	-0.40702493488788605	-0.5016704872250557
353	0.09366411715745926	-0.4089878052473068	-0.5026519224047661
354	0.0930887758731842	-0.41013848781585693	-0.5032272636890411
355	0.09228959679603577	-0.4117368459701538	-0.5040264427661896
356	0.09117881953716278	-0.4139584004878998	-0.5051372200250626
357	0.09045729786157608	-0.4154014438390732	-0.5058587417006493
358	0.08948724716901779	-0.41734154522418976	-0.5068287923932076
359	0.08881882578134537	-0.4186783879995346	-0.50749721378088
360	0.08745332062244415	-0.42140939831733704	-0.5088627189397812
361	0.08664734661579132	-0.4230213463306427	-0.509668692946434
362	0.08598995208740234	-0.42433613538742065	-0.510326087474823
363	0.08522836118936539	-0.42585931718349457	-0.51108767837286
364	0.08452754467725754	-0.42726095020771027	-0.5117884948849678
365	0.08349831402301788	-0.4293194115161896	-0.5128177255392075
366	0.08282151818275452	-0.4306730031967163	-0.5134945213794708
367	0.08075573295354843	-0.4348045736551285	-0.5155603066086769
368	0.07990171015262604	-0.43651261925697327	-0.5164143294095993
369	0.07938208431005478	-0.4375518709421158	-0.5169339552521706
370	0.07817869633436203	-0.4399586468935013	-0.5181373432278633
371	0.07753417640924454	-0.44124768674373627	-0.5187818631529808
372	0.07678719609975815	-0.44274164736270905	-0.5195288434624672
373	0.07613396644592285	-0.44404810667037964	-0.5201820731163025
374	0.07552048563957214	-0.44527506828308105	-0.5207955539226532
375	0.07435204088687897	-0.4476119577884674	-0.5219639986753464
376	0.0737278014421463	-0.44886043667793274	-0.522588238120079
377	0.07316112518310547	-0.4499937891960144	-0.5231549143791199
378	0.07257746905088425	-0.45116110146045685	-0.5237385705113411
379	0.07178208976984024	-0.45275186002254486	-0.5245339497923851
380	0.07126472145318985	-0.45378659665584564	-0.5250513181090355
381	0.07066482305526733	-0.4549863934516907	-0.525651216506958
382	0.07010935992002487	-0.4560973197221756	-0.5262066796422005
383	0.06970176845788956	-0.45691250264644623	-0.5266142711043358
384	0.06874172389507294	-0.45883259177207947	-0.5275743156671524
385	0.06779502332210541	-0.4607259929180145	-0.5285210162401199
386	0.06745723634958267	-0.46140156686306	-0.5288588032126427
387	0.06649395823478699	-0.46332812309265137	-0.5298220813274384
388	0.0661156103014946	-0.46408481895923615	-0.5302004292607307
389	0.06571090966463089	-0.46489422023296356	-0.5306051298975945
390	0.06515233963727951	-0.4660113602876663	-0.5311636999249458
391	0.06460405886173248	-0.4671079218387604	-0.5317119807004929
392	0.06399057805538177	-0.4683348834514618	-0.5323254615068436
393	0.06350859999656677	-0.4692988395690918	-0.5328074395656586
394	0.06264665722846985	-0.47102272510528564	-0.5336693823337555
395	0.06222254037857056	-0.47187095880508423	-0.5340934991836548
396	0.06162102520465851	-0.4730739891529083	-0.5346950143575668
397	0.06131463497877121	-0.4736867696046829	-0.5350014045834541
398	0.0607382096350193	-0.47483962029218674	-0.535577829927206
399	0.060316264629364014	-0.4756835103034973	-0.5359997749328613
400	0.05994898080825806	-0.47641807794570923	-0.5363670587539673
401	0.05955198034644127	-0.4772120788693428	-0.5367640592157841
402	0.059127382934093475	-0.4780612736940384	-0.5371886566281319
403	0.05884840711951256	-0.4786192253232002	-0.5374676324427128
404	0.058522652834653854	-0.47927073389291763	-0.5377933867275715
405	0.05815598741173744	-0.48000406473875046	-0.5381600521504879
406	0.05756962671875954	-0.48117678612470627	-0.5387464128434658
407	0.05710381641983986	-0.4821084067225456	-0.5392122231423855
408	0.05682807043194771	-0.4826598986983299	-0.5394879691302776
409	0.05659598857164383	-0.4831240624189377	-0.5397200509905815
410	0.05640042573213577	-0.4835151880979538	-0.5399156138300896
411	0.05621491000056267	-0.4838862195611	-0.5401011295616627
412	0.056040141731500626	-0.4842357560992241	-0.5402758978307247
413	0.05587587133049965	-0.48456429690122604	-0.5404401682317257
414	0.05572182312607765	-0.48487239331007004	-0.5405942164361477
415	0.05554904788732529	-0.48521794378757477	-0.5407669916749
416	0.0551183708012104	-0.48607929795980453	-0.5411976687610149
417	0.05449165403842926	-0.4873327314853668	-0.5418243855237961
418	0.05432154983282089	-0.48767293989658356	-0.5419944897294044
419	0.054024215787649155	-0.48826760798692703	-0.5422918237745762
420	0.053411323577165604	-0.48949339240789413	-0.5429047159850597
421	0.053196512162685394	-0.48992301523685455	-0.54311952739954
422	0.05280200019478798	-0.4907120391726494	-0.5435140393674374
423	0.052639685571193695	-0.49103666841983795	-0.5436763539910316
424	0.05250636488199234	-0.49130330979824066	-0.543809674680233
425	0.05224725604057312	-0.4918215274810791	-0.5440687835216522
426	0.051935695111751556	-0.49244464933872223	-0.5443803444504738
427	0.05161919444799423	-0.4930776506662369	-0.5446968451142311
428	0.0512237586081028	-0.49386852234601974	-0.5450922809541225
429	0.05097184702754021	-0.49437234550714493	-0.5453441925346851
430	0.05072273313999176	-0.4948705732822418	-0.5455933064222336
431	0.050435081124305725	-0.4954458773136139	-0.5458809584379196
432	0.05020124092698097	-0.4959135577082634	-0.5461147986352444
433	0.04993215948343277	-0.4964517205953598	-0.5463838800787926
434	0.04980657994747162	-0.4967028796672821	-0.5465094596147537
435	0.04963793233036995	-0.49704017490148544	-0.5466781072318554
436	0.04942295327782631	-0.4974701330065727	-0.546893086284399
437	0.04912109673023224	-0.49807384610176086	-0.5471949428319931
438	0.0489811934530735	-0.49835365265607834	-0.5473348461091518
439	0.04888351261615753	-0.4985490143299103	-0.5474325269460678
440	0.04879218712449074	-0.49873166531324387	-0.5475238524377346
441	0.04868438094854355	-0.49894727766513824	-0.5476316586136818
442	0.04851503670215607	-0.4992859661579132	-0.5478010028600693
443	0.04828764125704765	-0.49974075704813004	-0.5480283983051777
444	0.04819145053625107	-0.4999331384897232	-0.5481245890259743
445	0.048096295446157455	-0.5001234486699104	-0.5482197441160679
446	0.04800676926970482	-0.5003025010228157	-0.5483092702925205
447	0.04792320728302002	-0.5004696249961853	-0.5483928322792053
448	0.04784449189901352	-0.5006270557641983	-0.5484715476632118
449	0.04776790738105774	-0.5007802248001099	-0.5485481321811676
450	0.04767719283699989	-0.5009616538882256	-0.5486388467252254
451	0.04752442613244057	-0.5012671872973442	-0.5487916134297848
452	0.047330066561698914	-0.5016559064388275	-0.5489859730005264
453	0.04724452272057533	-0.5018269941210747	-0.54907151684165
454	0.047165412455797195	-0.501985214650631	-0.5491506271064281
455	0.04709234833717346	-0.5021313428878784	-0.5492236912250519
456	0.047025009989738464	-0.5022660195827484	-0.5492910295724869
457	0.04695921391248703	-0.5023976117372513	-0.5493568256497383
458	0.04689651355147362	-0.5025230124592781	-0.5494195260107517
459	0.04683498665690422	-0.5026460662484169	-0.5494810529053211
460	0.0467740073800087	-0.502768024802208	-0.5495420321822166
461	0.046645596623420715	-0.5030248463153839	-0.5496704429388046
462	0.04649036377668381	-0.5033353120088577	-0.5498256757855415
463	0.046422965824604034	-0.5034701079130173	-0.5498930737376213
464	0.046355798840522766	-0.5036044418811798	-0.5499602407217026
465	0.046290747821331024	-0.5037345439195633	-0.5500252917408943
466	0.046220194548368454	-0.5038756504654884	-0.5500958450138569
467	0.04615875333547592	-0.5039985328912735	-0.5501572862267494
468	0.046101704239845276	-0.5041126310825348	-0.5502143353223801
469	0.04604685306549072	-0.5042223334312439	-0.5502691864967346
470	0.045994967222213745	-0.5043261051177979	-0.5503210723400116
471	0.04594377428293228	-0.5044284909963608	-0.5503722652792931
472	0.045894213020801544	-0.5045276135206223	-0.5504218265414238
473	0.0458468422293663	-0.5046223551034927	-0.550469197332859
474	0.04579988121986389	-0.5047162771224976	-0.5505161583423615
475	0.0456925630569458	-0.5049309134483337	-0.5506234765052795
476	0.04516974836587906	-0.5059765428304672	-0.5511462911963463
477	0.04452726989984512	-0.5072614997625351	-0.5517887696623802
478	0.04387810826301575	-0.5085598230361938	-0.5524379312992096
479	0.04327753558754921	-0.5097609683871269	-0.5530385039746761
480	0.042939186096191406	-0.5104376673698425	-0.5533768534660339
481	0.04274255782365799	-0.5108309239149094	-0.5535734817385674
482	0.042519714683294296	-0.5112766101956367	-0.553796324878931
483	0.04235844686627388	-0.5115991458296776	-0.5539575926959515
484	0.04178435727953911	-0.5127473250031471	-0.5545316822826862
485	0.04117928817868233	-0.5139574632048607	-0.555136751383543
486	0.04089101776480675	-0.5145340040326118	-0.5554250217974186
487	0.04069610312581062	-0.5149238333106041	-0.5556199364364147
488	0.04053489863872528	-0.5152462422847748	-0.5557811409235001
489	0.04036290571093559	-0.5155902281403542	-0.5559531338512897
490	0.040111180394887924	-0.5160936787724495	-0.5562048591673374
491	0.039992526173591614	-0.5163309872150421	-0.5563235133886337
492	0.03988616168498993	-0.5165437161922455	-0.5564298778772354
493	0.03975667431950569	-0.516802690923214	-0.5565593652427197
494	0.03947542607784271	-0.5173651874065399	-0.5568406134843826
495	0.03931531682610512	-0.5176854059100151	-0.5570007227361202
496	0.03923611342906952	-0.5178438127040863	-0.5570799261331558
497	0.039171621203422546	-0.5179727971553802	-0.5571444183588028
498	0.039106547832489014	-0.5181029438972473	-0.5572094917297363
499	0.03904419019818306	-0.5182276591658592	-0.5572718493640423
500	0.03899567574262619	-0.518324688076973	-0.5573203638195992
501	0.038845136761665344	-0.5186257660388947	-0.55747090280056
502	0.03873252123594284	-0.5188509970903397	-0.5575835183262825
503	0.0386333130300045	-0.5190494135022163	-0.5576827265322208
504	0.038558464497327805	-0.5191991105675697	-0.5577575750648975
505	0.03850625455379486	-0.5193035304546356	-0.5578097850084305
506	0.03846212103962898	-0.5193917974829674	-0.5578539185225964
507	0.03841745853424072	-0.5194811224937439	-0.5578985810279846
508	0.03838193416595459	-0.5195521712303162	-0.5579341053962708
509	0.038337502628564835	-0.5196410343050957	-0.5579785369336605
510	0.038265105336904526	-0.5197858288884163	-0.5580509342253208
511	0.038172878324985504	-0.5199702829122543	-0.5581431612372398
512	0.038082756102085114	-0.5201505273580551	-0.5582332834601402
513	0.03802228718996048	-0.5202714651823044	-0.5582937523722649
514	0.03796113654971123	-0.5203937664628029	-0.5583549030125141
515	0.037912268191576004	-0.5204915031790733	-0.5584037713706493
516	0.037866268306970596	-0.5205835029482841	-0.5584497712552547
517	0.037821974605321884	-0.5206720903515816	-0.5584940649569035
518	0.03779469430446625	-0.5207266509532928	-0.5585213452577591
519	0.037750158458948135	-0.5208157226443291	-0.5585658811032772
520	0.03771735355257988	-0.5208813324570656	-0.5585986860096455
521	0.037694938480854034	-0.5209261626005173	-0.5586211010813713
522	0.037676505744457245	-0.5209630280733109	-0.5586395338177681
523	0.03765816241502762	-0.5209997147321701	-0.5586578771471977
524	0.037637777626514435	-0.5210404843091965	-0.5586782619357109
525	0.03761337324976921	-0.5210892930626869	-0.5587026663124561
526	0.03758704289793968	-0.521141953766346	-0.5587289966642857
527	0.03748641908168793	-0.5213432013988495	-0.5588296204805374
528	0.03724537417292595	-0.5218252912163734	-0.5590706653892994
529	0.03695595636963844	-0.5224041268229485	-0.5593600831925869
530	0.03681439533829689	-0.5226872488856316	-0.5595016442239285
531	0.03677812218666077	-0.5227597951889038	-0.5595379173755646
532	0.03672488406300545	-0.5228662714362144	-0.5595911554992199
533	0.03668459504842758	-0.5229468494653702	-0.5596314445137978
534	0.03665847331285477	-0.5229990929365158	-0.5596575662493706
535	0.03664170205593109	-0.5230326354503632	-0.5596743375062943
536	0.03662119805812836	-0.5230736434459686	-0.559694841504097
537	0.03659798204898834	-0.5231200754642487	-0.559718057513237
538	0.03656955063343048	-0.5231769382953644	-0.5597464889287949
539	0.03646387159824371	-0.5233882963657379	-0.5598521679639816
540	0.03638531267642975	-0.5235454142093658	-0.5599307268857956
541	0.036239273846149445	-0.5238374918699265	-0.5600767657160759
542	0.036190666258335114	-0.5239347070455551	-0.5601253733038902
543	0.03614697977900505	-0.5240220800042152	-0.5601690597832203
544	0.03591395914554596	-0.5244881212711334	-0.5604020804166794
545	0.03583814948797226	-0.5246397405862808	-0.5604778900742531
546	0.03574591875076294	-0.5248242020606995	-0.5605701208114624
547	0.035701390355825424	-0.5249132588505745	-0.5606146492063999
548	0.035630300641059875	-0.5250554382801056	-0.5606857389211655
549	0.035595979541540146	-0.525124080479145	-0.5607200600206852
550	0.035527609288692474	-0.5252608209848404	-0.5607884302735329
551	0.03545781597495079	-0.5254004076123238	-0.5608582235872746
552	0.03541500121355057	-0.5254860371351242	-0.5609010383486748
553	0.03537684679031372	-0.5255623459815979	-0.5609391927719116
554	0.03530963882803917	-0.525696761906147	-0.5610064007341862
555	0.03527016192674637	-0.5257757157087326	-0.561045877635479
556	0.03524342179298401	-0.5258291959762573	-0.5610726177692413
557	0.03522023186087608	-0.5258755758404732	-0.5610958077013493
558	0.03508901223540306	-0.5261380150914192	-0.5612270273268223
559	0.03501712903380394	-0.5262817814946175	-0.5612989105284214
560	0.034864939749240875	-0.5265861600637436	-0.5614510998129845
561	0.034832663834095	-0.5266507118940353	-0.5614833757281303
562	0.03480759263038635	-0.5267008543014526	-0.561508446931839
563	0.03469468653202057	-0.5269266664981842	-0.5616213530302048
564	0.034661393612623215	-0.5269932523369789	-0.5616546459496021
565	0.03463263437151909	-0.5270507708191872	-0.5616834051907063
566	0.034487128257751465	-0.5273417830467224	-0.5618289113044739
567	0.03439655527472496	-0.5275229290127754	-0.5619194842875004
568	0.03437678515911102	-0.5275624692440033	-0.5619392544031143
569	0.03429906815290451	-0.5277179032564163	-0.5620169714093208
570	0.03423650190234184	-0.5278430357575417	-0.5620795376598835
571	0.03419211506843567	-0.527931809425354	-0.5621239244937897
572	0.03416842594742775	-0.5279791876673698	-0.5621476136147976
573	0.034148409962654114	-0.5280192196369171	-0.5621676295995712
574	0.03413078561425209	-0.5280544683337212	-0.5621852539479733
575	0.034090425819158554	-0.5281351879239082	-0.5622256137430668
576	0.034064408391714096	-0.5281872227787971	-0.5622516311705112
577	0.034044332802295685	-0.528227373957634	-0.5622717067599297
578	0.03402269259095192	-0.5282706543803215	-0.5622933469712734
579	0.03384966403245926	-0.5286167114973068	-0.5624663755297661
580	0.03376157581806183	-0.5287928879261017	-0.5625544637441635
581	0.033689506351947784	-0.5289370268583298	-0.5626265332102776
582	0.033541347831487656	-0.52923334389925	-0.5627746917307377
583	0.03352312371134758	-0.5292697921395302	-0.5627929158508778
584	0.03350664675235748	-0.5293027460575104	-0.5628093928098679
585	0.033490438014268875	-0.5293351635336876	-0.5628256015479565
586	0.03346762806177139	-0.5293807834386826	-0.562848411500454
587	0.03341633081436157	-0.5294833779335022	-0.5628997087478638
588	0.033366043120622635	-0.5295839533209801	-0.5629499964416027
589	0.033294446766376495	-0.5297271460294724	-0.5630215927958488
590	0.033218156546354294	-0.5298797264695168	-0.563097883015871
591	0.033141933381557465	-0.5300321727991104	-0.5631741061806679
592	0.03304014727473259	-0.5302357450127602	-0.5632758922874928
593	0.032941266894340515	-0.5304335057735443	-0.5633747726678848
594	0.03284663334488869	-0.530622772872448	-0.5634694062173367
595	0.03275946527719498	-0.5307971090078354	-0.5635565742850304
596	0.03260691836476326	-0.5311022028326988	-0.5637091211974621
597	0.03252033144235611	-0.5312753766775131	-0.5637957081198692
598	0.032439373433589935	-0.5314372926950455	-0.5638766661286354
599	0.03236749395728111	-0.5315810516476631	-0.5639485456049442
600	0.03223937377333641	-0.5318372920155525	-0.5640766657888889
601	0.03209567815065384	-0.5321246832609177	-0.5642203614115715
602	0.03203309327363968	-0.532249853014946	-0.5642829462885857
603	0.03194739669561386	-0.5324212461709976	-0.5643686428666115
604	0.03185434639453888	-0.5326073467731476	-0.5644616931676865
605	0.03177807480096817	-0.532759889960289	-0.5645379647612572
606	0.03171927109360695	-0.5328774973750114	-0.5645967684686184
607	0.031572651118040085	-0.5331707373261452	-0.5647433884441853
608	0.03147175535559654	-0.5333725288510323	-0.5648442842066288
609	0.03137511387467384	-0.5335658118128777	-0.5649409256875515
610	0.03131707012653351	-0.5336818993091583	-0.5649989694356918
611	0.03121843934059143	-0.5338791608810425	-0.5650976002216339
612	0.03111921437084675	-0.5340776108205318	-0.5651968251913786
613	0.031067440286278725	-0.5341811589896679	-0.5652485992759466
614	0.0310205090790987	-0.5342750214040279	-0.5652955304831266
615	0.03096778504550457	-0.5343804694712162	-0.5653482545167208
616	0.03085467591881752	-0.5346066877245903	-0.5654613636434078
617	0.030823517590761185	-0.534669004380703	-0.5654925219714642
618	0.030766645446419716	-0.5347827486693859	-0.5655493941158056
619	0.030630243942141533	-0.5350555516779423	-0.5656857956200838
620	0.030598919838666916	-0.5351181998848915	-0.5657171197235584
621	0.030561793595552444	-0.5351924523711205	-0.5657542459666729
622	0.03047492913901806	-0.5353661812841892	-0.5658411104232073
623	0.030439253896474838	-0.5354375317692757	-0.5658767856657505
624	0.030377289280295372	-0.5355614610016346	-0.56593875028193
625	0.030340494588017464	-0.5356350503861904	-0.5659755449742079
626	0.030273539945483208	-0.5357689596712589	-0.5660424996167421
627	0.03024640493094921	-0.5358232297003269	-0.5660696346312761
628	0.030219106003642082	-0.5358778275549412	-0.5660969335585833
629	0.030161593109369278	-0.5359928533434868	-0.5661544464528561
630	0.030133984982967377	-0.5360480695962906	-0.566182054579258
631	0.030114799737930298	-0.5360864400863647	-0.566201239824295
632	0.030071569606661797	-0.5361729003489017	-0.5662444699555635
633	0.03000313602387905	-0.5363097675144672	-0.5663129035383463
634	0.029967037960886955	-0.5363819636404514	-0.5663490016013384
635	0.029932495206594467	-0.5364510491490364	-0.5663835443556309
636	0.029884973540902138	-0.5365460924804211	-0.5664310660213232
637	0.02984052151441574	-0.5366349965333939	-0.5664755180478096
638	0.02980685420334339	-0.5367023311555386	-0.566509185358882
639	0.029778476804494858	-0.5367590859532356	-0.5665375627577305
640	0.02974894270300865	-0.536818154156208	-0.5665670968592167
641	0.029702207073569298	-0.5369116254150867	-0.566613832488656
642	0.02967177890241146	-0.5369724817574024	-0.5666442606598139
643	0.02952110581099987	-0.5372738279402256	-0.5667949337512255
644	0.02946186438202858	-0.5373923107981682	-0.5668541751801968
645	0.02941214293241501	-0.5374917536973953	-0.5669038966298103
646	0.029361655935645103	-0.5375927276909351	-0.5669543836265802
647	0.02932135760784149	-0.5376733243465424	-0.5669946819543839
648	0.029253818094730377	-0.5378084033727646	-0.567062221467495
649	0.029222987592220306	-0.5378700643777847	-0.567093051970005
650	0.029203997924923897	-0.5379080437123775	-0.5671120416373014
651	0.029184648767113686	-0.537946742027998	-0.5671313907951117
652	0.02916884608566761	-0.5379783473908901	-0.5671471934765577
653	0.029146596789360046	-0.5380228459835052	-0.5671694427728653
654	0.029130352661013603	-0.5380553342401981	-0.5671856869012117
655	0.02911694161593914	-0.5380821563303471	-0.5671990979462862
656	0.02909870818257332	-0.5381186231970787	-0.567217331379652
657	0.02906988188624382	-0.5381762757897377	-0.5672461576759815
658	0.029038220643997192	-0.538239598274231	-0.5672778189182281
659	0.02901652455329895	-0.5382829904556274	-0.5672995150089264
660	0.028985023498535156	-0.538345992565155	-0.5673310160636902
661	0.028946254402399063	-0.5384235307574272	-0.5673697851598263
662	0.02891170233488083	-0.5384926348924637	-0.5674043372273445
663	0.0288983266800642	-0.5385193862020969	-0.5674177128821611
664	0.028878968209028244	-0.5385581031441689	-0.5674370713531971
665	0.028861679136753082	-0.5385926812887192	-0.5674543604254723
666	0.028846917673945427	-0.5386222042143345	-0.5674691218882799
667	0.02880273573100567	-0.538710568100214	-0.5675133038312197
668	0.02878609299659729	-0.5387438535690308	-0.567529946565628
669	0.02877235971391201	-0.5387713201344013	-0.5675436798483133
670	0.028762470930814743	-0.5387910977005959	-0.5675535686314106
671	0.028749343007802963	-0.5388173535466194	-0.5675666965544224
672	0.028737369924783707	-0.5388412997126579	-0.5675786696374416
673	0.028726965188980103	-0.5388621091842651	-0.5675890743732452
674	0.028711143881082535	-0.5388937518000603	-0.5676048956811428
675	0.028661856427788734	-0.5389923267066479	-0.5676541831344366
676	0.02852763421833515	-0.539260771125555	-0.5677884053438902
677	0.02846016362309456	-0.5393957123160362	-0.5678558759391308
678	0.028417211025953293	-0.5394816175103188	-0.567898828536272
679	0.028300125151872635	-0.5397157892584801	-0.5680159144103527
680	0.028279248625040054	-0.5397575423121452	-0.5680367909371853
681	0.028263259679079056	-0.5397895202040672	-0.5680527798831463
682	0.028238365426659584	-0.5398393087089062	-0.5680776741355658
683	0.028226209804415703	-0.5398636199533939	-0.5680898297578096
684	0.028193922713398933	-0.5399281941354275	-0.5681221168488264
685	0.0281731765717268	-0.5399696864187717	-0.5681428629904985
686	0.028150586411356926	-0.5400148667395115	-0.5681654531508684
687	0.02813771367073059	-0.5400406122207642	-0.5681783258914948
688	0.028113866224884987	-0.5400883071124554	-0.5682021733373404
689	0.028098801150918007	-0.5401184372603893	-0.5682172384113073
690	0.028086572885513306	-0.5401428937911987	-0.568229466676712
691	0.028061192482709885	-0.5401936545968056	-0.5682548470795155
692	0.028024842962622643	-0.5402663536369801	-0.5682911965996027
693	0.027982089668512344	-0.5403518602252007	-0.568333949893713
694	0.027836628258228302	-0.5406427830457687	-0.568479411303997
695	0.027814585715532303	-0.5406868681311607	-0.568501453846693
696	0.027776570990681648	-0.540762897580862	-0.5685394685715437
697	0.027650047093629837	-0.5410159453749657	-0.5686659924685955
698	0.027628889307379723	-0.5410582609474659	-0.5686871502548456
699	0.02761554904282093	-0.5410849414765835	-0.5687004905194044
700	0.02760046347975731	-0.5411151126027107	-0.568715576082468
701	0.02755751647055149	-0.5412010066211224	-0.5687585230916739
702	0.027507197111845016	-0.5413016453385353	-0.5688088424503803
703	0.02740791253745556	-0.5415002144873142	-0.5689081270247698
704	0.027397330850362778	-0.5415213778614998	-0.5689187087118626
705	0.0273783840239048	-0.5415592715144157	-0.5689376555383205
706	0.027364537119865417	-0.5415869653224945	-0.5689515024423599
707	0.027354568243026733	-0.5416069030761719	-0.5689614713191986
708	0.027307303622364998	-0.5417014323174953	-0.5690087359398603
709	0.027294492349028587	-0.5417270548641682	-0.5690215472131968
710	0.027283187955617905	-0.5417496636509895	-0.5690328516066074
711	0.027268558740615845	-0.5417789220809937	-0.5690474808216095
712	0.027254607528448105	-0.5418068245053291	-0.5690614320337772
713	0.027238689363002777	-0.5418386608362198	-0.5690773501992226
714	0.027202211320400238	-0.5419116169214249	-0.5691138282418251
715	0.027193160727620125	-0.5419297181069851	-0.5691228788346052
716	0.027178969234228134	-0.5419581010937691	-0.5691370703279972
717	0.027169352397322655	-0.54197733476758	-0.5691466871649027
718	0.027158290147781372	-0.5419994592666626	-0.569157749414444
719	0.027141395956277847	-0.5420332476496696	-0.5691746436059475
720	0.027120662853121758	-0.5420747138559818	-0.5691953767091036
721	0.027107395231723785	-0.5421012490987778	-0.5692086443305016
722	0.02709825523197651	-0.5421195290982723	-0.5692177843302488
723	0.02708420529961586	-0.5421476289629936	-0.5692318342626095
724	0.02707587741315365	-0.542164284735918	-0.5692401621490717
725	0.027064533904194832	-0.5421869717538357	-0.5692515056580305
726	0.027057010680437088	-0.5422020182013512	-0.5692590288817883
727	0.02704835869371891	-0.5422193221747875	-0.5692676808685064
728	0.027042308822274208	-0.5422314219176769	-0.5692737307399511
729	0.027037139981985092	-0.5422417595982552	-0.5692788995802402
730	0.027032913640141487	-0.5422502122819424	-0.5692831259220839
731	0.027020318433642387	-0.5422754026949406	-0.569295721128583
732	0.027007034048438072	-0.5423019714653492	-0.5693090055137873
733	0.02700369618833065	-0.542308647185564	-0.5693123433738947
734	0.02699868008494377	-0.5423186793923378	-0.5693173594772816
735	0.026993965730071068	-0.5423281081020832	-0.5693220738321543
736	0.0269917119294405	-0.5423326157033443	-0.5693243276327848
737	0.026977378875017166	-0.542361281812191	-0.5693386606872082
738	0.02695254236459732	-0.5424109548330307	-0.569363497197628
739	0.02681184746325016	-0.542692344635725	-0.5695041920989752
740	0.026749584823846817	-0.5428168699145317	-0.5695664547383785
741	0.026694796979427338	-0.5429264456033707	-0.569621242582798
742	0.026585198938846588	-0.5431456416845322	-0.5697308406233788
743	0.026570482179522514	-0.5431750752031803	-0.5697455573827028
744	0.026557058095932007	-0.5432019233703613	-0.5697589814662933
745	0.02653910405933857	-0.5432378314435482	-0.5697769355028868
746	0.02653391845524311	-0.5432482026517391	-0.5697821211069822
747	0.02652568928897381	-0.5432646609842777	-0.5697903502732515
748	0.026517072692513466	-0.5432818941771984	-0.5697989668697119
749	0.026506708934903145	-0.543302621692419	-0.5698093306273222
750	0.026494063436985016	-0.5433279126882553	-0.5698219761252403
751	0.02646668069064617	-0.543382678180933	-0.5698493588715792
752	0.026438690721988678	-0.543438658118248	-0.5698773488402367
753	0.02642468735575676	-0.5434666648507118	-0.5698913522064686
754	0.026407765224575996	-0.5435005091130733	-0.5699082743376493
755	0.026389367878437042	-0.5435373038053513	-0.5699266716837883
756	0.0263786893337965	-0.5435586608946323	-0.5699373502284288
757	0.026365771889686584	-0.5435844957828522	-0.5699502676725388
758	0.026358315721154213	-0.5435994081199169	-0.5699577238410711
759	0.026353411376476288	-0.5436092168092728	-0.569962628185749
760	0.026340775191783905	-0.5436344891786575	-0.5699752643704414
761	0.026336755603551865	-0.5436425283551216	-0.5699792839586735
762	0.02631293796002865	-0.543690163642168	-0.5700031016021967
763	0.026297612115740776	-0.5437208153307438	-0.5700184274464846
764	0.026287050917744637	-0.5437419377267361	-0.5700289886444807
765	0.026277901604771614	-0.5437602363526821	-0.5700381379574537
766	0.026272747665643692	-0.543770544230938	-0.5700432918965816
767	0.026267871260643005	-0.5437802970409393	-0.5700481683015823
768	0.02626386098563671	-0.5437883175909519	-0.5700521785765886
769	0.026253193616867065	-0.5438096523284912	-0.5700628459453583
770	0.026247013360261917	-0.5438220128417015	-0.5700690262019634
771	0.02624436467885971	-0.5438273102045059	-0.5700716748833656
772	0.026240747421979904	-0.5438345447182655	-0.5700752921402454
773	0.02623685449361801	-0.5438423305749893	-0.5700791850686073
774	0.026235952973365784	-0.5438441336154938	-0.5700800865888596
775	0.026232769712805748	-0.5438505001366138	-0.5700832698494196
776	0.02623121626675129	-0.5438536070287228	-0.570084823295474
777	0.026229336857795715	-0.5438573658466339	-0.5700867027044296
778	0.02621844969689846	-0.5438791401684284	-0.5700975898653269
779	0.02617936208844185	-0.5439573153853416	-0.5701366774737835
780	0.026173248887062073	-0.5439695417881012	-0.5701427906751633
781	0.026167746633291245	-0.5439805462956429	-0.5701482929289341
782	0.02616090700030327	-0.5439942255616188	-0.5701551325619221
783	0.02614886313676834	-0.5440183132886887	-0.570167176425457
784	0.026127556338906288	-0.5440609268844128	-0.570188483223319
785	0.02611345425248146	-0.5440891310572624	-0.5702025853097439
786	0.02610558085143566	-0.544104877859354	-0.5702104587107897
787	0.026100626215338707	-0.5441147871315479	-0.5702154133468866
788	0.026096243411302567	-0.5441235527396202	-0.5702197961509228
789	0.026092959567904472	-0.5441301204264164	-0.5702230799943209
790	0.02608714997768402	-0.5441417396068573	-0.5702288895845413
791	0.026079079136252403	-0.5441578812897205	-0.5702369604259729
792	0.02607083134353161	-0.5441743768751621	-0.5702452082186937
793	0.026059629395604134	-0.5441967807710171	-0.5702564101666212
794	0.0260329432785511	-0.5442501530051231	-0.5702830962836742
795	0.02601686120033264	-0.5442823171615601	-0.5702991783618927
796	0.026010744273662567	-0.5442945510149002	-0.5703052952885628
797	0.02600715495646	-0.5443017296493053	-0.5703088846057653
798	0.02600253000855446	-0.5443109795451164	-0.5703135095536709
799	0.025998126715421677	-0.544319786131382	-0.5703179128468037
800	0.025994593277573586	-0.5443268530070782	-0.5703214462846518
801	0.02598506398499012	-0.5443459115922451	-0.5703309755772352
802	0.02598077803850174	-0.5443544834852219	-0.5703352615237236
803	0.025974616408348083	-0.5443668067455292	-0.5703414231538773
804	0.025951236486434937	-0.5444135665893555	-0.5703648030757904
805	0.025939997285604477	-0.5444360449910164	-0.5703760422766209
806	0.02593136578798294	-0.5444533079862595	-0.5703846737742424
807	0.025926459580659866	-0.5444631204009056	-0.5703895799815655
808	0.025922128930687904	-0.5444717817008495	-0.5703939106315374
809	0.025920458137989044	-0.5444751232862473	-0.5703955814242363
810	0.02591792307794094	-0.5444801934063435	-0.5703981164842844
811	0.025890829041600227	-0.5445343814790249	-0.5704252105206251
812	0.025872794911265373	-0.5445704497396946	-0.57044324465096
813	0.02586546540260315	-0.544585108757019	-0.5704505741596222
814	0.025860846042633057	-0.5445943474769592	-0.5704551935195923
815	0.02585522085428238	-0.5446055978536606	-0.570460818707943
816	0.025852248072624207	-0.5446115434169769	-0.5704637914896011
817	0.025848722085356712	-0.5446185953915119	-0.5704673174768686
818	0.025837287306785583	-0.5446414649486542	-0.5704787522554398
819	0.025833217427134514	-0.5446496047079563	-0.5704828221350908
820	0.025829926133155823	-0.5446561872959137	-0.5704861134290695
821	0.025826632976531982	-0.5446627736091614	-0.5704894065856934
822	0.025823447853326797	-0.5446691438555717	-0.5704925917088985
823	0.025799548253417015	-0.5447169430553913	-0.5705164913088083
824	0.025786178186535835	-0.5447436831891537	-0.5705298613756895
825	0.025778427720069885	-0.5447591841220856	-0.5705376118421555
826	0.025773189961910248	-0.5447696596384048	-0.5705428496003151
827	0.025770019739866257	-0.5447760000824928	-0.5705460198223591
828	0.025768553838133812	-0.5447789318859577	-0.5705474857240915
829	0.025766437873244286	-0.5447831638157368	-0.5705496016889811
830	0.02576606720685959	-0.5447839051485062	-0.5705499723553658
831	0.02576533518731594	-0.5447853691875935	-0.5705507043749094
832	0.025765275582671165	-0.544785488396883	-0.5705507639795542
833	0.025756841525435448	-0.5448023565113544	-0.5705591980367899
834	0.02575228177011013	-0.5448114760220051	-0.5705637577921152
835	0.025750992819666862	-0.5448140539228916	-0.5705650467425585
836	0.025751031935214996	-0.5448139756917953	-0.5705650076270103
837	0.025740444660186768	-0.5448351502418518	-0.5705755949020386
838	0.0257208663970232	-0.5448743067681789	-0.5705951731652021
839	0.02570820227265358	-0.5448996350169182	-0.5706078372895718
840	0.025703417137265205	-0.5449092052876949	-0.5706126224249601
841	0.02570127137005329	-0.5449134968221188	-0.570614768192172
842	0.025701159611344337	-0.5449137203395367	-0.570614879950881
843	0.025700489059090614	-0.5449150614440441	-0.5706155505031347
844	0.025698954239487648	-0.54491813108325	-0.5706170853227377
845	0.02569485828280449	-0.5449263229966164	-0.5706211812794209
846	0.025684675201773643	-0.544946689158678	-0.5706313643604517
847	0.025653133168816566	-0.5450097732245922	-0.5706629063934088
848	0.025644632056355476	-0.5450267754495144	-0.5706714075058699
849	0.025642044842243195	-0.545031949877739	-0.5706739947199821
850	0.025626977905631065	-0.5450620837509632	-0.5706890616565943
851	0.02560989186167717	-0.545096255838871	-0.5707061477005482
852	0.025600016117095947	-0.5451160073280334	-0.5707160234451294
853	0.025594772771000862	-0.5451264940202236	-0.5707212667912245
854	0.02559107355773449	-0.5451338924467564	-0.5707249660044909
855	0.02558785304427147	-0.5451403334736824	-0.5707281865179539
856	0.025586523115634918	-0.5451429933309555	-0.5707295164465904
857	0.02558230422437191	-0.5451514311134815	-0.5707337353378534
858	0.025568487122654915	-0.5451790653169155	-0.5707475524395704
859	0.02555975690484047	-0.5451965257525444	-0.5707562826573849
860	0.025544073432683945	-0.5452278926968575	-0.5707719661295414
861	0.025485210120677948	-0.5453456193208694	-0.5708308294415474
862	0.025462141260504723	-0.5453917570412159	-0.5708538983017206
863	0.02542530559003353	-0.5454654283821583	-0.5708907339721918
864	0.025339091196656227	-0.5456378571689129	-0.5709769483655691
865	0.02524634636938572	-0.5458233468234539	-0.5710696931928396
866	0.025225700810551643	-0.545864637941122	-0.5710903387516737
867	0.025185594335198402	-0.5459448508918285	-0.5711304452270269
868	0.025083603337407112	-0.5461488328874111	-0.5712324362248182
869	0.02506871707737446	-0.5461786054074764	-0.5712473224848509
870	0.025051159784197807	-0.5462137199938297	-0.5712648797780275
871	0.025026965886354446	-0.5462621077895164	-0.5712890736758709
872	0.02501303143799305	-0.5462899766862392	-0.5713030081242323
873	0.02499845065176487	-0.5463191382586956	-0.5713175889104605
874	0.02499181218445301	-0.5463324151933193	-0.5713242273777723
875	0.02496880106627941	-0.5463784374296665	-0.5713472384959459
876	0.024963175877928734	-0.5463896878063679	-0.5713528636842966
877	0.024952104315161705	-0.5464118309319019	-0.5713639352470636
878	0.024942144751548767	-0.5464317500591278	-0.5713738948106766
879	0.024938741698861122	-0.5464385561645031	-0.5713772978633642
880	0.024927504360675812	-0.5464610308408737	-0.5713885352015495
881	0.024922695010900497	-0.5464706495404243	-0.5713933445513248
882	0.024913445115089417	-0.5464891493320465	-0.5714025944471359
883	0.024895761162042618	-0.5465245172381401	-0.5714202784001827
884	0.024883240461349487	-0.5465495586395264	-0.5714327991008759
885	0.024879543110728264	-0.5465569533407688	-0.5714364964514971
886	0.02487105503678322	-0.5465739294886589	-0.5714449845254421
887	0.024866066873073578	-0.5465839058160782	-0.5714499726891518
888	0.02485705353319645	-0.5466019324958324	-0.5714589860290289
889	0.024850191548466682	-0.546615656465292	-0.5714658480137587
890	0.024835936725139618	-0.5466441661119461	-0.5714801028370857
891	0.02482617273926735	-0.5466636940836906	-0.571489866822958
892	0.02481953427195549	-0.5466769710183144	-0.5714965052902699
893	0.024814777076244354	-0.5466864854097366	-0.571501262485981
894	0.024801386520266533	-0.5467132665216923	-0.5715146530419588
895	0.02476813644170761	-0.5467797666788101	-0.5715479031205177
896	0.024721885100007057	-0.5468722693622112	-0.5715941544622183
897	0.024589236825704575	-0.5471375659108162	-0.5717268027365208
898	0.02457319013774395	-0.5471696592867374	-0.5717428494244814
899	0.024554623290896416	-0.5472067929804325	-0.5717614162713289
900	0.02454214356839657	-0.5472317524254322	-0.5717738959938288
901	0.024533702060580254	-0.5472486354410648	-0.5717823375016451
902	0.024524400010704994	-0.5472672395408154	-0.5717916395515203
903	0.024521689862012863	-0.5472726598381996	-0.5717943497002125
904	0.02451028674840927	-0.5472954660654068	-0.5718057528138161
905	0.024495648220181465	-0.5473247431218624	-0.5718203913420439
906	0.024486849084496498	-0.5473423413932323	-0.5718291904777288
907	0.024440372362732887	-0.5474352948367596	-0.5718756671994925
908	0.024405889213085175	-0.547504261136055	-0.5719101503491402
909	0.02432570420205593	-0.5476646311581135	-0.5719903353601694
910	0.024302160367369652	-0.547711718827486	-0.5720138791948557
911	0.02427852712571621	-0.5477589853107929	-0.5720375124365091
912	0.024261660873889923	-0.5477927178144455	-0.5720543786883354
913	0.024245016276836395	-0.5478260070085526	-0.572071023285389
914	0.024231547489762306	-0.5478529445827007	-0.572084492072463
915	0.02422504872083664	-0.5478659421205521	-0.5720909908413887
916	0.024215832352638245	-0.5478843748569489	-0.5721002072095871
917	0.024207541719079018	-0.5479009561240673	-0.5721084978431463
918	0.024195369333028793	-0.5479253008961678	-0.5721206702291965
919	0.02418634481728077	-0.5479433499276638	-0.5721296947449446
920	0.024184374138712883	-0.5479472912847996	-0.5721316654235125
921	0.024175938218832016	-0.5479641631245613	-0.5721401013433933
922	0.02416360192000866	-0.547988835722208	-0.5721524376422167
923	0.024154070764780045	-0.5480078980326653	-0.5721619687974453
924	0.024113675579428673	-0.548088688403368	-0.5722023639827967
925	0.02408227138221264	-0.5481514967978001	-0.5722337681800127
926	0.023988982662558556	-0.5483380742371082	-0.5723270568996668
927	0.023969804868102074	-0.5483764298260212	-0.5723462346941233
928	0.02394997701048851	-0.5484160855412483	-0.5723660625517368
929	0.023935409262776375	-0.5484452210366726	-0.572380630299449
930	0.023922190070152283	-0.5484716594219208	-0.5723938494920731
931	0.023910824209451675	-0.548494391143322	-0.5724052153527737
932	0.023906223475933075	-0.5485035926103592	-0.5724098160862923
933	0.0238998681306839	-0.5485163033008575	-0.5724161714315414
934	0.02389131486415863	-0.5485334098339081	-0.5724247246980667
935	0.02388424053788185	-0.5485475584864616	-0.5724317990243435
936	0.02387189120054245	-0.5485722571611404	-0.5724441483616829
937	0.023870324715971947	-0.5485753901302814	-0.5724457148462534
938	0.02387077733874321	-0.5485744848847389	-0.5724452622234821
939	0.023867394775152206	-0.5485812500119209	-0.5724486447870731
940	0.023861419409513474	-0.5485932007431984	-0.5724546201527119
941	0.02385570853948593	-0.5486046224832535	-0.5724603310227394
942	0.02385100908577442	-0.5486140213906765	-0.5724650304764509
943	0.0238404031842947	-0.5486352331936359	-0.5724756363779306
944	0.023836666718125343	-0.5486427061259747	-0.5724793728441
945	0.02383478544652462	-0.5486464686691761	-0.5724812541157007
946	0.023833656683564186	-0.548648726195097	-0.5724823828786612
947	0.023833036422729492	-0.5486499667167664	-0.5724830031394958
948	0.023832451552152634	-0.5486511364579201	-0.5724835880100727
949	0.02383154258131981	-0.5486529543995857	-0.5724844969809055
950	0.023832034319639206	-0.5486519709229469	-0.5724840052425861
951	0.023831913247704506	-0.5486522130668163	-0.5724841263145208
952	0.02383234351873398	-0.5486513525247574	-0.5724836960434914
953	0.02383262664079666	-0.548650786280632	-0.5724834129214287
954	0.023822827264666557	-0.5486703850328922	-0.5724932122975588
955	0.02382226474583149	-0.5486715100705624	-0.5724937748163939
956	0.023823074996471405	-0.5486698895692825	-0.5724929645657539
957	0.023823291063308716	-0.5486694574356079	-0.5724927484989166
958	0.023822173476219177	-0.548671692609787	-0.5724938660860062
959	0.023822002112865448	-0.5486720353364944	-0.5724940374493599
960	0.02382219396531582	-0.5486716516315937	-0.5724938455969095
961	0.023822441697120667	-0.548671156167984	-0.5724935978651047
962	0.023822447285056114	-0.5486711449921131	-0.5724935922771692
963	0.023822546005249023	-0.5486709475517273	-0.5724934935569763
964	0.023818371817469597	-0.5486792959272861	-0.5724976677447557
965	0.023797420784831047	-0.5487211979925632	-0.5725186187773943
966	0.023794401437044144	-0.548727236688137	-0.5725216381251812
967	0.02379341423511505	-0.5487292110919952	-0.5725226253271103
968	0.023793725296854973	-0.5487285889685154	-0.5725223142653704
969	0.023794453591108322	-0.5487271323800087	-0.572521585971117
970	0.02379303053021431	-0.5487299785017967	-0.572523009032011
971	0.023793993517756462	-0.5487280525267124	-0.5725220460444689
972	0.023790476843714714	-0.5487350858747959	-0.5725255627185106
973	0.02378585934638977	-0.5487443208694458	-0.5725301802158356
974	0.023778660222887993	-0.5487587191164494	-0.5725373793393373
975	0.02377781644463539	-0.5487604066729546	-0.57253822311759
976	0.023775212466716766	-0.5487656146287918	-0.5725408270955086
977	0.023767808452248573	-0.5487804226577282	-0.5725482311099768
978	0.02376578003168106	-0.5487844794988632	-0.5725502595305443
979	0.02376500703394413	-0.5487860254943371	-0.5725510325282812
980	0.023765623569488525	-0.5487847924232483	-0.5725504159927368
981	0.023763783276081085	-0.5487884730100632	-0.5725522562861443
982	0.023763369768857956	-0.5487893000245094	-0.5725526697933674
983	0.023763511329889297	-0.5487890169024467	-0.572552528232336
984	0.023762036114931107	-0.5487919673323631	-0.5725540034472942
985	0.02376214787364006	-0.5487917438149452	-0.5725538916885853
986	0.023762572556734085	-0.5487908944487572	-0.5725534670054913
987	0.02376280352473259	-0.5487904325127602	-0.5725532360374928
988	0.02376313880085945	-0.5487897619605064	-0.5725529007613659
989	0.02376054972410202	-0.5487949401140213	-0.5725554898381233
990	0.02376043237745762	-0.5487951748073101	-0.5725556071847677
991	0.023759815841913223	-0.5487964078783989	-0.5725562237203121
992	0.023758618161082268	-0.5487988032400608	-0.5725574214011431
993	0.023759182542562485	-0.5487976744771004	-0.5725568570196629
994	0.023759426549077034	-0.5487971864640713	-0.5725566130131483
995	0.023759590461850166	-0.548796858638525	-0.5725564491003752
996	0.023760152980685234	-0.5487957336008549	-0.5725558865815401
997	0.023760173469781876	-0.5487956926226616	-0.5725558660924435
998	0.02375802956521511	-0.5487999804317951	-0.5725580099970102
999	0.023758504539728165	-0.548799030482769	-0.5725575350224972
1000	0.02375866286456585	-0.5487987138330936	-0.5725573766976595
1001	0.023758772760629654	-0.548798494040966	-0.5725572668015957
1002	0.023759080097079277	-0.5487978793680668	-0.5725569594651461
1003	0.02375909313559532	-0.5487978532910347	-0.57255694642663
1004	0.02375914342701435	-0.5487977527081966	-0.572556896135211
1005	0.023759379982948303	-0.5487972795963287	-0.572556659579277
1006	0.023759301751852036	-0.5487974360585213	-0.5725567378103733
1007	0.02375951036810875	-0.5487970188260078	-0.5725565291941166
1008	0.023759569972753525	-0.5487968996167183	-0.5725564695894718
1009	0.023759640753269196	-0.548796758055687	-0.5725563988089561
1010	0.02375970408320427	-0.5487966313958168	-0.5725563354790211
1011	0.023750275373458862	-0.5488154888153076	-0.5725657641887665
1012	0.02374822087585926	-0.5488195978105068	-0.5725678186863661
1013	0.023748459294438362	-0.5488191209733486	-0.572567580267787
1014	0.02374800480902195	-0.5488200299441814	-0.5725680347532034
1015	0.02374846488237381	-0.5488191097974777	-0.5725675746798515
1016	0.02374871075153351	-0.5488186180591583	-0.5725673288106918
1017	0.023748764768242836	-0.5488185100257397	-0.5725672747939825
1018	0.023748019710183144	-0.548820000141859	-0.5725680198520422
1019	0.02374892495572567	-0.548818189650774	-0.5725671146064997
1020	0.023748934268951416	-0.5488181710243225	-0.5725671052932739
1021	0.023748844861984253	-0.5488183498382568	-0.5725671947002411
1022	0.023749077692627907	-0.5488178841769695	-0.5725669618695974
1023	0.023734118789434433	-0.5488478019833565	-0.5725819207727909
1024	0.023719945922493935	-0.5488761477172375	-0.5725960936397314
1025	0.023718008771538734	-0.5488800220191479	-0.5725980307906866
1026	0.023718738928437233	-0.5488785617053509	-0.5725973006337881
1027	0.02371888980269432	-0.5488782599568367	-0.572597149759531
1028	0.023716071620583534	-0.5488838963210583	-0.5725999679416418
1029	0.0237157940864563	-0.5488844513893127	-0.572600245475769
1030	0.023709557950496674	-0.548896923661232	-0.5726064816117287
1031	0.02370794303715229	-0.5489001534879208	-0.572608096525073
1032	0.023706695064902306	-0.5489026494324207	-0.572609344497323
1033	0.02370634488761425	-0.5489033497869968	-0.5726096946746111
1034	0.02370603382587433	-0.5489039719104767	-0.572610005736351
1035	0.02370619587600231	-0.5489036478102207	-0.572609843686223
1036	0.023706501349806786	-0.5489030368626118	-0.5726095382124186
1037	0.02370631881058216	-0.548903401941061	-0.5726097207516432
1038	0.023694785311818123	-0.5489264689385891	-0.5726212542504072
1039	0.023694369941949844	-0.5489272996783257	-0.5726216696202755
1040	0.023694375529885292	-0.5489272885024548	-0.57262166403234
1041	0.02369498647749424	-0.5489260666072369	-0.5726210530847311
1042	0.023695075884461403	-0.5489258877933025	-0.5726209636777639
1043	0.023695241659879684	-0.548925556242466	-0.5726207979023457
1044	0.02367617003619671	-0.5489636994898319	-0.5726398695260286
1045	0.023673567920923233	-0.5489689037203789	-0.5726424716413021
1046	0.02367326058447361	-0.5489695183932781	-0.5726427789777517
1047	0.023673204705119133	-0.5489696301519871	-0.5726428348571062
1048	0.02367224730551243	-0.5489715449512005	-0.5726437922567129
1049	0.02367282658815384	-0.5489703863859177	-0.5726432129740715
1050	0.02366979420185089	-0.5489764511585236	-0.5726462453603745
1051	0.023668551817536354	-0.5489789359271526	-0.572647487744689
1052	0.023669026792049408	-0.5489779859781265	-0.5726470127701759
1053	0.023669062182307243	-0.5489779151976109	-0.5726469773799181
1054	0.02366931363940239	-0.5489774122834206	-0.572646725922823
1055	0.023669201880693436	-0.5489776358008385	-0.5726468376815319
1056	0.02366950921714306	-0.5489770211279392	-0.5726465303450823
1057	0.023669620975852013	-0.5489767976105213	-0.5726464185863733
1058	0.023669641464948654	-0.548976756632328	-0.5726463980972767
1059	0.023669790476560593	-0.5489764586091042	-0.5726462490856647
1060	0.023668522015213966	-0.5489789955317974	-0.5726475175470114
1061	0.023656154051423073	-0.5490037314593792	-0.5726598855108023
1062	0.023655811324715614	-0.5490044169127941	-0.5726602282375097
1063	0.023654159158468246	-0.5490077212452888	-0.5726618804037571
1064	0.023653479292988777	-0.5490090809762478	-0.5726625602692366
1065	0.023648472502827644	-0.54901909455657	-0.5726675670593977
1066	0.023646298795938492	-0.5490234419703484	-0.5726697407662868
1067	0.02364293858408928	-0.5490301623940468	-0.5726731009781361
1068	0.023625100031495094	-0.5490658394992352	-0.5726909395307302
1069	0.023623386397957802	-0.5490692667663097	-0.5726926531642675
1070	0.023623796179890633	-0.5490684472024441	-0.5726922433823347
1071	0.023623241111636162	-0.549069557338953	-0.5726927984505892
1072	0.023623701184988022	-0.5490686371922493	-0.5726923383772373
1073	0.02361620031297207	-0.5490836389362812	-0.5726998392492533
1074	0.02361231856048107	-0.5490914024412632	-0.5727037210017443
1075	0.023609584197402	-0.5490968711674213	-0.5727064553648233
1076	0.02360711246728897	-0.5491018146276474	-0.5727089270949364
1077	0.023602468892931938	-0.5491111017763615	-0.5727135706692934
1078	0.02359852008521557	-0.5491189993917942	-0.5727175194770098
1079	0.02359735406935215	-0.549121331423521	-0.5727186854928732
1080	0.023597171530127525	-0.5491216965019703	-0.5727188680320978
1081	0.023597436025738716	-0.5491211675107479	-0.5727186035364866
1082	0.02359781414270401	-0.5491204112768173	-0.5727182254195213
1083	0.023597847670316696	-0.549120344221592	-0.5727181918919086
1084	0.023595517501235008	-0.5491250045597553	-0.5727205220609903
1085	0.023595577105879784	-0.5491248853504658	-0.5727204624563456
1086	0.02359476499259472	-0.5491265095770359	-0.5727212745696306
1087	0.023595253005623817	-0.5491255335509777	-0.5727207865566015
1088	0.023595351725816727	-0.5491253361105919	-0.5727206878364086
1089	0.023594720289111137	-0.5491265989840031	-0.5727213192731142
1090	0.023595541715621948	-0.5491249561309814	-0.5727204978466034
1091	0.023595202714204788	-0.5491256341338158	-0.5727208368480206
1092	0.023595601320266724	-0.5491248369216919	-0.5727204382419586
1093	0.023595666512846947	-0.5491247065365314	-0.5727203730493784
1094	0.023595891892910004	-0.5491242557764053	-0.5727201476693153
1095	0.02359592542052269	-0.54912418872118	-0.5727201141417027
1096	0.02359594590961933	-0.5491241477429867	-0.572720093652606
1097	0.02359597198665142	-0.5491240955889225	-0.5727200675755739
1098	0.023596057668328285	-0.5491239242255688	-0.5727199818938971
1099	0.02359606698155403	-0.5491239055991173	-0.5727199725806713
1100	0.02359617128968239	-0.5491236969828606	-0.572719868272543
1101	0.02359619550406933	-0.5491236485540867	-0.572719844058156
1102	0.02359478548169136	-0.5491264685988426	-0.572721254080534
1103	0.02359522506594658	-0.5491255894303322	-0.5727208144962788
1104	0.023594990372657776	-0.5491260588169098	-0.5727210491895676
1105	0.023594330996274948	-0.5491273775696754	-0.5727217085659504
1106	0.023594902828335762	-0.5491262339055538	-0.5727211367338896
1107	0.023594724014401436	-0.5491265915334225	-0.5727213155478239
1108	0.023544808849692345	-0.5492264218628407	-0.572771230712533
1109	0.023519981652498245	-0.5492760762572289	-0.5727960579097271
1110	0.023436199873685837	-0.5494436398148537	-0.5728798396885395
1111	0.023413149639964104	-0.5494897402822971	-0.5729028899222612
1112	0.023393016308546066	-0.5495300069451332	-0.5729230232536793
1113	0.023379791527986526	-0.5495564565062523	-0.5729362480342388
1114	0.023363757878541946	-0.5495885238051414	-0.5729522816836834
1115	0.02335357666015625	-0.5496088862419128	-0.5729624629020691
1116	0.023347869515419006	-0.5496203005313873	-0.5729681700468063
1117	0.023340970277786255	-0.5496340990066528	-0.5729750692844391
1118	0.023335184901952744	-0.5496456697583199	-0.5729808546602726
1119	0.02332950569689274	-0.5496570281684399	-0.5729865338653326
1120	0.023320753127336502	-0.5496745333075523	-0.5729952864348888
1121	0.023319300264120102	-0.5496774390339851	-0.5729967392981052
1122	0.023318449035286903	-0.5496791414916515	-0.5729975905269384
1123	0.02331855520606041	-0.5496789291501045	-0.5729974843561649
1124	0.023318465799093246	-0.5496791079640388	-0.5729975737631321
1125	0.023319019004702568	-0.5496780015528202	-0.5729970205575228
1126	0.023318691179156303	-0.5496786572039127	-0.572997348383069
1127	0.02331879362463951	-0.5496784523129463	-0.5729972459375858
1128	0.02331819199025631	-0.5496796555817127	-0.572997847571969
1129	0.0233187023550272	-0.5496786348521709	-0.5729973372071981
1130	0.023319119587540627	-0.5496778003871441	-0.5729969199746847
1131	0.02331913821399212	-0.5496777631342411	-0.5729969013482332
1132	0.02331915684044361	-0.5496777258813381	-0.5729968827217817
1133	0.023319261148571968	-0.5496775172650814	-0.5729967784136534
1134	0.023319359868764877	-0.5496773198246956	-0.5729966796934605
1135	0.023319369181990623	-0.5496773011982441	-0.5729966703802347
1136	0.023318640887737274	-0.5496787577867508	-0.5729973986744881
1137	0.023317307233810425	-0.5496814250946045	-0.5729987323284149
1138	0.02331647090613842	-0.5496830977499485	-0.5729995686560869
1139	0.02331003174185753	-0.5496959760785103	-0.5730060078203678
1140	0.023307424038648605	-0.5497011914849281	-0.5730086155235767
1141	0.023297524079680443	-0.5497209914028645	-0.5730185154825449
1142	0.02328263781964779	-0.5497507639229298	-0.5730334017425776
1143	0.023280039429664612	-0.5497559607028961	-0.5730360001325607
1144	0.023277336731553078	-0.5497613660991192	-0.5730387028306723
1145	0.023276573047041893	-0.5497628934681416	-0.5730394665151834
1146	0.023277755826711655	-0.549760527908802	-0.5730382837355137
1147	0.02327778749167919	-0.549760464578867	-0.5730382520705462
1148	0.023277657106518745	-0.5497607253491879	-0.5730383824557066
1149	0.023277780041098595	-0.5497604794800282	-0.5730382595211267
1150	0.02327701263129711	-0.5497620142996311	-0.5730390269309282
1151	0.023277197033166885	-0.5497616454958916	-0.5730388425290585
1152	0.023275259882211685	-0.549765519797802	-0.5730407796800137
1153	0.0232516061514616	-0.5498128272593021	-0.5730644334107637
1154	0.023014085367321968	-0.5502878688275814	-0.5733019541949034
1155	0.022913318127393723	-0.5504894033074379	-0.5734027214348316
1156	0.0228659026324749	-0.5505842342972755	-0.5734501369297504
1157	0.022802723571658134	-0.5507105924189091	-0.5735133159905672
1158	0.022756243124604225	-0.5508035533130169	-0.5735597964376211
1159	0.022724993526935577	-0.5508660525083542	-0.5735910460352898
1160	0.022627174854278564	-0.5510616898536682	-0.5736888647079468
1161	0.022544631734490395	-0.5512267760932446	-0.573771407827735
1162	0.0224778950214386	-0.5513602495193481	-0.5738381445407867
1163	0.02242717333137989	-0.5514616928994656	-0.5738888662308455
1164	0.022392846643924713	-0.5515303462743759	-0.5739231929183006
1165	0.022340329363942146	-0.551635380834341	-0.5739757101982832
1166	0.022279251366853714	-0.5517575368285179	-0.5740367881953716
1167	0.022239914163947105	-0.5518362112343311	-0.5740761253982782
1168	0.022217199206352234	-0.5518816411495209	-0.5740988403558731
1169	0.022138582542538643	-0.5520388744771481	-0.5741774570196867
1170	0.022064782679080963	-0.5521864742040634	-0.5742512568831444
1171	0.022004693746566772	-0.5523066520690918	-0.5743113458156586
1172	0.021960321813821793	-0.5523953959345818	-0.5743557177484035
1173	0.02189895138144493	-0.5525181367993355	-0.5744170881807804
1174	0.021843262016773224	-0.5526295155286789	-0.5744727775454521
1175	0.02180376462638378	-0.5527085103094578	-0.5745122749358416
1176	0.021780643612146378	-0.5527547523379326	-0.574535395950079
1177	0.021698569878935814	-0.5529188998043537	-0.5746174696832895
1178	0.021627215668559074	-0.5530616082251072	-0.5746888238936663
1179	0.021569380536675453	-0.5531772784888744	-0.5747466590255499
1180	0.02152692712843418	-0.553262185305357	-0.5747891124337912
1181	0.02149961143732071	-0.5533168166875839	-0.5748164281249046
1182	0.02145855315029621	-0.5533989332616329	-0.5748574864119291
1183	0.021414930000901222	-0.5534861795604229	-0.5749011095613241
1184	0.021386923268437386	-0.5535421930253506	-0.574929116293788
1185	0.02135852538049221	-0.5535989888012409	-0.5749575141817331
1186	0.02128349244594574	-0.5537490546703339	-0.5750325471162796
1187	0.021223118528723717	-0.5538698025047779	-0.5750929210335016
1188	0.02117815427482128	-0.5539597310125828	-0.5751378852874041
1189	0.021146440878510475	-0.5540231578052044	-0.5751695986837149
1190	0.021108603104948997	-0.5540988333523273	-0.5752074364572763
1191	0.0210830420255661	-0.5541499555110931	-0.5752329975366592
1192	0.02105218544602394	-0.5542116686701775	-0.5752638541162014
1193	0.02103305049240589	-0.5542499385774136	-0.5752829890698195
1194	0.021007616072893143	-0.5543008074164391	-0.5753084234893322
1195	0.02098473720252514	-0.5543465651571751	-0.5753313023597002
1196	0.020913315936923027	-0.5544894076883793	-0.5754027236253023
1197	0.02085573785007	-0.5546045638620853	-0.5754603017121553
1198	0.02081199735403061	-0.5546920448541641	-0.5755040422081947
1199	0.020778240635991096	-0.5547595582902431	-0.5755377989262342
1200	0.020732413977384567	-0.5548512116074562	-0.5755836255848408
1201	0.020700275897979736	-0.5549154877662659	-0.5756157636642456
1202	0.0206716600805521	-0.5549727194011211	-0.5756443794816732
1203	0.02064613066613674	-0.5550237782299519	-0.5756699088960886
1204	0.020624177530407906	-0.5550676845014095	-0.5756918620318174
1205	0.02060515619814396	-0.5551057271659374	-0.5757108833640814
1206	0.02054654061794281	-0.5552229583263397	-0.5757694989442825
1207	0.020484788343310356	-0.5553464628756046	-0.575831251218915
1208	0.02043658122420311	-0.5554428771138191	-0.5758794583380222
1209	0.020402802154421806	-0.5555104352533817	-0.5759132374078035
1210	0.02037733793258667	-0.555561363697052	-0.5759387016296387
1211	0.020348863676190376	-0.5556183122098446	-0.575967175886035
1212	0.020329130813479424	-0.5556577779352665	-0.5759869087487459
1213	0.020305875688791275	-0.5557042881846428	-0.5760101638734341
1214	0.020281821489334106	-0.5557523965835571	-0.5760342180728912
1215	0.02021622844040394	-0.5558835826814175	-0.5760998111218214
1216	0.0201646126806736	-0.5559868142008781	-0.5761514268815517
1217	0.020127156749367714	-0.5560617260634899	-0.5761888828128576
1218	0.02010367251932621	-0.5561086945235729	-0.5762123670428991
1219	0.02007361128926277	-0.5561688169836998	-0.5762424282729626
1220	0.020056216046214104	-0.5562036074697971	-0.5762598235160112
1221	0.020032541826367378	-0.5562509559094906	-0.576283497735858
1222	0.020020583644509315	-0.5562748722732067	-0.576295455917716
1223	0.019972871989011765	-0.5563702955842018	-0.5763431675732136
1224	0.01992039941251278	-0.5564752407371998	-0.5763956401497126
1225	0.01988048106431961	-0.5565550774335861	-0.5764355584979057
1226	0.01985442265868187	-0.5566071942448616	-0.5764616169035435
1227	0.019821837544441223	-0.5566723644733429	-0.5764942020177841
1228	0.019792018458247185	-0.556732002645731	-0.5765240211039782
1229	0.019763022661209106	-0.5567899942398071	-0.5765530169010162
1230	0.019740339368581772	-0.5568353608250618	-0.5765757001936436
1231	0.01972578465938568	-0.556864470243454	-0.5765902549028397
1232	0.019706973806023598	-0.5569020919501781	-0.5766090657562017
1233	0.019667567685246468	-0.5569809041917324	-0.5766484718769789
1234	0.019609449431300163	-0.557097140699625	-0.5767065901309252
1235	0.019564956426620483	-0.5571861267089844	-0.5767510831356049
1236	0.019534047693014145	-0.557247944176197	-0.5767819918692112
1237	0.019516240805387497	-0.5572835579514503	-0.5767997987568378
1238	0.01949072629213333	-0.5573345869779587	-0.576825313270092
1239	0.019478317350149155	-0.557359404861927	-0.5768377222120762
1240	0.019459193572402	-0.5573976524174213	-0.5768568459898233
1241	0.019450301304459572	-0.5574154369533062	-0.5768657382577658
1242	0.019431976601481438	-0.5574520863592625	-0.5768840629607439
1243	0.019419603049755096	-0.5574768334627151	-0.5768964365124702
1244	0.019380493089556694	-0.557555053383112	-0.5769355464726686
1245	0.01932721957564354	-0.5576616004109383	-0.5769888199865818
1246	0.01928657293319702	-0.5577428936958313	-0.5770294666290283
1247	0.019259290769696236	-0.5577974580228329	-0.5770567487925291
1248	0.01924162171781063	-0.5578327961266041	-0.5770744178444147
1249	0.019219709560275078	-0.5578766204416752	-0.5770963300019503
1250	0.019207406789064407	-0.5579012259840965	-0.5771086327731609
1251	0.019191211089491844	-0.5579336173832417	-0.5771248284727335
1252	0.019177429378032684	-0.55796118080616	-0.5771386101841927
1253	0.01916307955980301	-0.5579898804426193	-0.5771529600024223
1254	0.019154706969857216	-0.5580066256225109	-0.5771613325923681
1255	0.019117923453450203	-0.5580801926553249	-0.5771981161087751
1256	0.019068388268351555	-0.5581792630255222	-0.5772476512938738
1257	0.01903204433619976	-0.5582519508898258	-0.5772839952260256
1258	0.019009625539183617	-0.5582967884838581	-0.5773064140230417
1259	0.018992871046066284	-0.5583302974700928	-0.5773231685161591
1260	0.018975744023919106	-0.5583645515143871	-0.5773402955383062
1261	0.01895868591964245	-0.5583986677229404	-0.5773573536425829
1262	0.01894855499267578	-0.5584189295768738	-0.5773674845695496
1263	0.018938539549708366	-0.5584389604628086	-0.577377500012517
1264	0.01892402395606041	-0.5584679916501045	-0.5773920156061649
1265	0.01891406811773777	-0.5584879033267498	-0.5774019714444876
1266	0.018903560936450958	-0.5585089176893234	-0.5774124786257744
1267	0.01887574791908264	-0.5585645437240601	-0.5774402916431427
1268	0.01882670819759369	-0.558662623167038	-0.5774893313646317
1269	0.01879045180976391	-0.5587351359426975	-0.5775255877524614
1270	0.018766967579722404	-0.5587821044027805	-0.5775490719825029
1271	0.018754923716187477	-0.5588061921298504	-0.5775611158460379
1272	0.018735356628894806	-0.5588453263044357	-0.5775806829333305
1273	0.018729042261838913	-0.5588579550385475	-0.5775869973003864
1274	0.018713172525167465	-0.5588896945118904	-0.5776028670370579
1275	0.018671363592147827	-0.5589733123779297	-0.5776446759700775
1276	0.01864144764840603	-0.5590331442654133	-0.5776745919138193
1277	0.018623962998390198	-0.559068113565445	-0.5776920765638351
1278	0.018603751435875893	-0.5591085366904736	-0.5777122881263494
1279	0.018590934574604034	-0.5591341704130173	-0.5777251049876213
1280	0.01857692003250122	-0.5591621994972229	-0.5777391195297241
1281	0.018567007035017014	-0.5591820254921913	-0.5777490325272083
1282	0.018550077453255653	-0.559215884655714	-0.5777659621089697
1283	0.01853484846651554	-0.5592463426291943	-0.5777811910957098
1284	0.018522273749113083	-0.5592714920639992	-0.5777937658131123
1285	0.018517199903726578	-0.5592816397547722	-0.5777988396584988
1286	0.01851317286491394	-0.5592896938323975	-0.5778028666973114
1287	0.018464121967554092	-0.5593877956271172	-0.5778519175946712
1288	0.018426885828375816	-0.5594622679054737	-0.5778891537338495
1289	0.018402401357889175	-0.559511236846447	-0.5779136382043362
1290	0.018390394747257233	-0.5595352500677109	-0.5779256448149681
1291	0.0183761827647686	-0.5595636740326881	-0.5779398567974567
1292	0.018368300050497055	-0.5595794394612312	-0.5779477395117283
1293	0.018360882997512817	-0.5595942735671997	-0.5779551565647125
1294	0.018356909975409508	-0.5596022196114063	-0.5779591295868158
1295	0.018351346254348755	-0.5596133470535278	-0.5779646933078766
1296	0.018345370888710022	-0.5596252977848053	-0.5779706686735153
1297	0.01834191009402275	-0.5596322193741798	-0.5779741294682026
1298	0.01832217164337635	-0.5596716962754726	-0.577993867918849
1299	0.018282461911439896	-0.5597511157393456	-0.5780335776507854
1300	0.018254229798913002	-0.5598075799643993	-0.5780618097633123
1301	0.018238244578242302	-0.5598395504057407	-0.578077794983983
1302	0.01822909340262413	-0.5598578527569771	-0.5780869461596012
1303	0.01821737363934517	-0.559881292283535	-0.5780986659228802
1304	0.01821393519639969	-0.559888169169426	-0.5781021043658257
1305	0.0182101521641016	-0.5598957352340221	-0.5781058873981237
1306	0.018202882260084152	-0.559910275042057	-0.5781131573021412
1307	0.018199017271399498	-0.5599180050194263	-0.5781170222908258
1308	0.01819700561463833	-0.5599220283329487	-0.578119033947587
1309	0.01819627359509468	-0.559923492372036	-0.5781197659671307
1310	0.0181940495967865	-0.5599279403686523	-0.5781219899654388
1311	0.01819343864917755	-0.5599291622638702	-0.5781226009130478
1312	0.018191661685705185	-0.559932716190815	-0.5781243778765202
1313	0.018190570175647736	-0.5599348992109299	-0.5781254693865776
1314	0.0181894451379776	-0.5599371492862701	-0.5781265944242477
1315	0.018187155947089195	-0.559941727668047	-0.5781288836151361
1316	0.0181850828230381	-0.5599458739161491	-0.5781309567391872
1317	0.01818298175930977	-0.5599500760436058	-0.5781330578029156
1318	0.018181804567575455	-0.5599524304270744	-0.5781342349946499
1319	0.018180351704359055	-0.5599553361535072	-0.5781356878578663
1320	0.01817888580262661	-0.5599582679569721	-0.5781371537595987
1321	0.01817256771028042	-0.5599709041416645	-0.5781434718519449
1322	0.018148889765143394	-0.5600182600319386	-0.578167149797082
1323	0.018114697188138962	-0.5600866451859474	-0.5782013423740864
1324	0.01809237338602543	-0.5601312927901745	-0.5782236661761999
1325	0.018081121146678925	-0.5601537972688675	-0.5782349184155464
1326	0.01807090826332569	-0.560174223035574	-0.5782451312988997
1327	0.018063915893435478	-0.5601882077753544	-0.5782521236687899
1328	0.018050508573651314	-0.5602150224149227	-0.578265530988574
1329	0.018050409853458405	-0.5602152198553085	-0.5782656297087669
1330	0.018049290403723717	-0.5602174587547779	-0.5782667491585016
1331	0.018050165846943855	-0.5602157078683376	-0.5782658737152815
1332	0.018046054989099503	-0.5602239295840263	-0.5782699845731258
1333	0.0180432740598917	-0.5602294914424419	-0.5782727655023336
1334	0.0180438794195652	-0.5602282807230949	-0.5782721601426601
1335	0.018031999468803406	-0.5602520406246185	-0.5782840400934219
1336	0.018029026687145233	-0.5602579861879349	-0.5782870128750801
1337	0.018023723736405373	-0.5602685920894146	-0.57829231582582
1338	0.01802319660782814	-0.5602696463465691	-0.5782928429543972
1339	0.018021848052740097	-0.5602723434567451	-0.5782941915094852
1340	0.018010860309004784	-0.5602943189442158	-0.5783051792532206
1341	0.018008844926953316	-0.5602983497083187	-0.578307194635272
1342	0.0180088859051466	-0.5602982677519321	-0.5783071536570787
1343	0.018009444698691368	-0.5602971501648426	-0.578306594863534
1344	0.018006818369030952	-0.5603024028241634	-0.5783092211931944
1345	0.01800156943500042	-0.5603129006922245	-0.5783144701272249
1346	0.018000900745391846	-0.5603142380714417	-0.5783151388168335
1347	0.018000252544879913	-0.5603155344724655	-0.5783157870173454
1348	0.018001116812229156	-0.560313805937767	-0.5783149227499962
1349	0.0179941114038229	-0.5603278167545795	-0.5783219281584024
1350	0.017990440130233765	-0.5603351593017578	-0.5783255994319916
1351	0.0179882925003767	-0.5603394545614719	-0.5783277470618486
1352	0.017984842881560326	-0.5603463537991047	-0.578331196680665
1353	0.01798398047685623	-0.5603480786085129	-0.5783320590853691
1354	0.017983412370085716	-0.5603492148220539	-0.5783326271921396
1355	0.017983438447117805	-0.5603491626679897	-0.5783326011151075
1356	0.017984120175242424	-0.5603477992117405	-0.5783319193869829
1357	0.017983675003051758	-0.5603486895561218	-0.5783323645591736
1358	0.01798473484814167	-0.560346569865942	-0.5783313047140837
1359	0.017985012382268906	-0.5603460147976875	-0.5783310271799564
1360	0.017985038459300995	-0.5603459626436234	-0.5783310011029243
1361	0.01798524148762226	-0.5603455565869808	-0.5783307980746031
1362	0.0179839339107275	-0.5603481717407703	-0.5783321056514978
1363	0.017985429614782333	-0.5603451803326607	-0.578330609947443
1364	0.017984457314014435	-0.5603471249341965	-0.5783315822482109
1365	0.017984000965952873	-0.5603480376303196	-0.5783320385962725
1366	0.017985166981816292	-0.5603457055985928	-0.578330872580409
1367	0.017985360696911812	-0.5603453181684017	-0.5783306788653135
1368	0.017985541373491287	-0.5603449568152428	-0.578330498188734
1369	0.01798558235168457	-0.5603448748588562	-0.5783304572105408
1370	0.017985595390200615	-0.5603448487818241	-0.5783304441720247
1371	0.017985627055168152	-0.560344785451889	-0.5783304125070572
1372	0.017985673621296883	-0.5603446923196316	-0.5783303659409285
1373	0.01798374019563198	-0.5603485591709614	-0.5783322993665934
1374	0.017983902245759964	-0.5603482350707054	-0.5783321373164654
1375	0.01798286661505699	-0.5603503063321114	-0.5783331729471684
1376	0.01798364892601967	-0.560348741710186	-0.5783323906362057
1377	0.017983218654990196	-0.560349602252245	-0.5783328209072351
1378	0.01798400841653347	-0.5603480227291584	-0.5783320311456919
1379	0.0179842971265316	-0.5603474453091621	-0.5783317424356937
1380	0.01798442378640175	-0.5603471919894218	-0.5783316157758236
1381	0.017984433099627495	-0.5603471733629704	-0.5783316064625978
1382	0.017984436824917793	-0.5603471659123898	-0.5783316027373075
1383	0.017984630540013313	-0.5603467784821987	-0.578331409022212
1384	0.01798423007130623	-0.5603475794196129	-0.5783318094909191
1385	0.01798340678215027	-0.5603492259979248	-0.5783326327800751
1386	0.017983898520469666	-0.560348242521286	-0.5783321410417557
1387	0.017984142526984215	-0.5603477545082569	-0.5783318970352411
1388	0.017984531819820404	-0.5603469759225845	-0.5783315077424049
1389	0.0179847851395607	-0.5603464692831039	-0.5783312544226646
1390	0.017984801903367043	-0.5603464357554913	-0.5783312376588583
1391	0.017984915524721146	-0.560346208512783	-0.5783311240375042
1392	0.017984971404075623	-0.5603460967540741	-0.5783310681581497
1393	0.017984973266720772	-0.5603460930287838	-0.5783310662955046
1394	0.017984557896852493	-0.5603469237685204	-0.5783314816653728
1395	0.017984865233302116	-0.5603463090956211	-0.5783311743289232
1396	0.017985137179493904	-0.5603457652032375	-0.5783309023827314
1397	0.017985142767429352	-0.5603457540273666	-0.578330896794796
1398	0.017985282465815544	-0.5603454746305943	-0.5783307570964098
1399	0.017985347658395767	-0.5603453442454338	-0.5783306919038296
1400	0.017985442653298378	-0.5603451542556286	-0.578330596908927
1401	0.01798548363149166	-0.560345072299242	-0.5783305559307337
1402	0.017985522747039795	-0.5603449940681458	-0.5783305168151855
1403	0.01798436790704727	-0.5603473037481308	-0.5783316716551781
1404	0.017983946949243546	-0.5603481456637383	-0.5783320926129818
1405	0.017984382808208466	-0.5603472739458084	-0.5783316567540169
1406	0.017984390258789062	-0.5603472590446472	-0.5783316493034363
1407	0.01798473671078682	-0.5603465661406517	-0.5783313028514385
1408	0.017985539510846138	-0.5603449605405331	-0.5783305000513792
1409	0.017985539510846138	-0.5603449605405331	-0.5783305000513792
1410	0.017985733225941658	-0.560344573110342	-0.5783303063362837
1411	0.017985736951231956	-0.5603445656597614	-0.5783303026109934
1412	0.01798359677195549	-0.5603488460183144	-0.5783324427902699
1413	0.017983876168727875	-0.5603482872247696	-0.5783321633934975
1414	0.017982609570026398	-0.5603508204221725	-0.5783334299921989
1415	0.01798330619931221	-0.5603494271636009	-0.5783327333629131
1416	0.017982861027121544	-0.5603503175079823	-0.5783331785351038
1417	0.017983650788664818	-0.5603487379848957	-0.5783323887735605
1418	0.01798367127776146	-0.5603486970067024	-0.5783323682844639
1419	0.017983954399824142	-0.5603481307625771	-0.5783320851624012
1420	0.017984051257371902	-0.5603479370474815	-0.5783319883048534
1421	0.01798390969634056	-0.5603482201695442	-0.5783321298658848
1422	0.017983291298151016	-0.5603494569659233	-0.5783327482640743
1423	0.01798258163034916	-0.560350876301527	-0.5783334579318762
1424	0.017982929944992065	-0.5603501796722412	-0.5783331096172333
1425	0.0179835706949234	-0.5603488981723785	-0.5783324688673019
1426	0.017983732745051384	-0.5603485740721226	-0.578332306817174
1427	0.017983734607696533	-0.5603485703468323	-0.5783323049545288
1428	0.017983822152018547	-0.5603483952581882	-0.5783322174102068
1429	0.017983386293053627	-0.5603492669761181	-0.5783326532691717
1430	0.017983753234148026	-0.5603485330939293	-0.5783322863280773
1431	0.017984094098210335	-0.5603478513658047	-0.578331945464015
1432	0.01798425242304802	-0.5603475347161293	-0.5783317871391773
1433	0.017984263598918915	-0.5603475123643875	-0.5783317759633064
1434	0.017984282225370407	-0.5603474751114845	-0.5783317573368549
1435	0.017984284088015556	-0.5603474713861942	-0.5783317554742098
1436	0.017983829602599144	-0.560348380357027	-0.5783322099596262
1437	0.017984172329306602	-0.5603476949036121	-0.5783318672329187
1438	0.017983710393309593	-0.5603486187756062	-0.5783323291689157
1439	0.01798432320356369	-0.560347393155098	-0.5783317163586617
1440	0.017984623089432716	-0.5603467933833599	-0.5783314164727926
1441	0.017984772101044655	-0.560346495360136	-0.5783312674611807
1442	0.017984790727496147	-0.560346458107233	-0.5783312488347292
1443	0.017984865233302116	-0.5603463090956211	-0.5783311743289232
1444	0.017984887585043907	-0.5603462643921375	-0.5783311519771814
1445	0.017984921112656593	-0.5603461973369122	-0.5783311184495687
1446	0.017983444035053253	-0.5603491514921188	-0.5783325955271721
1447	0.01798301376402378	-0.5603500120341778	-0.5783330257982016
1448	0.017983512952923775	-0.5603490136563778	-0.5783325266093016
1449	0.017983615398406982	-0.5603488087654114	-0.5783324241638184
1450	0.017983978614211082	-0.5603480823338032	-0.5783320609480143
1451	0.017984645441174507	-0.5603467486798763	-0.5783313941210508
1452	0.01798500493168831	-0.5603460296988487	-0.578331034630537
1453	0.01798500493168831	-0.5603460296988487	-0.578331034630537
1454	0.01798534207046032	-0.5603453554213047	-0.578330697491765
1455	0.017983729019761086	-0.5603485815227032	-0.5783323105424643
1456	0.017983751371502876	-0.5603485368192196	-0.5783322881907225
1457	0.01798301376402378	-0.5603500120341778	-0.5783330257982016
1458	0.017983045428991318	-0.5603499487042427	-0.578332994133234
1459	0.017983948811888695	-0.560348141938448	-0.5783320907503366
1460	0.017983971163630486	-0.5603480972349644	-0.5783320683985949
1461	0.017983045428991318	-0.5603499487042427	-0.578332994133234
1462	0.01798339933156967	-0.560349240899086	-0.5783326402306557
1463	0.017984019592404366	-0.5603480003774166	-0.578332019969821
1464	0.01798359863460064	-0.5603488422930241	-0.5783324409276247
1465	0.017983607947826385	-0.5603488236665726	-0.578332431614399
1466	0.017984656617045403	-0.5603467263281345	-0.5783313829451799
1467	0.01798471249639988	-0.5603466145694256	-0.5783313270658255
1468	0.01798471435904503	-0.5603466108441353	-0.5783313252031803
1469	0.017984749749302864	-0.5603465400636196	-0.5783312898129225
1470	0.017984464764595032	-0.5603471100330353	-0.5783315747976303
1471	0.01798410899937153	-0.5603478215634823	-0.5783319305628538
1472	0.01798313856124878	-0.5603497624397278	-0.5783329010009766
1473	0.017983658239245415	-0.5603487230837345	-0.5783323813229799
1474	0.017983846366405487	-0.5603483468294144	-0.5783321931958199
1475	0.017984189093112946	-0.5603476613759995	-0.5783318504691124
1476	0.017984755337238312	-0.5603465288877487	-0.578331284224987
1477	0.01798487827181816	-0.560346283018589	-0.5783311612904072
1478	0.017984936013817787	-0.5603461675345898	-0.5783311035484076
1479	0.017983969300985336	-0.5603481009602547	-0.57833207026124
1480	0.0179847814142704	-0.5603464767336845	-0.5783312581479549
1481	0.01798497885465622	-0.5603460818529129	-0.5783310607075691
1482	0.017985034734010696	-0.560345970094204	-0.5783310048282146
1483	0.017985064536333084	-0.5603459104895592	-0.5783309750258923
1484	0.017985180020332336	-0.5603456795215607	-0.578330859541893
1485	0.017985215410590172	-0.560345608741045	-0.5783308241516352
1486	0.017983242869377136	-0.5603495538234711	-0.5783327966928482
1487	0.017983581870794296	-0.5603488758206367	-0.578332457691431
1488	0.0179850272834301	-0.5603459849953651	-0.5783310122787952
1489	0.01798536255955696	-0.5603453144431114	-0.5783306770026684
1490	0.01798536442220211	-0.5603453107178211	-0.5783306751400232
1491	0.01798536628484726	-0.5603453069925308	-0.5783306732773781
1492	0.017985373735427856	-0.5603452920913696	-0.5783306658267975
1493	0.017985457554459572	-0.5603451244533062	-0.5783305820077658
1494	0.0179855078458786	-0.5603450238704681	-0.5783305317163467
1495	0.017985528334975243	-0.5603449828922749	-0.5783305112272501
1496	0.01798553392291069	-0.560344971716404	-0.5783305056393147
1497	0.01798555627465248	-0.5603449270129204	-0.5783304832875729
1498	0.01798560470342636	-0.5603448301553726	-0.578330434858799
1499	0.017983760684728622	-0.5603485181927681	-0.5783322788774967
1500	0.017983902245759964	-0.5603482350707054	-0.5783321373164654
1501	0.01798330619931221	-0.5603494271636009	-0.5783327333629131
1502	0.01798342540860176	-0.5603491887450218	-0.5783326141536236
1503	0.017983902245759964	-0.5603482350707054	-0.5783321373164654
1504	0.017982933670282364	-0.5603501722216606	-0.578333105891943
1505	0.017983077093958855	-0.5603498853743076	-0.5783329624682665
1506	0.01798379048705101	-0.5603484585881233	-0.5783322490751743
1507	0.017982926219701767	-0.5603501871228218	-0.5783331133425236
1508	0.017983287572860718	-0.5603494644165039	-0.5783327519893646
1509	0.01798335276544094	-0.5603493340313435	-0.5783326867967844
1510	0.01798347756266594	-0.5603490844368935	-0.5783325619995594
1511	0.017984159290790558	-0.5603477209806442	-0.5783318802714348
1512	0.017984170466661453	-0.5603476986289024	-0.5783318690955639
1513	0.01798371970653534	-0.5603486001491547	-0.57833231985569
1514	0.01798410154879093	-0.5603478364646435	-0.5783319380134344
1515	0.01798415556550026	-0.5603477284312248	-0.5783318839967251
1516	0.01798429898917675	-0.5603474415838718	-0.5783317405730486
1517	0.017984388396143913	-0.5603472627699375	-0.5783316511660814
1518	0.01798439398407936	-0.5603472515940666	-0.578331645578146
1519	0.01798444613814354	-0.5603471472859383	-0.5783315934240818
1520	0.017984455451369286	-0.5603471286594868	-0.5783315841108561
1521	0.017984513193368912	-0.5603470131754875	-0.5783315263688564
1522	0.017984528094530106	-0.5603469833731651	-0.5783315114676952
1523	0.017984597012400627	-0.5603468455374241	-0.5783314425498247
1524	0.017984606325626373	-0.5603468269109726	-0.578331433236599
1525	0.017984656617045403	-0.5603467263281345	-0.5783313829451799
1526	0.0179846603423357	-0.5603467188775539	-0.5783313792198896
1527	0.017984287813305855	-0.5603474639356136	-0.5783317517489195
1528	0.01798369735479355	-0.5603486448526382	-0.5783323422074318
1529	0.01798284612596035	-0.5603503473103046	-0.578333193436265
1530	0.017983147874474525	-0.5603497438132763	-0.5783328916877508
1531	0.017983200028538704	-0.5603496395051479	-0.5783328395336866
1532	0.01798354834318161	-0.5603489428758621	-0.5783324912190437
1533	0.017984431236982346	-0.5603471770882607	-0.578331608325243
1534	0.017983580008149147	-0.560348879545927	-0.5783324595540762
1535	0.017984161153435707	-0.5603477172553539	-0.5783318784087896
1536	0.017984725534915924	-0.5603465884923935	-0.5783313140273094
1537	0.01798475719988346	-0.5603465251624584	-0.5783312823623419
1538	0.017984917387366295	-0.5603462047874928	-0.578331122174859
1539	0.0179850272834301	-0.5603459849953651	-0.5783310122787952
1540	0.017985034734010696	-0.560345970094204	-0.5783310048282146
1541	0.017985042184591293	-0.5603459551930428	-0.578330997377634
1542	0.017983710393309593	-0.5603486187756062	-0.5783323291689157
1543	0.017984800040721893	-0.5603464394807816	-0.5783312395215034
1544	0.01798505149781704	-0.5603459365665913	-0.5783309880644083
1545	0.01798505149781704	-0.5603459365665913	-0.5783309880644083
1546	0.017985064536333084	-0.5603459104895592	-0.5783309750258923
1547	0.017985092476010323	-0.5603458546102047	-0.578330947086215
1548	0.0179851483553648	-0.5603457428514957	-0.5783308912068605
1549	0.017984502017498016	-0.5603470355272293	-0.5783315375447273
1550	0.017984725534915924	-0.5603465884923935	-0.5783313140273094
1551	0.017985157668590546	-0.5603457242250443	-0.5783308818936348
1552	0.017982827499508858	-0.5603503845632076	-0.5783332120627165
1553	0.017983179539442062	-0.5603496804833412	-0.5783328600227833
1554	0.017984755337238312	-0.5603465288877487	-0.578331284224987
1555	0.01798519305884838	-0.5603456534445286	-0.578330846503377
1556	0.017984317615628242	-0.5603474043309689	-0.5783317219465971
1557	0.017983853816986084	-0.5603483319282532	-0.5783321857452393
1558	0.017984719946980476	-0.5603465996682644	-0.5783313196152449
1559	0.017985079437494278	-0.5603458806872368	-0.5783309601247311
1560	0.01798521727323532	-0.5603456050157547	-0.57833082228899
1561	0.017985254526138306	-0.5603455305099487	-0.578330785036087
1562	0.01798359677195549	-0.5603488460183144	-0.5783324427902699
1563	0.01798347756266594	-0.5603490844368935	-0.5783325619995594
1564	0.017982738092541695	-0.560350563377142	-0.5783333014696836
1565	0.017982861027121544	-0.5603503175079823	-0.5783331785351038
1566	0.017983200028538704	-0.5603496395051479	-0.5783328395336866
1567	0.01798446662724018	-0.560347106307745	-0.5783315729349852
1568	0.017984583973884583	-0.5603468716144562	-0.5783314555883408
1569	0.01798456907272339	-0.5603469014167786	-0.578331470489502
1570	0.01798446662724018	-0.560347106307745	-0.5783315729349852
1571	0.01798335649073124	-0.5603493265807629	-0.5783326830714941
1572	0.01798413321375847	-0.5603477731347084	-0.5783319063484669
1573	0.01798434555530548	-0.5603473484516144	-0.5783316940069199
1574	0.017984600737690926	-0.5603468380868435	-0.5783314388245344
1575	0.017984664067626	-0.5603467114269733	-0.5783313754945993
1576	0.017984731122851372	-0.5603465773165226	-0.578331308439374
1577	0.01798507198691368	-0.560345895588398	-0.5783309675753117
1578	0.017985178157687187	-0.560345683246851	-0.5783308614045382
1579	0.01798354648053646	-0.5603489466011524	-0.5783324930816889
1580	0.01798386685550213	-0.5603483058512211	-0.5783321727067232
1581	0.017984909936785698	-0.560346219688654	-0.5783311296254396
1582	0.017985215410590172	-0.560345608741045	-0.5783308241516352
1583	0.01798509992659092	-0.5603458397090435	-0.5783309396356344
1584	0.017984597012400627	-0.5603468455374241	-0.5783314425498247
1585	0.01798541285097599	-0.5603452138602734	-0.5783306267112494
1586	0.017985474318265915	-0.5603450909256935	-0.5783305652439594
1587	0.017985492944717407	-0.5603450536727905	-0.5783305466175079
1588	0.01798384077847004	-0.5603483580052853	-0.5783321987837553
1589	0.01798441633582115	-0.560347206890583	-0.5783316232264042
1590	0.01798444427549839	-0.5603471510112286	-0.578331595286727
1591	0.017984634265303612	-0.5603467710316181	-0.5783314052969217
1592	0.017984824255108833	-0.5603463910520077	-0.5783312153071165
1593	0.017984876409173012	-0.5603462867438793	-0.5783311631530523
1594	0.017984462901949883	-0.5603471137583256	-0.5783315766602755
1595	0.017984427511692047	-0.5603471845388412	-0.5783316120505333
1596	0.01798498071730137	-0.5603460781276226	-0.578331058844924
1597	0.017985105514526367	-0.5603458285331726	-0.578330934047699
1598	0.017984330654144287	-0.5603473782539368	-0.578331708908081
1599	0.017985347658395767	-0.5603453442454338	-0.5783306919038296
1600	0.017985545098781586	-0.5603449493646622	-0.5783304944634438
1601	0.017985591664910316	-0.5603448562324047	-0.578330447897315
1602	0.017985595390200615	-0.5603448487818241	-0.5783304441720247
1603	0.01798451505601406	-0.5603470094501972	-0.5783315245062113
1604	0.01798396371304989	-0.5603481121361256	-0.5783320758491755
1605	0.017984092235565186	-0.560347855091095	-0.5783319473266602
1606	0.017985109239816666	-0.560345821082592	-0.5783309303224087
1607	0.01798524707555771	-0.5603455454111099	-0.5783307924866676
1608	0.017985614016652107	-0.5603448115289211	-0.5783304255455732
1609	0.017985643818974495	-0.5603447519242764	-0.5783303957432508
1610	0.017985643818974495	-0.5603447519242764	-0.5783303957432508
1611	0.017985645681619644	-0.560344748198986	-0.5783303938806057
1612	0.01798565313220024	-0.5603447332978249	-0.5783303864300251
1613	0.01798565499484539	-0.5603447295725346	-0.57833038456738
1614	0.01798567920923233	-0.5603446811437607	-0.578330360352993
1615	0.017985684797167778	-0.5603446699678898	-0.5783303547650576
1616	0.017984794452786446	-0.5603464506566525	-0.5783312451094389
1617	0.017985275015234947	-0.5603454895317554	-0.5783307645469904
1618	0.017985615879297256	-0.5603448078036308	-0.5783304236829281
1619	0.017985686659812927	-0.5603446662425995	-0.5783303529024124
1620	0.017985709011554718	-0.5603446215391159	-0.5783303305506706
1621	0.017985710874199867	-0.5603446178138256	-0.5783303286880255
1622	0.017985718324780464	-0.5603446029126644	-0.5783303212374449
1623	0.017985718324780464	-0.5603446029126644	-0.5783303212374449
1624	0.017985733225941658	-0.560344573110342	-0.5783303063362837
1625	0.017985748127102852	-0.5603445433080196	-0.5783302914351225
1626	0.01798575185239315	-0.560344535857439	-0.5783302877098322
1627	0.01798575557768345	-0.5603445284068584	-0.5783302839845419
1628	0.017985766753554344	-0.5603445060551167	-0.578330272808671
1629	0.017984328791499138	-0.5603473819792271	-0.5783317107707262
1630	0.017984434962272644	-0.56034716963768	-0.5783316045999527
1631	0.017984595149755478	-0.5603468492627144	-0.5783314444124699
1632	0.017985358834266663	-0.560345321893692	-0.5783306807279587
1633	0.017984539270401	-0.5603469610214233	-0.5783315002918243
1634	0.017985083162784576	-0.5603458732366562	-0.5783309563994408
1635	0.017985671758651733	-0.5603446960449219	-0.5783303678035736
1636	0.017985714599490166	-0.560344610363245	-0.5783303249627352
1637	0.017985565587878227	-0.5603449083864689	-0.5783304739743471
1638	0.01798575557768345	-0.5603445284068584	-0.5783302839845419
1639	0.01798577420413494	-0.5603444911539555	-0.5783302653580904
1640	0.017985785380005836	-0.5603444688022137	-0.5783302541822195
1641	0.017983989790081978	-0.5603480599820614	-0.5783320497721434
1642	0.017983539029955864	-0.5603489615023136	-0.5783325005322695
1643	0.017984092235565186	-0.560347855091095	-0.5783319473266602
1644	0.01798425242304802	-0.5603475347161293	-0.5783317871391773
1645	0.017984623089432716	-0.5603467933833599	-0.5783314164727926
1646	0.017985207960009575	-0.5603456236422062	-0.5783308316022158
1647	0.017985787242650986	-0.5603444650769234	-0.5783302523195744
1648	0.017985790967941284	-0.5603444576263428	-0.5783302485942841
1649	0.017985088750720024	-0.5603458620607853	-0.5783309508115053
1650	0.01798442006111145	-0.5603471994400024	-0.5783316195011139
1651	0.017984682694077492	-0.5603466741740704	-0.5783313568681479
1652	0.01798519305884838	-0.5603456534445286	-0.578330846503377
1653	0.017985522747039795	-0.5603449940681458	-0.5783305168151855
1654	0.01798558235168457	-0.5603448748588562	-0.5783304572105408
1655	0.017985668033361435	-0.5603447034955025	-0.5783303715288639
1656	0.017985794693231583	-0.5603444501757622	-0.5783302448689938
1657	0.01798580400645733	-0.5603444315493107	-0.578330235555768
1658	0.017985809594392776	-0.5603444203734398	-0.5783302299678326
1659	0.017985809594392776	-0.5603444203734398	-0.5783302299678326
1660	0.01798582263290882	-0.5603443942964077	-0.5783302169293165
1661	0.01798582822084427	-0.5603443831205368	-0.5783302113413811
1662	0.017985830083489418	-0.5603443793952465	-0.5783302094787359
1663	0.017985839396715164	-0.560344360768795	-0.5783302001655102
1664	0.0179844181984663	-0.5603472031652927	-0.578331621363759
1665	0.017985375598073006	-0.5603452883660793	-0.5783306639641523
1666	0.01798567734658718	-0.560344684869051	-0.5783303622156382
1667	0.017985109239816666	-0.560345821082592	-0.5783309303224087
1668	0.017984669655561447	-0.5603467002511024	-0.5783313699066639
1669	0.017985474318265915	-0.5603450909256935	-0.5783305652439594
1670	0.01798567920923233	-0.5603446811437607	-0.578330360352993
1671	0.01798505336046219	-0.560345932841301	-0.5783309862017632
1672	0.01798436790704727	-0.5603473037481308	-0.5783316716551781
1673	0.01798461750149727	-0.5603468045592308	-0.5783314220607281
1674	0.01798546500504017	-0.560345109552145	-0.5783305745571852
1675	0.017985034734010696	-0.560345970094204	-0.5783310048282146
1676	0.017985757440328598	-0.5603445246815681	-0.5783302821218967
1677	0.017985844984650612	-0.5603443495929241	-0.5783301945775747
1678	0.017985858023166656	-0.560344323515892	-0.5783301815390587
1679	0.017985861748456955	-0.5603443160653114	-0.5783301778137684
1680	0.017985869199037552	-0.5603443011641502	-0.5783301703631878
1681	0.01798587664961815	-0.560344286262989	-0.5783301629126072
1682	0.017985885962843895	-0.5603442676365376	-0.5783301535993814
1683	0.017985885962843895	-0.5603442676365376	-0.5783301535993814
1684	0.017985887825489044	-0.5603442639112473	-0.5783301517367363
1685	0.01798589713871479	-0.5603442452847958	-0.5783301424235106
1686	0.017985902726650238	-0.5603442341089249	-0.5783301368355751
1687	0.017984716221690178	-0.560346607118845	-0.5783313233405352
1688	0.017984334379434586	-0.5603473708033562	-0.5783317051827908
1689	0.017984023317694664	-0.560347992926836	-0.5783320162445307
1690	0.017984304577112198	-0.560347430408001	-0.5783317349851131
1691	0.017984606325626373	-0.5603468269109726	-0.578331433236599
1692	0.01798514649271965	-0.560345746576786	-0.5783308930695057
1693	0.017984621226787567	-0.5603467971086502	-0.5783314183354378
1694	0.017984947189688683	-0.560346145182848	-0.5783310923725367
1695	0.01798500306904316	-0.560346033424139	-0.5783310364931822
1696	0.017985191196203232	-0.5603456571698189	-0.5783308483660221
1697	0.017985453829169273	-0.5603451319038868	-0.5783305857330561
1698	0.017985481768846512	-0.5603450760245323	-0.5783305577933788
1699	0.01798507571220398	-0.5603458881378174	-0.5783309638500214
1700	0.017985403537750244	-0.5603452324867249	-0.5783306360244751
1701	0.017985515296459198	-0.560345008969307	-0.5783305242657661
1702	0.017985522747039795	-0.5603449940681458	-0.5783305168151855
1703	0.017985595390200615	-0.5603448487818241	-0.5783304441720247
1704	0.017983920872211456	-0.5603481978178024	-0.5783321186900139
1705	0.01798197627067566	-0.560352087020874	-0.5783340632915497
1706	0.017973678186535835	-0.5603686831891537	-0.5783423613756895
1707	0.017971456050872803	-0.5603731274604797	-0.5783445835113525
1708	0.017970887944102287	-0.5603742636740208	-0.578345151618123
1709	0.01797022856771946	-0.5603755824267864	-0.5783458109945059
1710	0.017970481887459755	-0.5603750757873058	-0.5783455576747656
1711	0.017970599234104156	-0.560374841094017	-0.5783454403281212
1712	0.01797083206474781	-0.5603743754327297	-0.5783452074974775
1713	0.017971472814679146	-0.560373093932867	-0.5783445667475462
1714	0.017970815300941467	-0.5603744089603424	-0.5783452242612839
1715	0.017971357330679893	-0.5603733249008656	-0.5783446822315454
1716	0.01797155849635601	-0.5603729225695133	-0.5783444810658693
1717	0.01797098107635975	-0.5603740774095058	-0.5783450584858656
1718	0.017970360815525055	-0.5603753179311752	-0.5783456787467003
1719	0.017970677465200424	-0.5603746846318245	-0.5783453620970249
1720	0.017970683053135872	-0.5603746734559536	-0.5783453565090895
1721	0.017970988526940346	-0.5603740625083447	-0.578345051035285
1722	0.017970453947782516	-0.5603751316666603	-0.5783455856144428
1723	0.017968978732824326	-0.5603780820965767	-0.578347060829401
1724	0.01796725206077099	-0.5603815354406834	-0.5783487875014544
1725	0.017961787059903145	-0.560392465442419	-0.5783542525023222
1726	0.017958419397473335	-0.5603992007672787	-0.578357620164752
1727	0.017956504598259926	-0.5604030303657055	-0.5783595349639654
1728	0.01795291341841221	-0.5604102127254009	-0.5783631261438131
1729	0.017950838431715965	-0.5604143626987934	-0.5783652011305094
1730	0.017949100583791733	-0.5604178383946419	-0.5783669389784336
1731	0.017946910113096237	-0.5604222193360329	-0.5783691294491291
1732	0.017946571111679077	-0.5604228973388672	-0.5783694684505463
1733	0.01794448308646679	-0.5604270733892918	-0.5783715564757586
1734	0.01794476807117462	-0.5604265034198761	-0.5783712714910507
1735	0.017943592742085457	-0.5604288540780544	-0.5783724468201399
1736	0.01794472150504589	-0.5604265965521336	-0.5783713180571795
1737	0.017944825813174248	-0.5604263879358768	-0.5783712137490511
1738	0.017944905906915665	-0.560426227748394	-0.5783711336553097
1739	0.017945056781172752	-0.5604259259998798	-0.5783709827810526
1740	0.01794356107711792	-0.5604289174079895	-0.5783724784851074
1741	0.01794194057583809	-0.5604321584105492	-0.5783740989863873
1742	0.017941923812031746	-0.5604321919381618	-0.5783741157501936
1743	0.01794118992984295	-0.5604336597025394	-0.5783748496323824
1744	0.01794121414422989	-0.5604336112737656	-0.5783748254179955
1745	0.017942046746611595	-0.5604319460690022	-0.5783739928156137
1746	0.01794222556054592	-0.5604315884411335	-0.5783738140016794
1747	0.017942242324352264	-0.5604315549135208	-0.5783737972378731
1748	0.017942363396286964	-0.5604313127696514	-0.5783736761659384
1749	0.017942195758223534	-0.5604316480457783	-0.5783738438040018
1750	0.01794242113828659	-0.5604311972856522	-0.5783736184239388
1751	0.01794244535267353	-0.5604311488568783	-0.5783735942095518
1752	0.017942462116479874	-0.5604311153292656	-0.5783735774457455
1753	0.017942551523447037	-0.5604309365153313	-0.5783734880387783
1754	0.0179427620023489	-0.5604305155575275	-0.5783732775598764
1755	0.017942775040864944	-0.5604304894804955	-0.5783732645213604
1756	0.017940541729331017	-0.5604349561035633	-0.5783754978328943
1757	0.01794060878455639	-0.5604348219931126	-0.578375430777669
1758	0.017939716577529907	-0.5604366064071655	-0.5783763229846954
1759	0.017940685153007507	-0.5604346692562103	-0.5783753544092178
1760	0.017940910533070564	-0.5604342184960842	-0.5783751290291548
1761	0.017940910533070564	-0.5604342184960842	-0.5783751290291548
1762	0.017941301688551903	-0.5604334361851215	-0.5783747378736734
1763	0.017941169440746307	-0.5604337006807327	-0.578374870121479
1764	0.017940588295459747	-0.5604348629713058	-0.5783754512667656
1765	0.017941387370228767	-0.5604332648217678	-0.5783746521919966
1766	0.017941400408744812	-0.5604332387447357	-0.5783746391534805
1767	0.017941473051905632	-0.5604330934584141	-0.5783745665103197
1768	0.017941560596227646	-0.56043291836977	-0.5783744789659977
1769	0.017941461876034737	-0.5604331158101559	-0.5783745776861906
1770	0.01794176548719406	-0.5604325085878372	-0.5783742740750313
1771	0.01794234849512577	-0.5604313425719738	-0.5783736910670996
1772	0.01794232241809368	-0.560431394726038	-0.5783737171441317
1773	0.017942354083061218	-0.5604313313961029	-0.5783736854791641
1774	0.01794244721531868	-0.560431145131588	-0.5783735923469067
1775	0.017942478880286217	-0.5604310818016529	-0.5783735606819391
1776	0.017942506819963455	-0.5604310259222984	-0.5783735327422619
1777	0.0179425198584795	-0.5604309998452663	-0.5783735197037458
1778	0.017942549660801888	-0.5604309402406216	-0.5783734899014235
1779	0.01794230006635189	-0.5604314394295216	-0.5783737394958735
1780	0.01794254593551159	-0.5604309476912022	-0.5783734936267138
1781	0.01794259622693062	-0.5604308471083641	-0.5783734433352947
1782	0.017942603677511215	-0.5604308322072029	-0.5783734358847141
1783	0.017942609265446663	-0.560430821031332	-0.5783734302967787
1784	0.017942626029253006	-0.5604307875037193	-0.5783734135329723
1785	0.017942683771252632	-0.5604306720197201	-0.5783733557909727
1786	0.017942694947123528	-0.5604306496679783	-0.5783733446151018
1787	0.01794273406267166	-0.560430571436882	-0.5783733054995537
1788	0.01794281229376793	-0.5604304149746895	-0.5783732272684574
1789	0.017942417412996292	-0.5604312047362328	-0.578373622149229
1790	0.017942210659384727	-0.5604316182434559	-0.5783738289028406
1791	0.017942816019058228	-0.5604304075241089	-0.5783732235431671
1792	0.017941465601325035	-0.5604331083595753	-0.5783745739609003
1793	0.017941568046808243	-0.5604329034686089	-0.5783744715154171
1794	0.01794176921248436	-0.5604325011372566	-0.578374270349741
1795	0.017940454185009003	-0.5604351311922073	-0.5783755853772163
1796	0.01794082671403885	-0.5604343861341476	-0.5783752128481865
1797	0.017941731959581375	-0.5604325756430626	-0.578374307602644
1798	0.017941853031516075	-0.5604323334991932	-0.5783741865307093
1799	0.017941998317837715	-0.5604320429265499	-0.5783740412443876
1800	0.0179403405636549	-0.5604353584349155	-0.5783756989985704
1801	0.01794029213488102	-0.5604354552924633	-0.5783757474273443
1802	0.017939534038305283	-0.5604369714856148	-0.5783765055239201
1803	0.017940374091267586	-0.5604352913796902	-0.5783756654709578
1804	0.017940618097782135	-0.5604348033666611	-0.5783754214644432
1805	0.017940660938620567	-0.5604347176849842	-0.5783753786236048
1806	0.017940662801265717	-0.5604347139596939	-0.5783753767609596
1807	0.01794133149087429	-0.5604333765804768	-0.578374708071351
1808	0.01794145628809929	-0.5604331269860268	-0.578374583274126
1809	0.017941508442163467	-0.5604330226778984	-0.5783745311200619
1810	0.017941560596227646	-0.56043291836977	-0.5783744789659977
1811	0.0179413091391325	-0.5604334212839603	-0.5783747304230928
1812	0.017940832301974297	-0.5604343749582767	-0.578375207260251
1813	0.017941581085324287	-0.5604328773915768	-0.578374458476901
1814	0.017941536381840706	-0.5604329667985439	-0.5783745031803846
1815	0.017941655591130257	-0.5604327283799648	-0.5783743839710951
1816	0.01794143207371235	-0.5604331754148006	-0.578374607488513
1817	0.01794169843196869	-0.560432642698288	-0.5783743411302567
1818	0.017941804602742195	-0.560432430356741	-0.5783742349594831
1819	0.0179420318454504	-0.5604319758713245	-0.5783740077167749
1820	0.017942171543836594	-0.5604316964745522	-0.5783738680183887
1821	0.01794220134615898	-0.5604316368699074	-0.5783738382160664
1822	0.017942264676094055	-0.5604315102100372	-0.5783737748861313
1823	0.017942283302545547	-0.5604314729571342	-0.5783737562596798
1824	0.017940275371074677	-0.560435488820076	-0.5783757641911507
1825	0.017941398546099663	-0.560433242470026	-0.5783746410161257
1826	0.017941443249583244	-0.5604331530630589	-0.5783745963126421
1827	0.01794150099158287	-0.5604330375790596	-0.5783745385706425
1828	0.017941826954483986	-0.5604323856532574	-0.5783742126077414
1829	0.017942311242222786	-0.5604314170777798	-0.5783737283200026
1830	0.017942341044545174	-0.560431357473135	-0.5783736985176802
1831	0.01794244349002838	-0.5604311525821686	-0.578373596072197
1832	0.017942454665899277	-0.5604311302304268	-0.5783735848963261
1833	0.017942527309060097	-0.5604309849441051	-0.5783735122531652
1834	0.017942558974027634	-0.5604309216141701	-0.5783734805881977
1835	0.01794256456196308	-0.5604309104382992	-0.5783734750002623
1836	0.01794256642460823	-0.5604309067130089	-0.5783734731376171
1837	0.017941046506166458	-0.5604339465498924	-0.5783749930560589
1838	0.017940884456038475	-0.5604342706501484	-0.5783751551061869
1839	0.01794029213488102	-0.5604354552924633	-0.5783757474273443
1840	0.01794063113629818	-0.560434777289629	-0.5783754084259272
1841	0.01794084906578064	-0.5604343414306641	-0.5783751904964447
1842	0.01794111169874668	-0.560433816164732	-0.5783749278634787
1843	0.017941176891326904	-0.5604336857795715	-0.5783748626708984
1844	0.017941463738679886	-0.5604331120848656	-0.5783745758235455
1845	0.017941495403647423	-0.5604330487549305	-0.5783745441585779
1846	0.017941217869520187	-0.560433603823185	-0.5783748216927052
1847	0.01794150099158287	-0.5604330375790596	-0.5783745385706425
1848	0.01794186793267727	-0.5604323036968708	-0.5783741716295481
1849	0.017942210659384727	-0.5604316182434559	-0.5783738289028406
1850	0.017942244186997414	-0.5604315511882305	-0.5783737953752279
1851	0.01794235035777092	-0.5604313388466835	-0.5783736892044544
1852	0.017942385748028755	-0.5604312680661678	-0.5783736538141966
1853	0.0179423987865448	-0.5604312419891357	-0.5783736407756805
1854	0.017942633479833603	-0.5604307726025581	-0.5783734060823917
1855	0.017942676320672035	-0.5604306869208813	-0.5783733632415533
1856	0.017942002043128014	-0.5604320354759693	-0.5783740375190973
1857	0.01794103905558586	-0.5604339614510536	-0.5783750005066395
1858	0.017941264435648918	-0.5604335106909275	-0.5783747751265764
1859	0.017942557111382484	-0.5604309253394604	-0.5783734824508429
1860	0.01794270984828472	-0.5604306198656559	-0.5783733297139406
1861	0.01794273406267166	-0.560430571436882	-0.5783733054995537
1862	0.01794274151325226	-0.5604305565357208	-0.5783732980489731
1863	0.0179427582770586	-0.5604305230081081	-0.5783732812851667
1864	0.01794278249144554	-0.5604304745793343	-0.5783732570707798
1865	0.01794278435409069	-0.560430470854044	-0.5783732552081347
1866	0.017942793667316437	-0.5604304522275925	-0.5783732458949089
1867	0.017942819744348526	-0.5604304000735283	-0.5783732198178768
1868	0.017942840233445168	-0.560430359095335	-0.5783731993287802
1869	0.017942743375897408	-0.5604305528104305	-0.5783732961863279
1870	0.017942192032933235	-0.5604316554963589	-0.5783738475292921
1871	0.017942067235708237	-0.5604319050908089	-0.5783739723265171
1872	0.01794281043112278	-0.5604304186999798	-0.5783732291311026
1873	0.01794242113828659	-0.5604311972856522	-0.5783736184239388
1874	0.017942864447832108	-0.5604303106665611	-0.5783731751143932
1875	0.017942877486348152	-0.560430284589529	-0.5783731620758772
1876	0.017942877486348152	-0.560430284589529	-0.5783731620758772
1877	0.01794288121163845	-0.5604302771389484	-0.5783731583505869
1878	0.0179428830742836	-0.5604302734136581	-0.5783731564879417
1879	0.01794288493692875	-0.5604302696883678	-0.5783731546252966
1880	0.017942899838089943	-0.5604302398860455	-0.5783731397241354
1881	0.017942901700735092	-0.5604302361607552	-0.5783731378614902
1882	0.01794290728867054	-0.5604302249848843	-0.5783731322735548
1883	0.01794292964041233	-0.5604301802814007	-0.578373109921813
1884	0.01794293522834778	-0.5604301691055298	-0.5783731043338776
1885	0.01794295571744442	-0.5604301281273365	-0.5783730838447809
1886	0.017942972481250763	-0.5604300945997238	-0.5783730670809746
1887	0.01794298179447651	-0.5604300759732723	-0.5783730577677488
1888	0.017942985519766808	-0.5604300685226917	-0.5783730540424585
1889	0.017942989245057106	-0.5604300610721111	-0.5783730503171682
1890	0.017942989245057106	-0.5604300610721111	-0.5783730503171682
1891	0.017943009734153748	-0.5604300200939178	-0.5783730298280716
1892	0.017942985519766808	-0.5604300685226917	-0.5783730540424585
1893	0.017943011596798897	-0.5604300163686275	-0.5783730279654264
1894	0.017943013459444046	-0.5604300126433372	-0.5783730261027813
1895	0.01794302649796009	-0.5604299865663052	-0.5783730130642653
1896	0.017943045124411583	-0.5604299493134022	-0.5783729944378138
1897	0.01794304884970188	-0.5604299418628216	-0.5783729907125235
1898	0.01794305257499218	-0.560429934412241	-0.5783729869872332
1899	0.017943058162927628	-0.5604299232363701	-0.5783729813992977
1900	0.017943069338798523	-0.5604299008846283	-0.5783729702234268
1901	0.017942698672413826	-0.5604306422173977	-0.5783733408898115
1902	0.017942257225513458	-0.5604315251111984	-0.5783737823367119
1903	0.017942875623703003	-0.5604302883148193	-0.5783731639385223
1904	0.017942875623703003	-0.5604302883148193	-0.5783731639385223
1905	0.01794307678937912	-0.5604298859834671	-0.5783729627728462
1906	0.01794307865202427	-0.5604298822581768	-0.5783729609102011
1907	0.01794307865202427	-0.5604298822581768	-0.5783729609102011
1908	0.017943084239959717	-0.5604298710823059	-0.5783729553222656
1909	0.017943084239959717	-0.5604298710823059	-0.5783729553222656
1910	0.01794309914112091	-0.5604298412799835	-0.5783729404211044
1911	0.017942767590284348	-0.5604305043816566	-0.578373271971941
1912	0.01794310100376606	-0.5604298375546932	-0.5783729385584593
1913	0.017943117767572403	-0.5604298040270805	-0.5783729217946529
1914	0.017943130806088448	-0.5604297779500484	-0.5783729087561369
1915	0.017943136394023895	-0.5604297667741776	-0.5783729031682014
1916	0.01794269122183323	-0.5604306571185589	-0.5783733483403921
1917	0.017943069338798523	-0.5604299008846283	-0.5783729702234268
1918	0.017942985519766808	-0.5604300685226917	-0.5783730540424585
1919	0.01794314570724964	-0.5604297481477261	-0.5783728938549757
1920	0.01794315315783024	-0.5604297332465649	-0.5783728864043951
1921	0.017943155020475388	-0.5604297295212746	-0.57837288454175
1922	0.017943158745765686	-0.560429722070694	-0.5783728808164597
1923	0.017943162471055984	-0.5604297146201134	-0.5783728770911694
1924	0.017943184822797775	-0.5604296699166298	-0.5783728547394276
1925	0.017943216487765312	-0.5604296065866947	-0.57837282307446
1926	0.01794322207570076	-0.5604295954108238	-0.5783728174865246
1927	0.01794322580099106	-0.5604295879602432	-0.5783728137612343
1928	0.017943236976861954	-0.5604295656085014	-0.5783728025853634
1929	0.01794324442744255	-0.5604295507073402	-0.5783727951347828
1930	0.017943257465958595	-0.5604295246303082	-0.5783727820962667
1931	0.017943279817700386	-0.5604294799268246	-0.578372759744525
1932	0.017943279817700386	-0.5604294799268246	-0.578372759744525
1933	0.017943279817700386	-0.5604294799268246	-0.578372759744525
1934	0.017943305894732475	-0.5604294277727604	-0.5783727336674929
1935	0.017943305894732475	-0.5604294277727604	-0.5783727336674929
1936	0.017943313345313072	-0.5604294128715992	-0.5783727262169123
1937	0.01794331707060337	-0.5604294054210186	-0.578372722491622
1938	0.01794332265853882	-0.5604293942451477	-0.5783727169036865
1939	0.017943324521183968	-0.5604293905198574	-0.5783727150410414
1940	0.017943328246474266	-0.5604293830692768	-0.5783727113157511
1941	0.017943352460861206	-0.5604293346405029	-0.5783726871013641
1942	0.017943372949957848	-0.5604292936623096	-0.5783726666122675
1943	0.01794291101396084	-0.5604302175343037	-0.5783731285482645
1944	0.017943214625120163	-0.560429610311985	-0.5783728249371052
1945	0.017943374812602997	-0.5604292899370193	-0.5783726647496223
1946	0.017943378537893295	-0.5604292824864388	-0.578372661024332
1947	0.017943385988473892	-0.5604292675852776	-0.5783726535737514
1948	0.01794339157640934	-0.5604292564094067	-0.578372647985816
1949	0.01794208586215973	-0.5604318678379059	-0.5783739537000656
1950	0.017942579463124275	-0.5604308806359768	-0.5783734600991011
1951	0.01794315129518509	-0.5604297369718552	-0.5783728882670403
1952	0.01794339343905449	-0.5604292526841164	-0.5783726461231709
1953	0.01794339530169964	-0.5604292489588261	-0.5783726442605257
1954	0.01794339530169964	-0.5604292489588261	-0.5783726442605257
1955	0.017943425104022026	-0.5604291893541813	-0.5783726144582033
1956	0.0179434847086668	-0.5604290701448917	-0.5783725548535585
1957	0.01794350892305374	-0.5604290217161179	-0.5783725306391716
1958	0.017943520098924637	-0.5604289993643761	-0.5783725194633007
1959	0.017943546175956726	-0.5604289472103119	-0.5783724933862686
1960	0.017943553626537323	-0.5604289323091507	-0.578372485935688
1961	0.017943570390343666	-0.560428898781538	-0.5783724691718817
1962	0.017943579703569412	-0.5604288801550865	-0.5783724598586559
1963	0.017943628132343292	-0.5604287832975388	-0.578372411429882
1964	0.017943650484085083	-0.5604287385940552	-0.5783723890781403
1965	0.01794365607202053	-0.5604287274181843	-0.5783723834902048
1966	0.017943665385246277	-0.5604287087917328	-0.5783723741769791
1967	0.017943669110536575	-0.5604287013411522	-0.5783723704516888
1968	0.01794367842376232	-0.5604286827147007	-0.578372361138463
1969	0.01794368401169777	-0.5604286715388298	-0.5783723555505276
1970	0.01794368401169777	-0.5604286715388298	-0.5783723555505276
1971	0.017943697050213814	-0.5604286454617977	-0.5783723425120115
1972	0.017941070720553398	-0.5604338981211185	-0.5783749688416719
1973	0.017941312864422798	-0.5604334138333797	-0.5783747266978025
1974	0.017941489815711975	-0.5604330599308014	-0.5783745497465134
1975	0.01794186234474182	-0.5604323148727417	-0.5783741772174835
1976	0.017943279817700386	-0.5604294799268246	-0.578372759744525
1977	0.01794353500008583	-0.5604289695620537	-0.5783725045621395
1978	0.01794363744556904	-0.5604287646710873	-0.5783724021166563
1979	0.017943644896149635	-0.5604287497699261	-0.5783723946660757
1980	0.017943698912858963	-0.5604286417365074	-0.5783723406493664
1981	0.017943700775504112	-0.5604286380112171	-0.5783723387867212
1982	0.01794370636343956	-0.5604286268353462	-0.5783723331987858
1983	0.017943723127245903	-0.5604285933077335	-0.5783723164349794
1984	0.017943723127245903	-0.5604285933077335	-0.5783723164349794
1985	0.017943743616342545	-0.5604285523295403	-0.5783722959458828
1986	0.017943749204277992	-0.5604285411536694	-0.5783722903579473
1987	0.017943760380148888	-0.5604285188019276	-0.5783722791820765
1988	0.01794377528131008	-0.5604284889996052	-0.5783722642809153
1989	0.01794292777776718	-0.560430184006691	-0.5783731117844582
1990	0.01794360764324665	-0.560428824275732	-0.5783724319189787
1991	0.01794377528131008	-0.5604284889996052	-0.5783722642809153
1992	0.01794378273189068	-0.560428474098444	-0.5783722568303347
1993	0.017943795770406723	-0.5604284480214119	-0.5783722437918186
1994	0.017943797633051872	-0.5604284442961216	-0.5783722419291735
1995	0.01794380322098732	-0.5604284331202507	-0.578372236341238
1996	0.017942184582352638	-0.5604316703975201	-0.5783738549798727
1997	0.017942100763320923	-0.5604318380355835	-0.5783739387989044
1998	0.017941344529390335	-0.5604333505034447	-0.578374695032835
1999	0.0179416686296463	-0.5604327023029327	-0.578374370932579
2000	0.017941974103450775	-0.5604320913553238	-0.5783740654587746

Best Loss: 0.017939534038305283

Training Time (seconds): 492.7235183099983
