Iteration	Loss (h)	Total Cost (f)	Cost g
1	0.5042768120765686	0.5042768120765686	0
2	0.4686993658542633	0.433121919631958	-0.0355774462223053
3	0.451480895280838	0.3986849784851074	-0.05279591679573059
4	0.4497036933898926	0.39513057470321655	-0.054573118686676025
5	0.44791242480278015	0.3915480375289917	-0.05636438727378845
6	0.44571852684020996	0.3871602416038513	-0.05855828523635864
7	0.44312113523483276	0.3819654583930969	-0.06115567684173584
8	0.43728432059288025	0.3702918291091919	-0.06699249148368835
9	0.4355592131614685	0.3668416142463684	-0.0687175989151001
10	0.434446781873703	0.3646167516708374	-0.0698300302028656
11	0.43265795707702637	0.36103910207748413	-0.07161885499954224
12	0.43176934123039246	0.3592618703842163	-0.07250747084617615
13	0.43118688464164734	0.3580969572067261	-0.07308992743492126
14	0.4299132525920868	0.355549693107605	-0.07436355948448181
15	0.429161012172699	0.35404521226882935	-0.07511579990386963
16	0.42867669463157654	0.3530765771865845	-0.07560011744499207
17	0.4279268682003021	0.35157692432403564	-0.07634994387626648
18	0.4266960918903351	0.34911537170410156	-0.07758072018623352
19	0.42574962973594666	0.3472224473953247	-0.07852718234062195
20	0.4252700209617615	0.34626322984695435	-0.07900679111480713
21	0.42503249645233154	0.3457881808280945	-0.07924431562423706
22	0.42375680804252625	0.3432368040084839	-0.08052000403404236
23	0.4230753779411316	0.3418739438056946	-0.08120143413543701
24	0.4227173924446106	0.3411579728126526	-0.08155941963195801
25	0.4222712516784668	0.340265691280365	-0.0820055603981018
26	0.42004814743995667	0.3358194828033447	-0.08422866463661194
27	0.4191235899925232	0.3339703679084778	-0.08515322208404541
28	0.4186936616897583	0.333110511302948	-0.0855831503868103
29	0.4183034300804138	0.33233004808425903	-0.08597338199615479
30	0.4176049530506134	0.3309330940246582	-0.0866718590259552
31	0.4168371260166168	0.32939743995666504	-0.08743968605995178
32	0.4163753390312195	0.32847386598587036	-0.08790147304534912
33	0.41590628027915955	0.3275357484817505	-0.08837053179740906
34	0.41543957591056824	0.32660233974456787	-0.08883723616600037
35	0.4150506556034088	0.325824499130249	-0.08922615647315979
36	0.41474074125289917	0.32520467042922974	-0.08953607082366943
37	0.4143909513950348	0.324505090713501	-0.08988586068153381
38	0.41354236006736755	0.3228079080581665	-0.09073445200920105
39	0.4129633605480194	0.3216499090194702	-0.0913134515285492
40	0.4125901460647583	0.320903480052948	-0.0916866660118103
41	0.41223230957984924	0.3201878070831299	-0.09204450249671936
42	0.41178029775619507	0.31928378343582153	-0.09249651432037354
43	0.4111999571323395	0.31812310218811035	-0.09307685494422913
44	0.41076934337615967	0.31726187467575073	-0.09350746870040894
45	0.4103509485721588	0.316425085067749	-0.09392586350440979
46	0.40991491079330444	0.3155530095100403	-0.09436190128326416
47	0.408191978931427	0.3121071457862854	-0.0960848331451416
48	0.40500518679618835	0.3057335615158081	-0.09927162528038025
49	0.4036073088645935	0.3029378056526184	-0.1006695032119751
50	0.4025019705295563	0.30072712898254395	-0.10177484154701233
51	0.40147432684898376	0.2986718416213989	-0.10280248522758484
52	0.40063464641571045	0.2969924807548523	-0.10364216566085815
53	0.39907306432724	0.2938693165779114	-0.10520374774932861
54	0.3973959982395172	0.2905151844024658	-0.10688081383705139
55	0.39109018445014954	0.27790355682373047	-0.11318662762641907
56	0.390133798122406	0.2759907841682434	-0.1141430139541626
57	0.38908588886260986	0.2738949656486511	-0.11519092321395874
58	0.3883632719516754	0.2724497318267822	-0.11591354012489319
59	0.38774314522743225	0.2712094783782959	-0.11653366684913635
60	0.3852655291557312	0.2662542462348938	-0.1190112829208374
61	0.38483330607414246	0.2653898000717163	-0.11944350600242615
62	0.3841938376426697	0.26411086320877075	-0.12008297443389893
63	0.38353395462036133	0.26279109716415405	-0.12074285745620728
64	0.38242363929748535	0.2605704665184021	-0.12185317277908325
65	0.38137659430503845	0.2584763765335083	-0.12290021777153015
66	0.37909209728240967	0.25390738248825073	-0.12518471479415894
67	0.37840062379837036	0.2525244355201721	-0.12587618827819824
68	0.3773481249809265	0.2504194378852844	-0.1269286870956421
69	0.37673598527908325	0.2491951584815979	-0.12754082679748535
70	0.3759961426258087	0.24771547317504883	-0.1282806694507599
71	0.3753885328769684	0.24650025367736816	-0.12888827919960022
72	0.37474706768989563	0.24521732330322266	-0.12952974438667297
73	0.3739873468875885	0.2436978816986084	-0.1302894651889801
74	0.3733656704425812	0.24245452880859375	-0.13091114163398743
75	0.3725707232952118	0.24086463451385498	-0.1317060887813568
76	0.3719523847103119	0.23962795734405518	-0.1323244273662567
77	0.37124353647232056	0.2382102608680725	-0.13303327560424805
78	0.370626837015152	0.23697686195373535	-0.13364997506141663
79	0.37000563740730286	0.2357344627380371	-0.13427117466926575
80	0.369389146566391	0.23450148105621338	-0.1348876655101776
81	0.3688519597053528	0.23342710733413696	-0.13542485237121582
82	0.3682343363761902	0.23219186067581177	-0.13604247570037842
83	0.36773329973220825	0.2311897873878479	-0.13654351234436035
84	0.367272287607193	0.23026776313781738	-0.1370045244693756
85	0.36665865778923035	0.2290405035018921	-0.13761815428733826
86	0.366145521402359	0.22801423072814941	-0.1381312906742096
87	0.36546894907951355	0.2266610860824585	-0.13880786299705505
88	0.3648194670677185	0.2253621220588684	-0.1394573450088501
89	0.3642272353172302	0.22417765855789185	-0.14004957675933838
90	0.3636581003665924	0.2230393886566162	-0.1406187117099762
91	0.363063782453537	0.22185075283050537	-0.14121302962303162
92	0.362571120262146	0.2208654284477234	-0.1417056918144226
93	0.3619731664657593	0.21966952085494995	-0.14230364561080933
94	0.3615092635154724	0.21874171495437622	-0.1427675485610962
95	0.3609624207019806	0.21764802932739258	-0.143314391374588
96	0.3604694902896881	0.21666216850280762	-0.1438073217868805
97	0.3598739206790924	0.2154710292816162	-0.1444028913974762
98	0.3593307435512543	0.21438467502593994	-0.14494606852531433
99	0.35872140526771545	0.2131659984588623	-0.14555540680885315
100	0.35820117592811584	0.21212553977966309	-0.14607563614845276
101	0.35771504044532776	0.21115326881408691	-0.14656177163124084
102	0.35710883140563965	0.2099408507347107	-0.14716798067092896
103	0.3566230833530426	0.2089693546295166	-0.147653728723526
104	0.3560851216316223	0.20789343118667603	-0.1481916904449463
105	0.3555908203125	0.2069048285484314	-0.1486859917640686
106	0.3551296889781952	0.20598256587982178	-0.1491471230983734
107	0.3546275496482849	0.20497828722000122	-0.1496492624282837
108	0.35418063402175903	0.20408445596694946	-0.15009617805480957
109	0.35364046692848206	0.2030041217803955	-0.15063634514808655
110	0.3530785143375397	0.20188021659851074	-0.15119829773902893
111	0.3525976836681366	0.2009185552597046	-0.151679128408432
112	0.3521142899990082	0.19995176792144775	-0.15216252207756042
113	0.3515079915523529	0.1987391710281372	-0.1527688205242157
114	0.35097649693489075	0.1976761817932129	-0.15330031514167786
115	0.3505260646343231	0.19677531719207764	-0.15375074744224548
116	0.34996309876441956	0.1956493854522705	-0.15431371331214905
117	0.34950369596481323	0.19473057985305786	-0.15477311611175537
118	0.34900927543640137	0.19374173879623413	-0.15526753664016724
119	0.34853997826576233	0.19280314445495605	-0.15573683381080627
120	0.34808647632598877	0.19189614057540894	-0.15619033575057983
121	0.34765297174453735	0.1910291314125061	-0.15662384033203125
122	0.34718021750450134	0.19008362293243408	-0.15709659457206726
123	0.3468000590801239	0.1893233060836792	-0.1574767529964447
124	0.34633269906044006	0.18838858604431152	-0.15794411301612854
125	0.34591391682624817	0.18755102157592773	-0.15836289525032043
126	0.34527045488357544	0.18626409769058228	-0.15900635719299316
127	0.3447628319263458	0.18524885177612305	-0.15951398015022278
128	0.3442937135696411	0.18431061506271362	-0.1599830985069275
129	0.3438537120819092	0.18343061208724976	-0.16042309999465942
130	0.3433752954006195	0.1824737787246704	-0.1609015166759491
131	0.3429825007915497	0.18168818950653076	-0.16129431128501892
132	0.3425109088420868	0.18074500560760498	-0.1617659032344818
133	0.3421078622341156	0.1799389123916626	-0.162168949842453
134	0.3417036235332489	0.1791304349899292	-0.1625731885433197
135	0.341289222240448	0.1783016324043274	-0.1629875898361206
136	0.3409058153629303	0.177534818649292	-0.1633709967136383
137	0.340366393327713	0.17645597457885742	-0.1639104187488556
138	0.3397907614707947	0.17530471086502075	-0.16448605060577393
139	0.3393651247024536	0.17445343732833862	-0.164911687374115
140	0.3389248549938202	0.17357289791107178	-0.1653519570827484
141	0.33848944306373596	0.17270207405090332	-0.16578736901283264
142	0.3381078839302063	0.171938955783844	-0.1661689281463623
143	0.33766257762908936	0.1710483431816101	-0.16661423444747925
144	0.33729296922683716	0.1703091263771057	-0.16698384284973145
145	0.3368886113166809	0.1695004105567932	-0.1673882007598877
146	0.33645138144493103	0.16862595081329346	-0.16782543063163757
147	0.33591094613075256	0.16754508018493652	-0.16836586594581604
148	0.33544105291366577	0.16660529375076294	-0.16883575916290283
149	0.33504465222358704	0.16581249237060547	-0.16923215985298157
150	0.3346173167228699	0.16495782136917114	-0.16965949535369873
151	0.3342105448246002	0.16414427757263184	-0.17006626725196838
152	0.3338412344455719	0.1634056568145752	-0.1704355776309967
153	0.3334241509437561	0.1625714898109436	-0.1708526611328125
154	0.3330734670162201	0.16187012195587158	-0.1712033450603485
155	0.3326846659183502	0.16109251976013184	-0.17159214615821838
156	0.3323234021663666	0.16036999225616455	-0.17195340991020203
157	0.3319745659828186	0.1596723198890686	-0.17230224609375
158	0.3313232660293579	0.15836971998214722	-0.1729535460472107
159	0.3309485912322998	0.157620370388031	-0.1733282208442688
160	0.33053746819496155	0.1567981243133545	-0.17373934388160706
161	0.33015257120132446	0.15602833032608032	-0.17412424087524414
162	0.3297995924949646	0.1553223729133606	-0.174477219581604
163	0.32935822010040283	0.15443962812423706	-0.17491859197616577
164	0.32722580432891846	0.1501747965812683	-0.17705100774765015
165	0.32658326625823975	0.1488897204399109	-0.17769354581832886
166	0.3260079026222229	0.1477389931678772	-0.1782689094543457
167	0.32523611187934875	0.1461954116821289	-0.17904070019721985
168	0.3245857357978821	0.14489465951919556	-0.17969107627868652
169	0.32037222385406494	0.13646763563156128	-0.18390458822250366
170	0.3189469873905182	0.13361716270446777	-0.18532982468605042
171	0.3178820013999939	0.1314871907234192	-0.1863948106765747
172	0.317025363445282	0.12977391481399536	-0.18725144863128662
173	0.3164046108722687	0.12853240966796875	-0.18787220120429993
174	0.31581562757492065	0.1273544430732727	-0.18846118450164795
175	0.3152958154678345	0.12631481885910034	-0.18898099660873413
176	0.31484124064445496	0.1254056692123413	-0.18943557143211365
177	0.3144497573375702	0.12462270259857178	-0.1898270547389984
178	0.3139703869819641	0.12366396188735962	-0.1903064250946045
179	0.3129591941833496	0.12164157629013062	-0.191317617893219
180	0.3117968738079071	0.1193169355392456	-0.1924799382686615
181	0.31108465790748596	0.11789250373840332	-0.19319215416908264
182	0.3104375898838043	0.11659836769104004	-0.19383922219276428
183	0.309855192899704	0.11543357372283936	-0.19442161917686462
184	0.3092966377735138	0.11431646347045898	-0.1949801743030548
185	0.30852726101875305	0.1127777099609375	-0.19574955105781555
186	0.30802756547927856	0.11177831888198853	-0.19624924659729004
187	0.30758675932884216	0.11089670658111572	-0.19669005274772644
188	0.307204008102417	0.11013120412826538	-0.1970728039741516
189	0.30665814876556396	0.10903948545455933	-0.19761866331100464
190	0.30576616525650024	0.10725551843643188	-0.19851064682006836
191	0.30524104833602905	0.1062052845954895	-0.19903576374053955
192	0.30463895201683044	0.10500109195709229	-0.19963786005973816
193	0.30417120456695557	0.10406559705734253	-0.20010560750961304
194	0.30375969409942627	0.10324257612228394	-0.20051711797714233
195	0.30337151885032654	0.10246622562408447	-0.20090529322624207
196	0.3029007911682129	0.10152477025985718	-0.2013760209083557
197	0.3024822771549225	0.10068774223327637	-0.20179453492164612
198	0.30188897252082825	0.09950113296508789	-0.20238783955574036
199	0.30142566561698914	0.09857451915740967	-0.20285114645957947
200	0.3010305166244507	0.09778422117233276	-0.20324629545211792
201	0.2993376851081848	0.09439855813980103	-0.2049391269683838
202	0.29610008001327515	0.08792334794998169	-0.20817673206329346
203	0.2954333424568176	0.08658987283706665	-0.20884346961975098
204	0.29504185914993286	0.08580690622329712	-0.20923495292663574
205	0.2946995198726654	0.08512222766876221	-0.2095772922039032
206	0.2943383455276489	0.08439987897872925	-0.20993846654891968
207	0.29339903593063354	0.08252125978469849	-0.21087777614593506
208	0.2929307222366333	0.081584632396698	-0.2113460898399353
209	0.2918756604194641	0.07947450876235962	-0.2124011516571045
210	0.2912974953651428	0.07831817865371704	-0.21297931671142578
211	0.2905484735965729	0.07682013511657715	-0.21372833847999573
212	0.28999200463294983	0.07570719718933105	-0.21428480744361877
213	0.2894977331161499	0.0747186541557312	-0.2147790789604187
214	0.28907206654548645	0.0738673210144043	-0.21520474553108215
215	0.28869879245758057	0.07312077283859253	-0.21557801961898804
216	0.2883458137512207	0.0724148154258728	-0.2159309983253479
217	0.2879517376422882	0.07162666320800781	-0.2163250744342804
218	0.28704822063446045	0.0698196291923523	-0.21722859144210815
219	0.286476731300354	0.0686766505241394	-0.2178000807762146
220	0.285726934671402	0.06717705726623535	-0.21854987740516663
221	0.2852722108364105	0.06626760959625244	-0.21900460124015808
222	0.2848680913448334	0.06545937061309814	-0.21940872073173523
223	0.2845138907432556	0.06475096940994263	-0.219762921333313
224	0.28417617082595825	0.0640755295753479	-0.22010064125061035
225	0.2836795151233673	0.06308221817016602	-0.2205972969532013
226	0.28282275795936584	0.061368703842163086	-0.22145405411720276
227	0.2822030782699585	0.06012934446334839	-0.2220737338066101
228	0.28175413608551025	0.059231460094451904	-0.22252267599105835
229	0.2813536822795868	0.05843055248260498	-0.2229231297969818
230	0.2810022532939911	0.057727694511413574	-0.22327455878257751
231	0.2806530296802521	0.05702924728393555	-0.22362378239631653
232	0.2802409827709198	0.056205153465270996	-0.2240358293056488
233	0.2796189486980438	0.05496108531951904	-0.22465786337852478
234	0.27887293696403503	0.053469061851501465	-0.22540387511253357
235	0.2784290015697479	0.052581191062927246	-0.22584781050682068
236	0.2780332565307617	0.051789700984954834	-0.22624355554580688
237	0.2776825726032257	0.05108833312988281	-0.2265942394733429
238	0.27731990814208984	0.050363004207611084	-0.22695690393447876
239	0.276872843503952	0.04946887493133545	-0.22740396857261658
240	0.2764425575733185	0.04860830307006836	-0.22783425450325012
241	0.27564918994903564	0.047021567821502686	-0.22862762212753296
242	0.2752106189727783	0.04614442586898804	-0.22906619310379028
243	0.27481815218925476	0.04535949230194092	-0.22945865988731384
244	0.2744643986225128	0.04465198516845703	-0.2298124134540558
245	0.273985356092453	0.0436939001083374	-0.2302914559841156
246	0.2736489176750183	0.04302102327346802	-0.2306278944015503
247	0.2723713517189026	0.04046589136123657	-0.23190546035766602
248	0.27170661091804504	0.039136409759521484	-0.23257020115852356
249	0.2713698148727417	0.038462817668914795	-0.2329069972038269
250	0.27107080817222595	0.0378648042678833	-0.23320600390434265
251	0.2705390155315399	0.03680121898651123	-0.2337377965450287
252	0.26985663175582886	0.03543645143508911	-0.23442018032073975
253	0.26946383714675903	0.03465086221694946	-0.23481297492980957
254	0.26911142468452454	0.03394603729248047	-0.23516538739204407
255	0.26879584789276123	0.03331488370895386	-0.23548096418380737
256	0.26851075887680054	0.03274470567703247	-0.23576605319976807
257	0.26824384927749634	0.03221088647842407	-0.23603296279907227
258	0.2679855525493622	0.03169429302215576	-0.23629125952720642
259	0.2675839960575104	0.03089118003845215	-0.23669281601905823
260	0.26696449518203735	0.029652178287506104	-0.23731231689453125
261	0.2666321098804474	0.028987407684326172	-0.23764470219612122
262	0.26630285382270813	0.028328895568847656	-0.23797395825386047
263	0.2655690014362335	0.026861190795898438	-0.23870781064033508
264	0.26528191566467285	0.0262870192527771	-0.23899489641189575
265	0.26501986384391785	0.02576291561126709	-0.23925694823265076
266	0.2647848427295685	0.02529287338256836	-0.23949196934700012
267	0.2643109858036041	0.02434515953063965	-0.23996582627296448
268	0.2637842893600464	0.02329176664352417	-0.24049252271652222
269	0.263468861579895	0.022660911083221436	-0.24080795049667358
270	0.2626906633377075	0.021104514598846436	-0.24158614873886108
271	0.26240071654319763	0.02052462100982666	-0.24187609553337097
272	0.26213496923446655	0.019993126392364502	-0.24214184284210205
273	0.2618952989578247	0.01951378583908081	-0.2423815131187439
274	0.26157596707344055	0.0188751220703125	-0.24270084500312805
275	0.2610022723674774	0.01772773265838623	-0.2432745397090912
276	0.2606484293937683	0.017020046710968018	-0.2436283826828003
277	0.2598562240600586	0.015435636043548584	-0.24442058801651
278	0.2594491243362427	0.014621436595916748	-0.24482768774032593
279	0.25876814126968384	0.013259470462799072	-0.24550867080688477
280	0.2578631043434143	0.01144939661026001	-0.2464137077331543
281	0.25751590728759766	0.010755002498626709	-0.24676090478897095
282	0.2569381892681122	0.009599566459655762	-0.24733862280845642
283	0.25590670108795166	0.007536590099334717	-0.24837011098861694
284	0.2555331885814667	0.006789565086364746	-0.24874362349510193
285	0.2551232874393463	0.0059697628021240234	-0.2491535246372223
286	0.25469863414764404	0.005120456218719482	-0.24957817792892456
287	0.25427404046058655	0.004271268844604492	-0.25000277161598206
288	0.2538129389286041	0.0033490657806396484	-0.2504638731479645
289	0.2534228265285492	0.002568840980529785	-0.2508539855480194
290	0.25242576003074646	0.0005747079849243164	-0.25185105204582214
291	0.2520166039466858	-0.00024360418319702148	-0.2522602081298828
292	0.2517150938510895	-0.0008466243743896484	-0.2525617182254791
293	0.2511664628982544	-0.0019438862800598145	-0.2531103491783142
294	0.25090494751930237	-0.002466917037963867	-0.25337186455726624
295	0.2504606246948242	-0.003355562686920166	-0.2538161873817444
296	0.24981145560741425	-0.004653900861740112	-0.25446535646915436
297	0.2490449994802475	-0.006186813116073608	-0.2552318125963211
298	0.2470846325159073	-0.010107547044754028	-0.2571921795606613
299	0.24285705387592316	-0.01856270432472229	-0.26141975820064545
300	0.23831510543823242	-0.02764660120010376	-0.2659617066383362
301	0.2373434156179428	-0.029589980840682983	-0.2669333964586258
302	0.23632852733135223	-0.031619757413864136	-0.26794828474521637
303	0.23563048243522644	-0.03301584720611572	-0.26864632964134216
304	0.23482854664325714	-0.03461971879005432	-0.26944826543331146
305	0.2343706637620926	-0.03553548455238342	-0.269906148314476
306	0.233706995844841	-0.0368628203868866	-0.2705698162317276
307	0.23318155109882355	-0.03791370987892151	-0.27109526097774506
308	0.232772558927536	-0.03873169422149658	-0.2715042531490326
309	0.23237746953964233	-0.039521872997283936	-0.27189934253692627
310	0.2318527102470398	-0.040571391582489014	-0.2724241018295288
311	0.23125632107257843	-0.04176416993141174	-0.2730204910039902
312	0.23079392313957214	-0.042688965797424316	-0.27348288893699646
313	0.23042073845863342	-0.04343533515930176	-0.2738560736179352
314	0.23006169497966766	-0.044153422117233276	-0.27421511709690094
315	0.22966499626636505	-0.0449468195438385	-0.27461181581020355
316	0.22921539843082428	-0.045846015214920044	-0.2750614136457443
317	0.22861558198928833	-0.04704564809799194	-0.2756612300872803
318	0.22820736467838287	-0.047862082719802856	-0.27606944739818573
319	0.22782526910305023	-0.04862627387046814	-0.27645154297351837
320	0.22738143801689148	-0.049513936042785645	-0.2768953740596771
321	0.22680796682834625	-0.0506608784198761	-0.27746884524822235
322	0.22636272013187408	-0.051551371812820435	-0.2779140919446945
323	0.22600917518138885	-0.052258461713790894	-0.27826763689517975
324	0.22562696039676666	-0.05302289128303528	-0.27864985167980194
325	0.22524020075798035	-0.05379641056060791	-0.27903661131858826
326	0.22467361390590668	-0.05492958426475525	-0.2796031981706619
327	0.22423438727855682	-0.055808037519454956	-0.2800424247980118
328	0.2238786369562149	-0.056519538164138794	-0.2803981751203537
329	0.2235579490661621	-0.057160913944244385	-0.2807188630104065
330	0.22324077785015106	-0.05779525637626648	-0.28103603422641754
331	0.22275564074516296	-0.058765530586242676	-0.28152117133140564
332	0.2222602814435959	-0.05975624918937683	-0.2820165306329727
333	0.2218879759311676	-0.0605008602142334	-0.282388836145401
334	0.221537783741951	-0.061201244592666626	-0.2827390283346176
335	0.22122648358345032	-0.06182384490966797	-0.2830503284931183
336	0.22078131139278412	-0.06271418929100037	-0.2834955006837845
337	0.22029650211334229	-0.06368380784988403	-0.2839803099632263
338	0.2199317365884781	-0.06441333889961243	-0.2843450754880905
339	0.21960589289665222	-0.06506502628326416	-0.2846709191799164
340	0.2192850261926651	-0.0657067596912384	-0.2849917858839035
341	0.2188890278339386	-0.0664987564086914	-0.28538778424263
342	0.21840062737464905	-0.06747555732727051	-0.28587618470191956
343	0.2180291712284088	-0.06821846961975098	-0.2862476408481598
344	0.21774621307849884	-0.06878438591957092	-0.28653059899806976
345	0.21743255853652954	-0.06941169500350952	-0.28684425354003906
346	0.21706253290176392	-0.07015174627304077	-0.2872142791748047
347	0.21655721962451935	-0.07116237282752991	-0.28771959245204926
348	0.21615061163902283	-0.07197558879852295	-0.2881262004375458
349	0.21550987660884857	-0.07325705885887146	-0.28876693546772003
350	0.21512678265571594	-0.07402324676513672	-0.28915002942085266
351	0.21481561660766602	-0.07464557886123657	-0.2894611954689026
352	0.2144487500190735	-0.07537931203842163	-0.2898280620574951
353	0.2139815390110016	-0.07631373405456543	-0.290295273065567
354	0.21362555027008057	-0.07702571153640747	-0.29065126180648804
355	0.2133239358663559	-0.07762894034385681	-0.2909528762102127
356	0.21300457417964935	-0.0782676637172699	-0.29127223789691925
357	0.21267907321453094	-0.07891866564750671	-0.29159773886203766
358	0.21220962703227997	-0.07985755801200867	-0.29206718504428864
359	0.21184837818145752	-0.08058005571365356	-0.2924284338951111
360	0.21159574389457703	-0.08108532428741455	-0.2926810681819916
361	0.21115797758102417	-0.08196085691452026	-0.29311883449554443
362	0.21075932681560516	-0.08275815844535828	-0.29351748526096344
363	0.2104661613702774	-0.0833444893360138	-0.2938106507062912
364	0.21016864478588104	-0.08393952250480652	-0.29410816729068756
365	0.20973025262355804	-0.08481630682945251	-0.29454655945301056
366	0.2094002664089203	-0.08547627925872803	-0.2948765456676483
367	0.20911887288093567	-0.08603906631469727	-0.29515793919563293
368	0.20882146060466766	-0.08663389086723328	-0.29545535147190094
369	0.20855453610420227	-0.08716773986816406	-0.29572227597236633
370	0.20810990035533905	-0.0880570113658905	-0.29616691172122955
371	0.20779839158058167	-0.08868002891540527	-0.29647842049598694
372	0.20752279460430145	-0.0892312228679657	-0.29675401747226715
373	0.20722998678684235	-0.08981683850288391	-0.29704682528972626
374	0.20681403577327728	-0.09064874053001404	-0.2974627763032913
375	0.20650377869606018	-0.09126925468444824	-0.2977730333805084
376	0.20623016357421875	-0.0918164849281311	-0.29804664850234985
377	0.20596973598003387	-0.09233734011650085	-0.29830707609653473
378	0.20567931234836578	-0.09291818737983704	-0.2985974997282028
379	0.20527991652488708	-0.09371697902679443	-0.2989968955516815
380	0.20498405396938324	-0.09430870413780212	-0.29929275810718536
381	0.2047509104013443	-0.09477499127388	-0.2995259016752243
382	0.20450493693351746	-0.09526693820953369	-0.29977187514305115
383	0.20421567559242249	-0.09584546089172363	-0.3000611364841461
384	0.2038329541683197	-0.0966109037399292	-0.3004438579082489
385	0.2035524845123291	-0.0971718430519104	-0.3007243275642395
386	0.20333433151245117	-0.09760814905166626	-0.30094248056411743
387	0.2030847817659378	-0.098107248544693	-0.3011920303106308
388	0.202821284532547	-0.09863424301147461	-0.3014555275440216
389	0.20243807137012482	-0.09940066933631897	-0.3018387407064438
390	0.20215462148189545	-0.09996756911277771	-0.30212219059467316
391	0.2019694447517395	-0.1003379225730896	-0.3023073673248291
392	0.20159107446670532	-0.10109466314315796	-0.3026857376098633
393	0.20127521455287933	-0.10172638297080994	-0.30300159752368927
394	0.20105673372745514	-0.10216334462165833	-0.30322007834911346
395	0.200787752866745	-0.10270130634307861	-0.3034890592098236
396	0.2004426121711731	-0.10339158773422241	-0.3038341999053955
397	0.20019228756427765	-0.1038922369480133	-0.30408452451229095
398	0.19999773800373077	-0.10428133606910706	-0.30427907407283783
399	0.19979389011859894	-0.10468903183937073	-0.30448292195796967
400	0.19951795041561127	-0.10524091124534607	-0.30475886166095734
401	0.19918465614318848	-0.10590749979019165	-0.3050921559333801
402	0.19886602461338043	-0.10654476284980774	-0.30541078746318817
403	0.19814443588256836	-0.10798794031143188	-0.30613237619400024
404	0.1977962702512741	-0.10868427157402039	-0.3064805418252945
405	0.19758807122707367	-0.10910066962242126	-0.30668874084949493
406	0.19732098281383514	-0.10963484644889832	-0.30695582926273346
407	0.19714781641960144	-0.10998117923736572	-0.30712899565696716
408	0.196792334318161	-0.11069214344024658	-0.3074844777584076
409	0.19649626314640045	-0.1112842857837677	-0.30778054893016815
410	0.19629226624965668	-0.11169227957725525	-0.3079845458269119
411	0.19603534042835236	-0.11220613121986389	-0.30824147164821625
412	0.19568569958209991	-0.11290541291236877	-0.3085911124944687
413	0.19546273350715637	-0.11335134506225586	-0.30881407856941223
414	0.19525225460529327	-0.11377230286598206	-0.30902455747127533
415	0.1948738694190979	-0.1145290732383728	-0.3094029426574707
416	0.19463813304901123	-0.11500054597854614	-0.3096386790275574
417	0.19443033635616302	-0.11541613936424255	-0.3098464757204056
418	0.19418774545192719	-0.11590132117271423	-0.3100890666246414
419	0.19386331737041473	-0.11655017733573914	-0.31041349470615387
420	0.19362768530845642	-0.11702144145965576	-0.3106491267681122
421	0.19345521926879883	-0.11736637353897095	-0.3108215928077698
422	0.19325830042362213	-0.11776021122932434	-0.31101851165294647
423	0.19287747144699097	-0.11852186918258667	-0.31139934062957764
424	0.192632257938385	-0.11901229619979858	-0.3116445541381836
425	0.19243289530277252	-0.11941102147102356	-0.3118439167737961
426	0.1921943724155426	-0.1198880672454834	-0.312082439661026
427	0.19188180565834045	-0.1205132007598877	-0.31239500641822815
428	0.1916559785604477	-0.12096485495567322	-0.3126208335161209
429	0.19149719178676605	-0.1212824285030365	-0.31277962028980255
430	0.1911562979221344	-0.1219642162322998	-0.3131205141544342
431	0.19084493815898895	-0.1225869357585907	-0.31343187391757965
432	0.19067004323005676	-0.12293672561645508	-0.31360676884651184
433	0.19035960733890533	-0.12355759739875793	-0.31391720473766327
434	0.19004373252391815	-0.1241893470287323	-0.31423307955265045
435	0.18986046314239502	-0.12455588579177856	-0.3144163489341736
436	0.18957647681236267	-0.12512385845184326	-0.31470033526420593
437	0.18924923241138458	-0.12577834725379944	-0.315027579665184
438	0.189061239361763	-0.1261543333530426	-0.3152155727148056
439	0.18881045281887054	-0.12665590643882751	-0.31546635925769806
440	0.18846680223941803	-0.12734320759773254	-0.3158100098371506
441	0.18826918303966522	-0.12773844599723816	-0.3160076290369034
442	0.18804074823856354	-0.12819531559944153	-0.31623606383800507
443	0.18787886202335358	-0.12851908802986145	-0.316397950053215
444	0.1875394731760025	-0.1291978657245636	-0.3167373389005661
445	0.18724921345710754	-0.12977838516235352	-0.31702759861946106
446	0.18696896731853485	-0.1303388774394989	-0.31730784475803375
447	0.186760812997818	-0.13075518608093262	-0.3175159990787506
448	0.18650121986865997	-0.13127437233924866	-0.31777559220790863
449	0.18632662296295166	-0.13162356615066528	-0.31795018911361694
450	0.18606701493263245	-0.1321427822113037	-0.31820979714393616
451	0.1857849657535553	-0.132706880569458	-0.3184918463230133
452	0.18558575212955475	-0.1331053078174591	-0.31869105994701385
453	0.1854013353586197	-0.13347414135932922	-0.3188754767179489
454	0.18515636026859283	-0.13396409153938293	-0.31912045180797577
455	0.1848112791776657	-0.13465425372123718	-0.3194655328989029
456	0.18461161851882935	-0.1350535750389099	-0.31966519355773926
457	0.18441012501716614	-0.13545656204223633	-0.31986668705940247
458	0.18405401706695557	-0.13616877794265747	-0.32022279500961304
459	0.18383745849132538	-0.13660189509391785	-0.3204393535852432
460	0.18364675343036652	-0.13698330521583557	-0.3206300586462021
461	0.18343637883663177	-0.13740405440330505	-0.32084043323993683
462	0.18313992023468018	-0.13799697160720825	-0.3211368918418884
463	0.1829252988100052	-0.13842621445655823	-0.3213515132665634
464	0.18277034163475037	-0.13873612880706787	-0.32150647044181824
465	0.18198445439338684	-0.14030790328979492	-0.32229235768318176
466	0.18161998689174652	-0.14103683829307556	-0.3226568251848221
467	0.18139295279979706	-0.1414909064769745	-0.32288385927677155
468	0.18122759461402893	-0.14182162284851074	-0.3230492174625397
469	0.1809864640235901	-0.14230388402938843	-0.3232903480529785
470	0.180716410279274	-0.14284399151802063	-0.3235604017972946
471	0.18052956461906433	-0.14321768283843994	-0.3237472474575043
472	0.1803136020898819	-0.1436496078968048	-0.3239632099866867
473	0.1801413893699646	-0.1439940333366394	-0.324135422706604
474	0.17976859211921692	-0.14473962783813477	-0.3245082199573517
475	0.17953622341156006	-0.1452043652534485	-0.32474058866500854
476	0.17935927212238312	-0.14555826783180237	-0.3249175399541855
477	0.1791553497314453	-0.14596611261367798	-0.3251214623451233
478	0.17887598276138306	-0.1465248465538025	-0.32540082931518555
479	0.17867818474769592	-0.14692044258117676	-0.3255986273288727
480	0.17853647470474243	-0.14720386266708374	-0.32574033737182617
481	0.17821328341960907	-0.14785024523735046	-0.32606352865695953
482	0.17791339755058289	-0.14845001697540283	-0.3263634145259857
483	0.17775602638721466	-0.14876475930213928	-0.32652078568935394
484	0.17747482657432556	-0.14932715892791748	-0.32680198550224304
485	0.17716482281684875	-0.1499471664428711	-0.32711198925971985
486	0.1769932210445404	-0.1502903699874878	-0.3272835910320282
487	0.1767498105764389	-0.1507771909236908	-0.3275270015001297
488	0.17642900347709656	-0.1514188051223755	-0.32784780859947205
489	0.1762477308511734	-0.1517813503742218	-0.3280290812253952
490	0.176038458943367	-0.1521998941898346	-0.3282383531332016
491	0.17570725083351135	-0.1528623104095459	-0.32856956124305725
492	0.17551477253437042	-0.15324726700782776	-0.3287620395421982
493	0.1753043681383133	-0.15366807579994202	-0.3289724439382553
494	0.17516478896141052	-0.15394723415374756	-0.3291120231151581
495	0.17443250119686127	-0.15541180968284607	-0.32984431087970734
496	0.17413555085659027	-0.15600571036338806	-0.33014126121997833
497	0.17394551634788513	-0.15638577938079834	-0.33033129572868347
498	0.17373374104499817	-0.15680932998657227	-0.33054307103157043
499	0.1735968440771103	-0.15708312392234802	-0.3306799679994583
500	0.1734262853860855	-0.15742424130439758	-0.3308505266904831
501	0.17307481169700623	-0.15812718868255615	-0.3312020003795624
502	0.1728617548942566	-0.15855330228805542	-0.331415057182312
503	0.1727013736963272	-0.15887406468391418	-0.3315754383802414
504	0.17246133089065552	-0.15935415029525757	-0.3318154811859131
505	0.17219802737236023	-0.15988075733184814	-0.3320787847042084
506	0.1719057857990265	-0.16046524047851562	-0.3323710262775421
507	0.17169903218746185	-0.1608787477016449	-0.33257777988910675
508	0.17148374021053314	-0.16130933165550232	-0.33279307186603546
509	0.17129269242286682	-0.16169142723083496	-0.3329841196537018
510	0.17114201188087463	-0.16199278831481934	-0.33313480019569397
511	0.1708538830280304	-0.1625690460205078	-0.3334229290485382
512	0.17064251005649567	-0.16299179196357727	-0.33363430202007294
513	0.17050710320472717	-0.16326260566711426	-0.33376970887184143
514	0.17025159299373627	-0.16377362608909607	-0.33402521908283234
515	0.17002055048942566	-0.16423571109771729	-0.33425626158714294
516	0.16986458003520966	-0.1645476520061493	-0.33441223204135895
517	0.16967695951461792	-0.16492289304733276	-0.3345998525619507
518	0.1694253385066986	-0.1654261350631714	-0.33485147356987
519	0.1692497879266739	-0.16577723622322083	-0.3350270241498947
520	0.1690724641084671	-0.1661318838596344	-0.3352043479681015
521	0.16882732510566711	-0.16662216186523438	-0.3354494869709015
522	0.16819782555103302	-0.16788116097450256	-0.3360789865255356
523	0.16799573600292206	-0.1682853400707245	-0.33628107607364655
524	0.16780316829681396	-0.16867047548294067	-0.33647364377975464
525	0.16749891638755798	-0.16927897930145264	-0.3367778956890106
526	0.16730354726314545	-0.1696697175502777	-0.33697326481342316
527	0.1671145260334015	-0.17004776000976562	-0.3371622860431671
528	0.16693341732025146	-0.17040997743606567	-0.33734339475631714
529	0.16679596900939941	-0.17068487405776978	-0.3374808430671692
530	0.1666087657213211	-0.1710592806339264	-0.3376680463552475
531	0.1662752330303192	-0.17172634601593018	-0.3380015790462494
532	0.1660766452550888	-0.172123521566391	-0.3382001668214798
533	0.16591888666152954	-0.17243903875350952	-0.33835792541503906
534	0.16557815670967102	-0.17312049865722656	-0.3386986553668976
535	0.1653725653886795	-0.1735316812992096	-0.3389042466878891
536	0.1652059257030487	-0.1738649606704712	-0.3390708863735199
537	0.16505414247512817	-0.17416852712631226	-0.33922266960144043
538	0.1647956669330597	-0.17468547821044922	-0.3394811451435089
539	0.16461090743541718	-0.17505499720573425	-0.33966590464115143
540	0.1644877791404724	-0.17530125379562378	-0.3397890329360962
541	0.16417720913887024	-0.17592239379882812	-0.34009960293769836
542	0.16391223669052124	-0.17645233869552612	-0.34036457538604736
543	0.16378271579742432	-0.17671138048171997	-0.3404940962791443
544	0.16349966824054718	-0.17727747559547424	-0.3407771438360214
545	0.16322766244411469	-0.17782148718833923	-0.3410491496324539
546	0.16308972239494324	-0.17809736728668213	-0.34118708968162537
547	0.16283440589904785	-0.1786080002784729	-0.34144240617752075
548	0.16255611181259155	-0.1791645884513855	-0.34172070026397705
549	0.16241136193275452	-0.17945408821105957	-0.3418654501438141
550	0.162180557847023	-0.17991569638252258	-0.3420962542295456
551	0.16189736127853394	-0.18048208951950073	-0.34237945079803467
552	0.16174575686454773	-0.18078529834747314	-0.3425310552120209
553	0.16153736412525177	-0.18120208382606506	-0.34273944795131683
554	0.1614004522562027	-0.1814759075641632	-0.3428763598203659
555	0.16118906438350677	-0.18189868330955505	-0.34308774769306183
556	0.1609637588262558	-0.182349294424057	-0.3433130532503128
557	0.16080819070339203	-0.18266043066978455	-0.3434686213731766
558	0.16065695881843567	-0.18296289443969727	-0.34361985325813293
559	0.16041286289691925	-0.1834510862827301	-0.34386394917964935
560	0.1602402925491333	-0.183796226978302	-0.3440365195274353
561	0.1601204127073288	-0.184035986661911	-0.3441563993692398
562	0.1598319709300995	-0.18461287021636963	-0.3444448411464691
563	0.15957386791706085	-0.1851290762424469	-0.34470294415950775
564	0.159446582198143	-0.1853836476802826	-0.3448302298784256
565	0.15918327867984772	-0.18591025471687317	-0.3450935333967209
566	0.1589185744524002	-0.1864396631717682	-0.3453582376241684
567	0.15878601372241974	-0.18670478463172913	-0.34549079835414886
568	0.15854646265506744	-0.18718388676643372	-0.34573034942150116
569	0.1582755744457245	-0.18772566318511963	-0.3460012376308441
570	0.15813730657100677	-0.18800219893455505	-0.34613950550556183
571	0.15792053937911987	-0.18843573331832886	-0.34635627269744873
572	0.15764516592025757	-0.18898648023605347	-0.34663164615631104
573	0.15750008821487427	-0.18927663564682007	-0.34677672386169434
574	0.1573030948638916	-0.1896706223487854	-0.346973717212677
575	0.15715228021144867	-0.18997225165367126	-0.34712453186511993
576	0.15651468932628632	-0.19124743342399597	-0.3477621227502823
577	0.15628384053707123	-0.19170913100242615	-0.3479929715394974
578	0.15613213181495667	-0.19201254844665527	-0.34814468026161194
579	0.15593546628952026	-0.19240587949752808	-0.34834134578704834
580	0.15579494833946228	-0.19268691539764404	-0.3484818637371063
581	0.15561097860336304	-0.19305485486984253	-0.34866583347320557
582	0.1553845852613449	-0.19350764155387878	-0.3488922268152237
583	0.155225932598114	-0.19382494688034058	-0.3490508794784546
584	0.15509790182113647	-0.19408100843429565	-0.34917891025543213
585	0.1548558920621872	-0.1945650279521942	-0.3494209200143814
586	0.15468072891235352	-0.19491535425186157	-0.3495960831642151
587	0.15457284450531006	-0.1951311230659485	-0.34970396757125854
588	0.15445220470428467	-0.19537240266799927	-0.34982460737228394
589	0.15435828268527985	-0.1955602467060089	-0.34991852939128876
590	0.15420162677764893	-0.19587355852127075	-0.3500751852989197
591	0.15404154360294342	-0.19619372487068176	-0.3502352684736252
592	0.15382333099842072	-0.19663015007972717	-0.3504534810781479
593	0.15363270044326782	-0.19701141119003296	-0.3506441116333008
594	0.153511181473732	-0.19725444912910461	-0.3507656306028366
595	0.1532929241657257	-0.1976909637451172	-0.3509838879108429
596	0.15307338535785675	-0.1981300413608551	-0.35120342671871185
597	0.15289801359176636	-0.1984807848930359	-0.35137879848480225
598	0.15276403725147247	-0.19874873757362366	-0.35151277482509613
599	0.15250658988952637	-0.19926363229751587	-0.35177022218704224
600	0.15231318771839142	-0.19965043663978577	-0.3519636243581772
601	0.15218232572078705	-0.1999121606349945	-0.35209448635578156
602	0.15209431946277618	-0.20008817315101624	-0.3521824926137924
603	0.15191811323165894	-0.20044058561325073	-0.35235869884490967
604	0.1518002599477768	-0.20067629218101501	-0.3524765521287918
605	0.15163370966911316	-0.20100939273834229	-0.35264310240745544
606	0.1515302062034607	-0.20121639966964722	-0.3527466058731079
607	0.15137149393558502	-0.20153382420539856	-0.3529053181409836
608	0.15116852521896362	-0.20193976163864136	-0.353108286857605
609	0.15101569890975952	-0.20224541425704956	-0.3532611131668091
610	0.150911346077919	-0.2024541199207306	-0.3533654659986496
611	0.15075382590293884	-0.20276916027069092	-0.35352298617362976
612	0.1506563425064087	-0.20296412706375122	-0.3536204695701599
613	0.15052922070026398	-0.20321837067604065	-0.3537475913763046
614	0.15033462643623352	-0.20360755920410156	-0.3539421856403351
615	0.15018777549266815	-0.2039012610912323	-0.35408903658390045
616	0.15009772777557373	-0.20408135652542114	-0.3541790843009949
617	0.14994660019874573	-0.20438361167907715	-0.3543302118778229
618	0.1498538702726364	-0.20456907153129578	-0.3544229418039322
619	0.14974410831928253	-0.20478859543800354	-0.35453270375728607
620	0.1496376395225525	-0.20500153303146362	-0.3546391725540161
621	0.14956410229206085	-0.2051486074924469	-0.35471270978450775
622	0.14944376051425934	-0.20538929104804993	-0.35483305156230927
623	0.14936523139476776	-0.20554634928703308	-0.35491158068180084
624	0.1492607593536377	-0.2057552933692932	-0.3550160527229309
625	0.14919061958789825	-0.2058955729007721	-0.35508619248867035
626	0.14907516539096832	-0.20612648129463196	-0.3552016466856003
627	0.14900530874729156	-0.20626619458198547	-0.35527150332927704
628	0.14892275631427765	-0.2064312994480133	-0.35535405576229095
629	0.1488024890422821	-0.2066718339920044	-0.3554743230342865
630	0.1486755609512329	-0.20692569017410278	-0.3556012511253357
631	0.14856880903244019	-0.20713919401168823	-0.3557080030441284
632	0.14847707748413086	-0.20732265710830688	-0.35579973459243774
633	0.1483720988035202	-0.2075326144695282	-0.3559047132730484
634	0.14830468595027924	-0.20766744017601013	-0.35597212612628937
635	0.1482221633195877	-0.2078324854373932	-0.3560546487569809
636	0.14813609421253204	-0.20800462365150452	-0.35614071786403656
637	0.14805501699447632	-0.20816677808761597	-0.3562217950820923
638	0.14798623323440552	-0.20830434560775757	-0.3562905788421631
639	0.14792656898498535	-0.2084236741065979	-0.35635024309158325
640	0.14785698056221008	-0.20856285095214844	-0.3564198315143585
641	0.1477815806865692	-0.20871365070343018	-0.3564952313899994
642	0.14764277637004852	-0.20899125933647156	-0.3566340357065201
643	0.14752501249313354	-0.2092267870903015	-0.35675179958343506
644	0.1474371999502182	-0.2094024121761322	-0.3568396121263504
645	0.1473531574010849	-0.2095704972743988	-0.3569236546754837
646	0.14726674556732178	-0.20974332094192505	-0.3570100665092468
647	0.14719527959823608	-0.20988625288009644	-0.3570815324783325
648	0.1471027135848999	-0.2100713849067688	-0.3571740984916687
649	0.1470438688993454	-0.2101890742778778	-0.3572329431772232
650	0.14699560403823853	-0.21028560400009155	-0.3572812080383301
651	0.1469016820192337	-0.2104734480381012	-0.3573751300573349
652	0.14680707454681396	-0.21066266298294067	-0.35746973752975464
653	0.1466541737318039	-0.21096846461296082	-0.3576226383447647
654	0.14650718867778778	-0.21126243472099304	-0.3577696233987808
655	0.146245077252388	-0.2117866575717926	-0.3580317348241806
656	0.14600494503974915	-0.2122669219970703	-0.35827186703681946
657	0.14570046961307526	-0.2128758728504181	-0.35857634246349335
658	0.14558453857898712	-0.21310773491859436	-0.3586922734975815
659	0.14543978869915009	-0.21339723467826843	-0.3588370233774185
660	0.14535239338874817	-0.21357202529907227	-0.35892441868782043
661	0.14523296058177948	-0.21381089091300964	-0.3590438514947891
662	0.14515362679958344	-0.21396955847740173	-0.35912318527698517
663	0.14501333236694336	-0.21425014734268188	-0.35926347970962524
664	0.14493028819561005	-0.2144162356853485	-0.35934652388095856
665	0.14483384788036346	-0.21460911631584167	-0.35944296419620514
666	0.14476661384105682	-0.21474358439445496	-0.3595101982355118
667	0.14467833936214447	-0.21492013335227966	-0.35959847271442413
668	0.14461976289749146	-0.2150372862815857	-0.35965704917907715
669	0.14454510807991028	-0.21518659591674805	-0.3597317039966583
670	0.14442232251167297	-0.21543216705322266	-0.35985448956489563
671	0.14435416460037231	-0.21556848287582397	-0.3599226474761963
672	0.14427420496940613	-0.21572840213775635	-0.3600026071071625
673	0.14414635300636292	-0.21598410606384277	-0.3601304590702057
674	0.1440681666135788	-0.216140478849411	-0.3602086454629898
675	0.1439628005027771	-0.2163512110710144	-0.3603140115737915
676	0.14389772713184357	-0.21648135781288147	-0.36037908494472504
677	0.1438160389661789	-0.21664473414421082	-0.3604607731103897
678	0.14376389980316162	-0.21674901247024536	-0.360512912273407
679	0.1437053233385086	-0.2168661653995514	-0.36057148873806
680	0.14358074963092804	-0.21711531281471252	-0.36069606244564056
681	0.14346422255039215	-0.2173483669757843	-0.36081258952617645
682	0.14340169727802277	-0.21747341752052307	-0.36087511479854584
683	0.14332962036132812	-0.21761757135391235	-0.3609471917152405
684	0.1432868242263794	-0.21770316362380981	-0.3609899878501892
685	0.14319828152656555	-0.2178802490234375	-0.36107853055000305
686	0.14315716922283173	-0.21796247363090515	-0.3611196428537369
687	0.14309173822402954	-0.21809333562850952	-0.36118507385253906
688	0.14300458133220673	-0.21826764941215515	-0.3612722307443619
689	0.14288197457790375	-0.2185128629207611	-0.36139483749866486
690	0.14281243085861206	-0.21865195035934448	-0.36146438121795654
691	0.14275041222572327	-0.21877598762512207	-0.36152639985084534
692	0.14270426332950592	-0.21886828541755676	-0.3615725487470627
693	0.14262400567531586	-0.2190288007259369	-0.36165280640125275
694	0.14252012968063354	-0.2192365527153015	-0.36175668239593506
695	0.14246730506420135	-0.2193422019481659	-0.36180950701236725
696	0.1423872411251068	-0.21950232982635498	-0.3618895709514618
697	0.14234501123428345	-0.2195867896080017	-0.36193180084228516
698	0.1422867774963379	-0.21970325708389282	-0.3619900345802307
699	0.1422400027513504	-0.2197968065738678	-0.3620368093252182
700	0.1421956568956375	-0.21988549828529358	-0.3620811551809311
701	0.1421162635087967	-0.22004428505897522	-0.3621605485677719
702	0.14201180636882782	-0.22025319933891296	-0.3622650057077408
703	0.14196014404296875	-0.2203565239906311	-0.36231666803359985
704	0.14189453423023224	-0.22048774361610413	-0.36238227784633636
705	0.1418648213148117	-0.2205471694469452	-0.3624119907617569
706	0.14179030060768127	-0.22069621086120605	-0.36248651146888733
707	0.14170293509960175	-0.2208709418773651	-0.36257387697696686
708	0.14164882898330688	-0.22097915410995483	-0.3626279830932617
709	0.14158257842063904	-0.22111165523529053	-0.36269423365592957
710	0.1415395885705948	-0.22119763493537903	-0.3627372235059738
711	0.1414955109357834	-0.22128579020500183	-0.3627813011407852
712	0.14145569503307343	-0.22136542201042175	-0.3628211170434952
713	0.14142663776874542	-0.22142353653907776	-0.3628501743078232
714	0.14135219156742096	-0.22157242894172668	-0.36292462050914764
715	0.1412663757801056	-0.22174406051635742	-0.363010436296463
716	0.14122715592384338	-0.22182250022888184	-0.3630496561527252
717	0.14116264879703522	-0.22195151448249817	-0.3631141632795334
718	0.14113345742225647	-0.22200989723205566	-0.36314335465431213
719	0.1410903036594391	-0.22209620475769043	-0.3631865084171295
720	0.1410508006811142	-0.2221752107143402	-0.3632260113954544
721	0.14095011353492737	-0.22237658500671387	-0.36332669854164124
722	0.1409006416797638	-0.22247552871704102	-0.3633761703968048
723	0.14085495471954346	-0.2225669026374817	-0.36342185735702515
724	0.1408265233039856	-0.2226237654685974	-0.363450288772583
725	0.1407901644706726	-0.2226964831352234	-0.363486647605896
726	0.14077414572238922	-0.22272852063179016	-0.3635026663541794
727	0.14075967669487	-0.2227574586868286	-0.3635171353816986
728	0.1407473087310791	-0.2227821946144104	-0.3635295033454895
729	0.14073443412780762	-0.22280794382095337	-0.363542377948761
730	0.14072126150131226	-0.2228342890739441	-0.36355555057525635
731	0.14070715010166168	-0.22286251187324524	-0.3635696619749069
732	0.1406913846731186	-0.22289404273033142	-0.36358542740345
733	0.14067275822162628	-0.22293129563331604	-0.3636040538549423
734	0.14064724743366241	-0.22298231720924377	-0.3636295646429062
735	0.13996802270412445	-0.2243407666683197	-0.36430878937244415
736	0.1396014243364334	-0.22507396340370178	-0.3646753877401352
737	0.1392955183982849	-0.22568577527999878	-0.3649812936782837
738	0.13908597826957703	-0.22610485553741455	-0.3651908338069916
739	0.13894107937812805	-0.2263946533203125	-0.36533573269844055
740	0.13882677257061005	-0.2266232669353485	-0.36545003950595856
741	0.13873592019081116	-0.2268049716949463	-0.36554089188575745
742	0.13866598904132843	-0.22694483399391174	-0.3656108230352402
743	0.1386031210422516	-0.22707056999206543	-0.365673691034317
744	0.13838477432727814	-0.22750726342201233	-0.36589203774929047
745	0.13824032247066498	-0.22779616713523865	-0.3660364896059036
746	0.13817322254180908	-0.22793036699295044	-0.3661035895347595
747	0.13804256916046143	-0.22819167375564575	-0.3662342429161072
748	0.13785675168037415	-0.2285633087158203	-0.36642006039619446
749	0.13774244487285614	-0.22879192233085632	-0.36653436720371246
750	0.13769596815109253	-0.22888487577438354	-0.3665808439254761
751	0.13750772178173065	-0.2292613685131073	-0.36676909029483795
752	0.13735148310661316	-0.22957384586334229	-0.36692532896995544
753	0.13726221024990082	-0.22975239157676697	-0.3670146018266678
754	0.13718877732753754	-0.22989925742149353	-0.36708803474903107
755	0.1369953602552414	-0.23028609156608582	-0.3672814518213272
756	0.13686396181583405	-0.2305488884449005	-0.36741285026073456
757	0.13679556548595428	-0.23068568110466003	-0.3674812465906143
758	0.13666890561580658	-0.23093900084495544	-0.367607906460762
759	0.13650068640708923	-0.23127543926239014	-0.36777612566947937
760	0.13639265298843384	-0.23149150609970093	-0.36788415908813477
761	0.13634319603443146	-0.2315904200077057	-0.36793361604213715
762	0.13616934418678284	-0.23193812370300293	-0.36810746788978577
763	0.1360235959291458	-0.23222962021827698	-0.3682532161474228
764	0.13593599200248718	-0.23240482807159424	-0.3683408200740814
765	0.13586042821407318	-0.23255595564842224	-0.3684163838624954
766	0.1356872320175171	-0.23290234804153442	-0.3685895800590515
767	0.13556213676929474	-0.23315253853797913	-0.36871467530727386
768	0.13549348711967468	-0.23328983783721924	-0.3687833249568939
769	0.13537128269672394	-0.23353424668312073	-0.36890552937984467
770	0.13522173464298248	-0.23383334279060364	-0.3690550774335861
771	0.13511665165424347	-0.23404350876808167	-0.36916016042232513
772	0.1350662112236023	-0.234144389629364	-0.3692106008529663
773	0.1349007934331894	-0.23447522521018982	-0.3693760186433792
774	0.134773850440979	-0.2347291111946106	-0.3695029616355896
775	0.13468722999095917	-0.23490235209465027	-0.36958958208560944
776	0.1346052885055542	-0.2350662350654602	-0.3696715235710144
777	0.13444896042346954	-0.23537889122962952	-0.36982785165309906
778	0.13434241712093353	-0.23559197783470154	-0.36993439495563507
779	0.13426139950752258	-0.23575401306152344	-0.370015412569046
780	0.13414670526981354	-0.23598340153694153	-0.37013010680675507
781	0.13408368825912476	-0.2361094355583191	-0.37019312381744385
782	0.13392946124076843	-0.23641788959503174	-0.37034735083580017
783	0.1337980031967163	-0.236680805683136	-0.3704788088798523
784	0.1337011307477951	-0.2368745505809784	-0.3705756813287735
785	0.13362058997154236	-0.2370356321334839	-0.37065622210502625
786	0.13346700370311737	-0.23734280467033386	-0.37080980837345123
787	0.13335391879081726	-0.23756897449493408	-0.37092289328575134
788	0.1332731693983078	-0.237730473279953	-0.3710036426782608
789	0.13315628468990326	-0.23796424269676208	-0.37112052738666534
790	0.1330227553844452	-0.23823130130767822	-0.3712540566921234
791	0.13292557001113892	-0.23842567205429077	-0.3713512420654297
792	0.13285914063453674	-0.23855853080749512	-0.37141767144203186
793	0.13270871341228485	-0.2388593852519989	-0.37156809866428375
794	0.1325928121805191	-0.2390911877155304	-0.3716839998960495
795	0.13251017034053802	-0.23925647139549255	-0.3717666417360306
796	0.13241451978683472	-0.23944777250289917	-0.3718622922897339
797	0.13227584958076477	-0.23972511291503906	-0.37200096249580383
798	0.13217754662036896	-0.2399217188358307	-0.37209926545619965
799	0.13210944831371307	-0.24005791544914246	-0.37216736376285553
800	0.1319798231124878	-0.24031716585159302	-0.3722969889640808
801	0.131859689950943	-0.24055743217468262	-0.3724171221256256
802	0.13177761435508728	-0.24072158336639404	-0.3724991977214813
803	0.13170157372951508	-0.24087366461753845	-0.37257523834705353
804	0.1315619945526123	-0.241152822971344	-0.3727148175239563
805	0.13145940005779266	-0.24135801196098328	-0.37281741201877594
806	0.1313929706811905	-0.24149087071418762	-0.3728838413953781
807	0.13128170371055603	-0.24171340465545654	-0.3729951083660126
808	0.1311604082584381	-0.24195599555969238	-0.3731164038181305
809	0.1310759335756302	-0.24212494492530823	-0.3732008785009384
810	0.1310160607099533	-0.242244690656662	-0.3732607513666153
811	0.13090553879737854	-0.24246573448181152	-0.37337127327919006
812	0.13076245784759521	-0.24275189638137817	-0.3735143542289734
813	0.13068559765815735	-0.2429056167602539	-0.37359121441841125
814	0.13059641420841217	-0.24308398365974426	-0.37368039786815643
815	0.1305331140756607	-0.2432105839252472	-0.3737436980009079
816	0.1303969770669937	-0.24348285794258118	-0.3738798350095749
817	0.13028234243392944	-0.24371212720870972	-0.37399446964263916
818	0.13020314276218414	-0.24387052655220032	-0.37407366931438446
819	0.13011781871318817	-0.24404117465019226	-0.37415899336338043
820	0.12998633086681366	-0.24430415034294128	-0.37429048120975494
821	0.1298891007900238	-0.244498610496521	-0.3743877112865448
822	0.12982577085494995	-0.2446252703666687	-0.37445104122161865
823	0.12970615923404694	-0.24486449360847473	-0.37457065284252167
824	0.12959182262420654	-0.24509316682815552	-0.37468498945236206
825	0.12951189279556274	-0.24525302648544312	-0.37476491928100586
826	0.12944011390209198	-0.24539658427238464	-0.3748366981744766
827	0.12931190431118011	-0.24565300345420837	-0.3749649077653885
828	0.12921449542045593	-0.24584782123565674	-0.37506231665611267
829	0.12914863228797913	-0.24597954750061035	-0.3751281797885895
830	0.129044771194458	-0.2461872696876526	-0.3752320408821106
831	0.12893155217170715	-0.2464137077331543	-0.37534525990486145
832	0.1288497895002365	-0.24657723307609558	-0.3754270225763321
833	0.12875133752822876	-0.24677413702011108	-0.37552547454833984
834	0.128658726811409	-0.2469593584537506	-0.3756180852651596
835	0.12859392166137695	-0.2470889687538147	-0.37568289041519165
836	0.1284639835357666	-0.2473488450050354	-0.375812828540802
837	0.12835624814033508	-0.24756431579589844	-0.3759205639362335
838	0.12827710807323456	-0.2477225959300995	-0.37599970400333405
839	0.12818977236747742	-0.24789726734161377	-0.3760870397090912
840	0.12806744873523712	-0.24814191460609436	-0.3762093633413315
841	0.1279742270708084	-0.24832835793495178	-0.3763025850057602
842	0.12790799140930176	-0.2484608292579651	-0.37636882066726685
843	0.127792090177536	-0.24869263172149658	-0.3764847218990326
844	0.12768426537513733	-0.24890828132629395	-0.3765925467014313
845	0.12760545313358307	-0.24906590580940247	-0.37667135894298553
846	0.12752865254878998	-0.24921950697898865	-0.3767481595277786
847	0.12740875780582428	-0.24945929646492004	-0.3768680542707443
848	0.1273166537284851	-0.2496435046195984	-0.3769601583480835
849	0.12724906206130981	-0.24977868795394897	-0.3770277500152588
850	0.1271813064813614	-0.24991419911384583	-0.3770955055952072
851	0.12707723677158356	-0.2501223385334015	-0.37719957530498505
852	0.12696956098079681	-0.250337690114975	-0.3773072510957718
853	0.12688954174518585	-0.2504977285861969	-0.37738727033138275
854	0.1268213540315628	-0.250634104013443	-0.3774554580450058
855	0.12670321762561798	-0.25087037682533264	-0.3775735944509506
856	0.12661010026931763	-0.25105661153793335	-0.377666711807251
857	0.12654432654380798	-0.25118815898895264	-0.3777324855327606
858	0.12644751369953156	-0.2513817846775055	-0.37782929837703705
859	0.12634363770484924	-0.2515895366668701	-0.37793317437171936
860	0.12626467645168304	-0.2517474591732025	-0.37801213562488556
861	0.126201331615448	-0.2518741488456726	-0.3780754804611206
862	0.12608738243579865	-0.2521020472049713	-0.37818942964076996
863	0.12599700689315796	-0.2522827982902527	-0.37827980518341064
864	0.12593187391757965	-0.2524130642414093	-0.37834493815898895
865	0.12584027647972107	-0.25259625911712646	-0.37843653559684753
866	0.1257399469614029	-0.2527969181537628	-0.3785368651151657
867	0.12566308677196503	-0.25295063853263855	-0.3786137253046036
868	0.12560197710990906	-0.2530728578567505	-0.37867483496665955
869	0.12550799548625946	-0.2532608211040497	-0.37876881659030914
870	0.12546630203723907	-0.25334420800209045	-0.37881051003932953
871	0.1254204660654068	-0.253435879945755	-0.3788563460111618
872	0.12518249452114105	-0.2539118230342865	-0.37909431755542755
873	0.12502212822437286	-0.2542325556278229	-0.37925468385219574
874	0.12475679069757462	-0.2547632306814194	-0.379520021378994
875	0.12444644421339035	-0.2553839236497879	-0.37983036786317825
876	0.1243172362446785	-0.2556423395872116	-0.3799595758318901
877	0.12427732348442078	-0.25572216510772705	-0.3799994885921478
878	0.12416563183069229	-0.255945548415184	-0.3801111802458763
879	0.12406854331493378	-0.25613972544670105	-0.3802082687616348
880	0.1240139901638031	-0.2562488317489624	-0.3802628219127655
881	0.12398339807987213	-0.25631001591682434	-0.38029341399669647
882	0.12394925206899643	-0.25637830793857574	-0.3803275600075722
883	0.1238495260477066	-0.2565777599811554	-0.380427286028862
884	0.12375787645578384	-0.2567610591650009	-0.38051893562078476
885	0.12370835989713669	-0.2568600922822952	-0.3805684521794319
886	0.12367358058691025	-0.2569296509027481	-0.38060323148965836
887	0.12364515662193298	-0.25698649883270264	-0.3806316554546356
888	0.12355760484933853	-0.25716160237789154	-0.38071920722723007
889	0.12347321212291718	-0.25733038783073425	-0.38080359995365143
890	0.12342888861894608	-0.25741903483867645	-0.38084792345762253
891	0.1233893409371376	-0.2574981302022934	-0.380887471139431
892	0.12336455285549164	-0.2575477063655853	-0.38091225922107697
893	0.12328849732875824	-0.2576998174190521	-0.38098831474781036
894	0.1232103630900383	-0.257856085896492	-0.3810664489865303
895	0.12317276746034622	-0.25793127715587616	-0.3811040446162224
896	0.12312611937522888	-0.25802457332611084	-0.3811506927013397
897	0.12310721725225449	-0.25806237757205963	-0.3811695948243141
898	0.12304020673036575	-0.2581963986158371	-0.38123660534620285
899	0.12296877801418304	-0.2583392560482025	-0.38130803406238556
900	0.12293602526187897	-0.25840476155281067	-0.38134078681468964
901	0.12288355082273483	-0.25850971043109894	-0.38139326125383377
902	0.12285962700843811	-0.2585575580596924	-0.3814171850681305
903	0.12282657623291016	-0.2586236596107483	-0.38145023584365845
904	0.12279348820447922	-0.25868983566761017	-0.3814833238720894
905	0.12270786613225937	-0.25886107981204987	-0.38156894594430923
906	0.12266159802675247	-0.25895361602306366	-0.38161521404981613
907	0.12263086438179016	-0.2590150833129883	-0.38164594769477844
908	0.12260328978300095	-0.2590702325105667	-0.38167352229356766
909	0.12256986647844315	-0.2591370791196823	-0.38170694559812546
910	0.12255100905895233	-0.25917479395866394	-0.38172580301761627
911	0.12250065803527832	-0.25927549600601196	-0.3817761540412903
912	0.1224282830953598	-0.259420245885849	-0.3818485289812088
913	0.12239424139261246	-0.2594883292913437	-0.38188257068395615
914	0.12235703319311142	-0.25956274569034576	-0.3819197788834572
915	0.12234162539243698	-0.25959356129169464	-0.3819351866841316
916	0.12230011820793152	-0.25967657566070557	-0.3819766938686371
917	0.12223150581121445	-0.2598138004541397	-0.38204530626535416
918	0.1222015842795372	-0.2598736435174942	-0.3820752277970314
919	0.1221584752202034	-0.2599598616361618	-0.3821183368563652
920	0.12214097380638123	-0.25999486446380615	-0.3821358382701874
921	0.12211132794618607	-0.26005415618419647	-0.38216548413038254
922	0.1221003606915474	-0.2600760906934738	-0.3821764513850212
923	0.12208870053291321	-0.2600994110107422	-0.3821881115436554
924	0.1220170333981514	-0.2602427452802658	-0.3822597786784172
925	0.12195198982954025	-0.2603728324174881	-0.38232482224702835
926	0.12192627042531967	-0.26042427122592926	-0.38235054165124893
927	0.12190792709589005	-0.2604609578847885	-0.38236888498067856
928	0.12190118432044983	-0.26047444343566895	-0.3823756277561188
929	0.1218871921300888	-0.260502427816391	-0.3823896199464798
930	0.1218871921300888	-0.260502427816391	-0.3823896199464798
931	0.1218871921300888	-0.260502427816391	-0.3823896199464798
932	0.1218871921300888	-0.260502427816391	-0.3823896199464798
933	0.1218871921300888	-0.260502427816391	-0.3823896199464798
934	0.1218871921300888	-0.260502427816391	-0.3823896199464798
935	0.1218871921300888	-0.260502427816391	-0.3823896199464798
936	0.1218871921300888	-0.260502427816391	-0.3823896199464798
937	0.1218871921300888	-0.260502427816391	-0.3823896199464798
938	0.1218871921300888	-0.260502427816391	-0.3823896199464798
939	0.1218871921300888	-0.260502427816391	-0.3823896199464798
940	0.1218871921300888	-0.260502427816391	-0.3823896199464798
941	0.1218871921300888	-0.260502427816391	-0.3823896199464798
942	0.1218871921300888	-0.260502427816391	-0.3823896199464798
943	0.1218871921300888	-0.260502427816391	-0.3823896199464798
944	0.1218871921300888	-0.260502427816391	-0.3823896199464798
945	0.1218871921300888	-0.260502427816391	-0.3823896199464798
946	0.1218871921300888	-0.260502427816391	-0.3823896199464798
947	0.1218871921300888	-0.260502427816391	-0.3823896199464798
948	0.1218871921300888	-0.260502427816391	-0.3823896199464798
949	0.1218871921300888	-0.260502427816391	-0.3823896199464798
950	0.1218871921300888	-0.260502427816391	-0.3823896199464798
951	0.1218871921300888	-0.260502427816391	-0.3823896199464798
952	0.1218871921300888	-0.260502427816391	-0.3823896199464798
953	0.1218871921300888	-0.260502427816391	-0.3823896199464798
954	0.1218871921300888	-0.260502427816391	-0.3823896199464798
955	0.1218871921300888	-0.260502427816391	-0.3823896199464798
956	0.1218871921300888	-0.260502427816391	-0.3823896199464798
957	0.1218871921300888	-0.260502427816391	-0.3823896199464798
958	0.1218871921300888	-0.260502427816391	-0.3823896199464798
959	0.1218871921300888	-0.260502427816391	-0.3823896199464798
960	0.1218871921300888	-0.260502427816391	-0.3823896199464798
961	0.1218871921300888	-0.260502427816391	-0.3823896199464798
962	0.1218871921300888	-0.260502427816391	-0.3823896199464798
963	0.1218871921300888	-0.260502427816391	-0.3823896199464798
964	0.1218871921300888	-0.260502427816391	-0.3823896199464798
965	0.1218871921300888	-0.260502427816391	-0.3823896199464798
966	0.1218871921300888	-0.260502427816391	-0.3823896199464798
967	0.1218871921300888	-0.260502427816391	-0.3823896199464798
968	0.1218871921300888	-0.260502427816391	-0.3823896199464798
969	0.1218871921300888	-0.260502427816391	-0.3823896199464798
970	0.1218871921300888	-0.260502427816391	-0.3823896199464798
971	0.1218871921300888	-0.260502427816391	-0.3823896199464798
972	0.1218871921300888	-0.260502427816391	-0.3823896199464798
973	0.1218871921300888	-0.260502427816391	-0.3823896199464798
974	0.1218871921300888	-0.260502427816391	-0.3823896199464798
975	0.1218871921300888	-0.260502427816391	-0.3823896199464798
976	0.1218871921300888	-0.260502427816391	-0.3823896199464798
977	0.1218871921300888	-0.260502427816391	-0.3823896199464798
978	0.1218871921300888	-0.260502427816391	-0.3823896199464798
979	0.1218871921300888	-0.260502427816391	-0.3823896199464798
980	0.1218871921300888	-0.260502427816391	-0.3823896199464798
981	0.1218871921300888	-0.260502427816391	-0.3823896199464798
982	0.1218871921300888	-0.260502427816391	-0.3823896199464798
983	0.1218871921300888	-0.260502427816391	-0.3823896199464798
984	0.1218871921300888	-0.260502427816391	-0.3823896199464798
985	0.1218871921300888	-0.260502427816391	-0.3823896199464798
986	0.1218871921300888	-0.260502427816391	-0.3823896199464798
987	0.1218871921300888	-0.260502427816391	-0.3823896199464798
988	0.1218871921300888	-0.260502427816391	-0.3823896199464798
989	0.1218871921300888	-0.260502427816391	-0.3823896199464798
990	0.1218871921300888	-0.260502427816391	-0.3823896199464798
991	0.1218871921300888	-0.260502427816391	-0.3823896199464798
992	0.1218871921300888	-0.260502427816391	-0.3823896199464798
993	0.1218871921300888	-0.260502427816391	-0.3823896199464798
994	0.1218871921300888	-0.260502427816391	-0.3823896199464798
995	0.1218871921300888	-0.260502427816391	-0.3823896199464798
996	0.1218871921300888	-0.260502427816391	-0.3823896199464798
997	0.1218871921300888	-0.260502427816391	-0.3823896199464798
998	0.1218871921300888	-0.260502427816391	-0.3823896199464798
999	0.1218871921300888	-0.260502427816391	-0.3823896199464798
1000	0.1218871921300888	-0.260502427816391	-0.3823896199464798
1001	0.1218871921300888	-0.260502427816391	-0.3823896199464798
1002	0.1218871921300888	-0.260502427816391	-0.3823896199464798
1003	0.1218871921300888	-0.260502427816391	-0.3823896199464798
1004	0.1218871921300888	-0.260502427816391	-0.3823896199464798
1005	0.1218871921300888	-0.260502427816391	-0.3823896199464798
1006	0.1218871921300888	-0.260502427816391	-0.3823896199464798
1007	0.1218871921300888	-0.260502427816391	-0.3823896199464798
1008	0.1218871921300888	-0.260502427816391	-0.3823896199464798
1009	0.1218871921300888	-0.260502427816391	-0.3823896199464798
1010	0.1218871921300888	-0.260502427816391	-0.3823896199464798
1011	0.1218871921300888	-0.260502427816391	-0.3823896199464798
1012	0.1218871921300888	-0.260502427816391	-0.3823896199464798
1013	0.1218871921300888	-0.260502427816391	-0.3823896199464798
1014	0.1218871921300888	-0.260502427816391	-0.3823896199464798
1015	0.1218871921300888	-0.260502427816391	-0.3823896199464798
1016	0.1218871921300888	-0.260502427816391	-0.3823896199464798
1017	0.1218871921300888	-0.260502427816391	-0.3823896199464798
1018	0.1218871921300888	-0.260502427816391	-0.3823896199464798
1019	0.1218871921300888	-0.260502427816391	-0.3823896199464798
1020	0.1218871921300888	-0.260502427816391	-0.3823896199464798
1021	0.1218871921300888	-0.260502427816391	-0.3823896199464798
1022	0.1218871921300888	-0.260502427816391	-0.3823896199464798
1023	0.1218871921300888	-0.260502427816391	-0.3823896199464798
1024	0.1218871921300888	-0.260502427816391	-0.3823896199464798
1025	0.1218871921300888	-0.260502427816391	-0.3823896199464798
1026	0.1218871921300888	-0.260502427816391	-0.3823896199464798
1027	0.1218871921300888	-0.260502427816391	-0.3823896199464798
1028	0.1218871921300888	-0.260502427816391	-0.3823896199464798
1029	0.1218871921300888	-0.260502427816391	-0.3823896199464798
1030	0.1218871921300888	-0.260502427816391	-0.3823896199464798
1031	0.1218871921300888	-0.260502427816391	-0.3823896199464798
1032	0.1218871921300888	-0.260502427816391	-0.3823896199464798
1033	0.1218871921300888	-0.260502427816391	-0.3823896199464798
1034	0.1218871921300888	-0.260502427816391	-0.3823896199464798
1035	0.1218871921300888	-0.260502427816391	-0.3823896199464798
1036	0.1218871921300888	-0.260502427816391	-0.3823896199464798
1037	0.1218871921300888	-0.260502427816391	-0.3823896199464798
1038	0.1218871921300888	-0.260502427816391	-0.3823896199464798
1039	0.1218871921300888	-0.260502427816391	-0.3823896199464798
1040	0.1218871921300888	-0.260502427816391	-0.3823896199464798
1041	0.1218871921300888	-0.260502427816391	-0.3823896199464798
1042	0.1218871921300888	-0.260502427816391	-0.3823896199464798
1043	0.1218871921300888	-0.260502427816391	-0.3823896199464798
1044	0.1218871921300888	-0.260502427816391	-0.3823896199464798
1045	0.1218871921300888	-0.260502427816391	-0.3823896199464798
1046	0.1218871921300888	-0.260502427816391	-0.3823896199464798
1047	0.1218871921300888	-0.260502427816391	-0.3823896199464798
1048	0.1218871921300888	-0.260502427816391	-0.3823896199464798
1049	0.1218871921300888	-0.260502427816391	-0.3823896199464798
1050	0.1218871921300888	-0.260502427816391	-0.3823896199464798
1051	0.1218871921300888	-0.260502427816391	-0.3823896199464798
1052	0.1218871921300888	-0.260502427816391	-0.3823896199464798
1053	0.1218871921300888	-0.260502427816391	-0.3823896199464798
1054	0.1218871921300888	-0.260502427816391	-0.3823896199464798
1055	0.1218871921300888	-0.260502427816391	-0.3823896199464798
1056	0.1218871921300888	-0.260502427816391	-0.3823896199464798
1057	0.1218871921300888	-0.260502427816391	-0.3823896199464798
1058	0.1218871921300888	-0.260502427816391	-0.3823896199464798
1059	0.1218871921300888	-0.260502427816391	-0.3823896199464798
1060	0.1218871921300888	-0.260502427816391	-0.3823896199464798
1061	0.1218871921300888	-0.260502427816391	-0.3823896199464798
1062	0.1218871921300888	-0.260502427816391	-0.3823896199464798
1063	0.1218871921300888	-0.260502427816391	-0.3823896199464798
1064	0.1218871921300888	-0.260502427816391	-0.3823896199464798
1065	0.1218871921300888	-0.260502427816391	-0.3823896199464798
1066	0.1218871921300888	-0.260502427816391	-0.3823896199464798
1067	0.1218871921300888	-0.260502427816391	-0.3823896199464798
1068	0.1218871921300888	-0.260502427816391	-0.3823896199464798
1069	0.1218871921300888	-0.260502427816391	-0.3823896199464798
1070	0.1218871921300888	-0.260502427816391	-0.3823896199464798
1071	0.1218871921300888	-0.260502427816391	-0.3823896199464798
1072	0.1218871921300888	-0.260502427816391	-0.3823896199464798
1073	0.1218871921300888	-0.260502427816391	-0.3823896199464798
1074	0.1218871921300888	-0.260502427816391	-0.3823896199464798
1075	0.1218871921300888	-0.260502427816391	-0.3823896199464798
1076	0.1218871921300888	-0.260502427816391	-0.3823896199464798
1077	0.1218871921300888	-0.260502427816391	-0.3823896199464798
1078	0.1218871921300888	-0.260502427816391	-0.3823896199464798
1079	0.1218871921300888	-0.260502427816391	-0.3823896199464798
1080	0.1218871921300888	-0.260502427816391	-0.3823896199464798
1081	0.1218871921300888	-0.260502427816391	-0.3823896199464798
1082	0.1218871921300888	-0.260502427816391	-0.3823896199464798
1083	0.1218871921300888	-0.260502427816391	-0.3823896199464798
1084	0.1218871921300888	-0.260502427816391	-0.3823896199464798
1085	0.1218871921300888	-0.260502427816391	-0.3823896199464798
1086	0.1218871921300888	-0.260502427816391	-0.3823896199464798
1087	0.1218871921300888	-0.260502427816391	-0.3823896199464798
1088	0.1218871921300888	-0.260502427816391	-0.3823896199464798
1089	0.1218871921300888	-0.260502427816391	-0.3823896199464798
1090	0.1218871921300888	-0.260502427816391	-0.3823896199464798
1091	0.1218871921300888	-0.260502427816391	-0.3823896199464798
1092	0.1218871921300888	-0.260502427816391	-0.3823896199464798
1093	0.1218871921300888	-0.260502427816391	-0.3823896199464798
1094	0.1218871921300888	-0.260502427816391	-0.3823896199464798
1095	0.1218871921300888	-0.260502427816391	-0.3823896199464798
1096	0.1218871921300888	-0.260502427816391	-0.3823896199464798
1097	0.1218871921300888	-0.260502427816391	-0.3823896199464798
1098	0.1218871921300888	-0.260502427816391	-0.3823896199464798
1099	0.1218871921300888	-0.260502427816391	-0.3823896199464798
1100	0.1218871921300888	-0.260502427816391	-0.3823896199464798
1101	0.1218871921300888	-0.260502427816391	-0.3823896199464798
1102	0.1218871921300888	-0.260502427816391	-0.3823896199464798
1103	0.1218871921300888	-0.260502427816391	-0.3823896199464798
1104	0.1218871921300888	-0.260502427816391	-0.3823896199464798
1105	0.1218871921300888	-0.260502427816391	-0.3823896199464798
1106	0.1218871921300888	-0.260502427816391	-0.3823896199464798
1107	0.1218871921300888	-0.260502427816391	-0.3823896199464798
1108	0.1218871921300888	-0.260502427816391	-0.3823896199464798
1109	0.1218871921300888	-0.260502427816391	-0.3823896199464798
1110	0.1218871921300888	-0.260502427816391	-0.3823896199464798
1111	0.1218871921300888	-0.260502427816391	-0.3823896199464798
1112	0.1218871921300888	-0.260502427816391	-0.3823896199464798
1113	0.1218871921300888	-0.260502427816391	-0.3823896199464798
1114	0.1218871921300888	-0.260502427816391	-0.3823896199464798
1115	0.1218871921300888	-0.260502427816391	-0.3823896199464798
1116	0.1218871921300888	-0.260502427816391	-0.3823896199464798
1117	0.1218871921300888	-0.260502427816391	-0.3823896199464798
1118	0.1218871921300888	-0.260502427816391	-0.3823896199464798
1119	0.1218871921300888	-0.260502427816391	-0.3823896199464798
1120	0.1218871921300888	-0.260502427816391	-0.3823896199464798
1121	0.1218871921300888	-0.260502427816391	-0.3823896199464798
1122	0.1218871921300888	-0.260502427816391	-0.3823896199464798
1123	0.1218871921300888	-0.260502427816391	-0.3823896199464798
1124	0.1218871921300888	-0.260502427816391	-0.3823896199464798
1125	0.1218871921300888	-0.260502427816391	-0.3823896199464798
1126	0.1218871921300888	-0.260502427816391	-0.3823896199464798
1127	0.1218871921300888	-0.260502427816391	-0.3823896199464798
1128	0.1218871921300888	-0.260502427816391	-0.3823896199464798
1129	0.1218871921300888	-0.260502427816391	-0.3823896199464798
1130	0.1218871921300888	-0.260502427816391	-0.3823896199464798
1131	0.1218871921300888	-0.260502427816391	-0.3823896199464798
1132	0.1218871921300888	-0.260502427816391	-0.3823896199464798
1133	0.1218871921300888	-0.260502427816391	-0.3823896199464798
1134	0.1218871921300888	-0.260502427816391	-0.3823896199464798
1135	0.1218871921300888	-0.260502427816391	-0.3823896199464798
1136	0.1218871921300888	-0.260502427816391	-0.3823896199464798
1137	0.1218871921300888	-0.260502427816391	-0.3823896199464798
1138	0.1218871921300888	-0.260502427816391	-0.3823896199464798
1139	0.1218871921300888	-0.260502427816391	-0.3823896199464798
1140	0.1218871921300888	-0.260502427816391	-0.3823896199464798
1141	0.1218871921300888	-0.260502427816391	-0.3823896199464798
1142	0.1218871921300888	-0.260502427816391	-0.3823896199464798
1143	0.1218871921300888	-0.260502427816391	-0.3823896199464798
1144	0.1218871921300888	-0.260502427816391	-0.3823896199464798
1145	0.1218871921300888	-0.260502427816391	-0.3823896199464798
1146	0.1218871921300888	-0.260502427816391	-0.3823896199464798
1147	0.1218871921300888	-0.260502427816391	-0.3823896199464798
1148	0.1218871921300888	-0.260502427816391	-0.3823896199464798
1149	0.1218871921300888	-0.260502427816391	-0.3823896199464798
1150	0.1218871921300888	-0.260502427816391	-0.3823896199464798
1151	0.1218871921300888	-0.260502427816391	-0.3823896199464798
1152	0.1218871921300888	-0.260502427816391	-0.3823896199464798
1153	0.1218871921300888	-0.260502427816391	-0.3823896199464798
1154	0.1218871921300888	-0.260502427816391	-0.3823896199464798
1155	0.1218871921300888	-0.260502427816391	-0.3823896199464798
1156	0.1218871921300888	-0.260502427816391	-0.3823896199464798
1157	0.1218871921300888	-0.260502427816391	-0.3823896199464798
1158	0.1218871921300888	-0.260502427816391	-0.3823896199464798
1159	0.1218871921300888	-0.260502427816391	-0.3823896199464798
1160	0.1218871921300888	-0.260502427816391	-0.3823896199464798
1161	0.1218871921300888	-0.260502427816391	-0.3823896199464798
1162	0.1218871921300888	-0.260502427816391	-0.3823896199464798
1163	0.1218871921300888	-0.260502427816391	-0.3823896199464798
1164	0.1218871921300888	-0.260502427816391	-0.3823896199464798
1165	0.1218871921300888	-0.260502427816391	-0.3823896199464798
1166	0.1218871921300888	-0.260502427816391	-0.3823896199464798
1167	0.1218871921300888	-0.260502427816391	-0.3823896199464798
1168	0.1218871921300888	-0.260502427816391	-0.3823896199464798
1169	0.1218871921300888	-0.260502427816391	-0.3823896199464798
1170	0.1218871921300888	-0.260502427816391	-0.3823896199464798
1171	0.1218871921300888	-0.260502427816391	-0.3823896199464798
1172	0.1218871921300888	-0.260502427816391	-0.3823896199464798
1173	0.1218871921300888	-0.260502427816391	-0.3823896199464798
1174	0.1218871921300888	-0.260502427816391	-0.3823896199464798
1175	0.1218871921300888	-0.260502427816391	-0.3823896199464798
1176	0.1218871921300888	-0.260502427816391	-0.3823896199464798
1177	0.1218871921300888	-0.260502427816391	-0.3823896199464798
1178	0.1218871921300888	-0.260502427816391	-0.3823896199464798
1179	0.1218871921300888	-0.260502427816391	-0.3823896199464798
1180	0.1218871921300888	-0.260502427816391	-0.3823896199464798
1181	0.1218871921300888	-0.260502427816391	-0.3823896199464798
1182	0.1218871921300888	-0.260502427816391	-0.3823896199464798
1183	0.1218871921300888	-0.260502427816391	-0.3823896199464798
1184	0.1218871921300888	-0.260502427816391	-0.3823896199464798
1185	0.1218871921300888	-0.260502427816391	-0.3823896199464798
1186	0.1218871921300888	-0.260502427816391	-0.3823896199464798
1187	0.1218871921300888	-0.260502427816391	-0.3823896199464798
1188	0.1218871921300888	-0.260502427816391	-0.3823896199464798
1189	0.1218871921300888	-0.260502427816391	-0.3823896199464798
1190	0.1218871921300888	-0.260502427816391	-0.3823896199464798
1191	0.1218871921300888	-0.260502427816391	-0.3823896199464798
1192	0.1218871921300888	-0.260502427816391	-0.3823896199464798
1193	0.1218871921300888	-0.260502427816391	-0.3823896199464798
1194	0.1218871921300888	-0.260502427816391	-0.3823896199464798
1195	0.1218871921300888	-0.260502427816391	-0.3823896199464798
1196	0.1218871921300888	-0.260502427816391	-0.3823896199464798
1197	0.1218871921300888	-0.260502427816391	-0.3823896199464798
1198	0.1218871921300888	-0.260502427816391	-0.3823896199464798
1199	0.1218871921300888	-0.260502427816391	-0.3823896199464798
1200	0.1218871921300888	-0.260502427816391	-0.3823896199464798
1201	0.1218871921300888	-0.260502427816391	-0.3823896199464798
1202	0.1218871921300888	-0.260502427816391	-0.3823896199464798
1203	0.1218871921300888	-0.260502427816391	-0.3823896199464798
1204	0.1218871921300888	-0.260502427816391	-0.3823896199464798
1205	0.1218871921300888	-0.260502427816391	-0.3823896199464798
1206	0.1218871921300888	-0.260502427816391	-0.3823896199464798
1207	0.1218871921300888	-0.260502427816391	-0.3823896199464798
1208	0.1218871921300888	-0.260502427816391	-0.3823896199464798
1209	0.1218871921300888	-0.260502427816391	-0.3823896199464798
1210	0.1218871921300888	-0.260502427816391	-0.3823896199464798
1211	0.1218871921300888	-0.260502427816391	-0.3823896199464798
1212	0.1218871921300888	-0.260502427816391	-0.3823896199464798
1213	0.1218871921300888	-0.260502427816391	-0.3823896199464798
1214	0.1218871921300888	-0.260502427816391	-0.3823896199464798
1215	0.1218871921300888	-0.260502427816391	-0.3823896199464798
1216	0.1218871921300888	-0.260502427816391	-0.3823896199464798
1217	0.1218871921300888	-0.260502427816391	-0.3823896199464798
1218	0.1218871921300888	-0.260502427816391	-0.3823896199464798
1219	0.1218871921300888	-0.260502427816391	-0.3823896199464798
1220	0.1218871921300888	-0.260502427816391	-0.3823896199464798
1221	0.1218871921300888	-0.260502427816391	-0.3823896199464798
1222	0.1218871921300888	-0.260502427816391	-0.3823896199464798
1223	0.1218871921300888	-0.260502427816391	-0.3823896199464798
1224	0.1218871921300888	-0.260502427816391	-0.3823896199464798
1225	0.1218871921300888	-0.260502427816391	-0.3823896199464798
1226	0.1218871921300888	-0.260502427816391	-0.3823896199464798
1227	0.1218871921300888	-0.260502427816391	-0.3823896199464798
1228	0.1218871921300888	-0.260502427816391	-0.3823896199464798
1229	0.1218871921300888	-0.260502427816391	-0.3823896199464798
1230	0.1218871921300888	-0.260502427816391	-0.3823896199464798
1231	0.1218871921300888	-0.260502427816391	-0.3823896199464798
1232	0.1218871921300888	-0.260502427816391	-0.3823896199464798
1233	0.1218871921300888	-0.260502427816391	-0.3823896199464798
1234	0.1218871921300888	-0.260502427816391	-0.3823896199464798
1235	0.1218871921300888	-0.260502427816391	-0.3823896199464798
1236	0.1218871921300888	-0.260502427816391	-0.3823896199464798
1237	0.1218871921300888	-0.260502427816391	-0.3823896199464798
1238	0.1218871921300888	-0.260502427816391	-0.3823896199464798
1239	0.1218871921300888	-0.260502427816391	-0.3823896199464798
1240	0.1218871921300888	-0.260502427816391	-0.3823896199464798
1241	0.1218871921300888	-0.260502427816391	-0.3823896199464798
1242	0.1218871921300888	-0.260502427816391	-0.3823896199464798
1243	0.1218871921300888	-0.260502427816391	-0.3823896199464798
1244	0.1218871921300888	-0.260502427816391	-0.3823896199464798
1245	0.1218871921300888	-0.260502427816391	-0.3823896199464798
1246	0.1218871921300888	-0.260502427816391	-0.3823896199464798
1247	0.1218871921300888	-0.260502427816391	-0.3823896199464798
1248	0.1218871921300888	-0.260502427816391	-0.3823896199464798
1249	0.1218871921300888	-0.260502427816391	-0.3823896199464798
1250	0.1218871921300888	-0.260502427816391	-0.3823896199464798
1251	0.1218871921300888	-0.260502427816391	-0.3823896199464798
1252	0.1218871921300888	-0.260502427816391	-0.3823896199464798
1253	0.1218871921300888	-0.260502427816391	-0.3823896199464798
1254	0.1218871921300888	-0.260502427816391	-0.3823896199464798
1255	0.1218871921300888	-0.260502427816391	-0.3823896199464798
1256	0.1218871921300888	-0.260502427816391	-0.3823896199464798
1257	0.1218871921300888	-0.260502427816391	-0.3823896199464798
1258	0.1218871921300888	-0.260502427816391	-0.3823896199464798
1259	0.1218871921300888	-0.260502427816391	-0.3823896199464798
1260	0.1218871921300888	-0.260502427816391	-0.3823896199464798
1261	0.1218871921300888	-0.260502427816391	-0.3823896199464798
1262	0.1218871921300888	-0.260502427816391	-0.3823896199464798
1263	0.1218871921300888	-0.260502427816391	-0.3823896199464798
1264	0.1218871921300888	-0.260502427816391	-0.3823896199464798
1265	0.1218871921300888	-0.260502427816391	-0.3823896199464798
1266	0.1218871921300888	-0.260502427816391	-0.3823896199464798
1267	0.1218871921300888	-0.260502427816391	-0.3823896199464798
1268	0.1218871921300888	-0.260502427816391	-0.3823896199464798
1269	0.1218871921300888	-0.260502427816391	-0.3823896199464798
1270	0.1218871921300888	-0.260502427816391	-0.3823896199464798
1271	0.1218871921300888	-0.260502427816391	-0.3823896199464798
1272	0.1218871921300888	-0.260502427816391	-0.3823896199464798
1273	0.1218871921300888	-0.260502427816391	-0.3823896199464798
1274	0.1218871921300888	-0.260502427816391	-0.3823896199464798
1275	0.1218871921300888	-0.260502427816391	-0.3823896199464798
1276	0.1218871921300888	-0.260502427816391	-0.3823896199464798
1277	0.1218871921300888	-0.260502427816391	-0.3823896199464798
1278	0.1218871921300888	-0.260502427816391	-0.3823896199464798
1279	0.1218871921300888	-0.260502427816391	-0.3823896199464798
1280	0.1218871921300888	-0.260502427816391	-0.3823896199464798
1281	0.1218871921300888	-0.260502427816391	-0.3823896199464798
1282	0.1218871921300888	-0.260502427816391	-0.3823896199464798
1283	0.1218871921300888	-0.260502427816391	-0.3823896199464798
1284	0.1218871921300888	-0.260502427816391	-0.3823896199464798
1285	0.1218871921300888	-0.260502427816391	-0.3823896199464798
1286	0.1218871921300888	-0.260502427816391	-0.3823896199464798
1287	0.1218871921300888	-0.260502427816391	-0.3823896199464798
1288	0.1218871921300888	-0.260502427816391	-0.3823896199464798
1289	0.1218871921300888	-0.260502427816391	-0.3823896199464798
1290	0.1218871921300888	-0.260502427816391	-0.3823896199464798
1291	0.1218871921300888	-0.260502427816391	-0.3823896199464798
1292	0.1218871921300888	-0.260502427816391	-0.3823896199464798
1293	0.1218871921300888	-0.260502427816391	-0.3823896199464798
1294	0.1218871921300888	-0.260502427816391	-0.3823896199464798
1295	0.1218871921300888	-0.260502427816391	-0.3823896199464798
1296	0.1218871921300888	-0.260502427816391	-0.3823896199464798
1297	0.1218871921300888	-0.260502427816391	-0.3823896199464798
1298	0.1218871921300888	-0.260502427816391	-0.3823896199464798
1299	0.1218871921300888	-0.260502427816391	-0.3823896199464798
1300	0.1218871921300888	-0.260502427816391	-0.3823896199464798
1301	0.1218871921300888	-0.260502427816391	-0.3823896199464798
1302	0.1218871921300888	-0.260502427816391	-0.3823896199464798
1303	0.1218871921300888	-0.260502427816391	-0.3823896199464798
1304	0.1218871921300888	-0.260502427816391	-0.3823896199464798
1305	0.1218871921300888	-0.260502427816391	-0.3823896199464798
1306	0.1218871921300888	-0.260502427816391	-0.3823896199464798
1307	0.1218871921300888	-0.260502427816391	-0.3823896199464798
1308	0.1218871921300888	-0.260502427816391	-0.3823896199464798
1309	0.1218871921300888	-0.260502427816391	-0.3823896199464798
1310	0.1218871921300888	-0.260502427816391	-0.3823896199464798
1311	0.1218871921300888	-0.260502427816391	-0.3823896199464798
1312	0.1218871921300888	-0.260502427816391	-0.3823896199464798
1313	0.1218871921300888	-0.260502427816391	-0.3823896199464798
1314	0.1218871921300888	-0.260502427816391	-0.3823896199464798
1315	0.1218871921300888	-0.260502427816391	-0.3823896199464798
1316	0.1218871921300888	-0.260502427816391	-0.3823896199464798
1317	0.1218871921300888	-0.260502427816391	-0.3823896199464798
1318	0.1218871921300888	-0.260502427816391	-0.3823896199464798
1319	0.1218871921300888	-0.260502427816391	-0.3823896199464798
1320	0.1218871921300888	-0.260502427816391	-0.3823896199464798
1321	0.1218871921300888	-0.260502427816391	-0.3823896199464798
1322	0.1218871921300888	-0.260502427816391	-0.3823896199464798
1323	0.1218871921300888	-0.260502427816391	-0.3823896199464798
1324	0.1218871921300888	-0.260502427816391	-0.3823896199464798
1325	0.1218871921300888	-0.260502427816391	-0.3823896199464798
1326	0.1218871921300888	-0.260502427816391	-0.3823896199464798
1327	0.1218871921300888	-0.260502427816391	-0.3823896199464798
1328	0.1218871921300888	-0.260502427816391	-0.3823896199464798
1329	0.1218871921300888	-0.260502427816391	-0.3823896199464798
1330	0.1218871921300888	-0.260502427816391	-0.3823896199464798
1331	0.1218871921300888	-0.260502427816391	-0.3823896199464798
1332	0.1218871921300888	-0.260502427816391	-0.3823896199464798
1333	0.1218871921300888	-0.260502427816391	-0.3823896199464798
1334	0.1218871921300888	-0.260502427816391	-0.3823896199464798
1335	0.1218871921300888	-0.260502427816391	-0.3823896199464798
1336	0.1218871921300888	-0.260502427816391	-0.3823896199464798
1337	0.1218871921300888	-0.260502427816391	-0.3823896199464798
1338	0.1218871921300888	-0.260502427816391	-0.3823896199464798
1339	0.1218871921300888	-0.260502427816391	-0.3823896199464798
1340	0.1218871921300888	-0.260502427816391	-0.3823896199464798
1341	0.1218871921300888	-0.260502427816391	-0.3823896199464798
1342	0.1218871921300888	-0.260502427816391	-0.3823896199464798
1343	0.1218871921300888	-0.260502427816391	-0.3823896199464798
1344	0.1218871921300888	-0.260502427816391	-0.3823896199464798
1345	0.1218871921300888	-0.260502427816391	-0.3823896199464798
1346	0.1218871921300888	-0.260502427816391	-0.3823896199464798
1347	0.1218871921300888	-0.260502427816391	-0.3823896199464798
1348	0.1218871921300888	-0.260502427816391	-0.3823896199464798
1349	0.1218871921300888	-0.260502427816391	-0.3823896199464798
1350	0.1218871921300888	-0.260502427816391	-0.3823896199464798
1351	0.1218871921300888	-0.260502427816391	-0.3823896199464798
1352	0.1218871921300888	-0.260502427816391	-0.3823896199464798
1353	0.1218871921300888	-0.260502427816391	-0.3823896199464798
1354	0.1218871921300888	-0.260502427816391	-0.3823896199464798
1355	0.1218871921300888	-0.260502427816391	-0.3823896199464798
1356	0.1218871921300888	-0.260502427816391	-0.3823896199464798
1357	0.1218871921300888	-0.260502427816391	-0.3823896199464798
1358	0.1218871921300888	-0.260502427816391	-0.3823896199464798
1359	0.1218871921300888	-0.260502427816391	-0.3823896199464798
1360	0.1218871921300888	-0.260502427816391	-0.3823896199464798
1361	0.1218871921300888	-0.260502427816391	-0.3823896199464798
1362	0.1218871921300888	-0.260502427816391	-0.3823896199464798
1363	0.1218871921300888	-0.260502427816391	-0.3823896199464798
1364	0.1218871921300888	-0.260502427816391	-0.3823896199464798
1365	0.1218871921300888	-0.260502427816391	-0.3823896199464798
1366	0.1218871921300888	-0.260502427816391	-0.3823896199464798
1367	0.1218871921300888	-0.260502427816391	-0.3823896199464798
1368	0.1218871921300888	-0.260502427816391	-0.3823896199464798
1369	0.1218871921300888	-0.260502427816391	-0.3823896199464798
1370	0.1218871921300888	-0.260502427816391	-0.3823896199464798
1371	0.1218871921300888	-0.260502427816391	-0.3823896199464798
1372	0.1218871921300888	-0.260502427816391	-0.3823896199464798
1373	0.1218871921300888	-0.260502427816391	-0.3823896199464798
1374	0.1218871921300888	-0.260502427816391	-0.3823896199464798
1375	0.1218871921300888	-0.260502427816391	-0.3823896199464798
1376	0.1218871921300888	-0.260502427816391	-0.3823896199464798
1377	0.1218871921300888	-0.260502427816391	-0.3823896199464798
1378	0.1218871921300888	-0.260502427816391	-0.3823896199464798
1379	0.1218871921300888	-0.260502427816391	-0.3823896199464798
1380	0.1218871921300888	-0.260502427816391	-0.3823896199464798
1381	0.1218871921300888	-0.260502427816391	-0.3823896199464798
1382	0.1218871921300888	-0.260502427816391	-0.3823896199464798
1383	0.1218871921300888	-0.260502427816391	-0.3823896199464798
1384	0.1218871921300888	-0.260502427816391	-0.3823896199464798
1385	0.1218871921300888	-0.260502427816391	-0.3823896199464798
1386	0.1218871921300888	-0.260502427816391	-0.3823896199464798
1387	0.1218871921300888	-0.260502427816391	-0.3823896199464798
1388	0.1218871921300888	-0.260502427816391	-0.3823896199464798
1389	0.1218871921300888	-0.260502427816391	-0.3823896199464798
1390	0.1218871921300888	-0.260502427816391	-0.3823896199464798
1391	0.1218871921300888	-0.260502427816391	-0.3823896199464798
1392	0.1218871921300888	-0.260502427816391	-0.3823896199464798
1393	0.1218871921300888	-0.260502427816391	-0.3823896199464798
1394	0.1218871921300888	-0.260502427816391	-0.3823896199464798
1395	0.1218871921300888	-0.260502427816391	-0.3823896199464798
1396	0.1218871921300888	-0.260502427816391	-0.3823896199464798
1397	0.1218871921300888	-0.260502427816391	-0.3823896199464798
1398	0.1218871921300888	-0.260502427816391	-0.3823896199464798
1399	0.1218871921300888	-0.260502427816391	-0.3823896199464798
1400	0.1218871921300888	-0.260502427816391	-0.3823896199464798
1401	0.1218871921300888	-0.260502427816391	-0.3823896199464798
1402	0.1218871921300888	-0.260502427816391	-0.3823896199464798
1403	0.1218871921300888	-0.260502427816391	-0.3823896199464798
1404	0.1218871921300888	-0.260502427816391	-0.3823896199464798
1405	0.1218871921300888	-0.260502427816391	-0.3823896199464798
1406	0.1218871921300888	-0.260502427816391	-0.3823896199464798
1407	0.1218871921300888	-0.260502427816391	-0.3823896199464798
1408	0.1218871921300888	-0.260502427816391	-0.3823896199464798
1409	0.1218871921300888	-0.260502427816391	-0.3823896199464798
1410	0.1218871921300888	-0.260502427816391	-0.3823896199464798
1411	0.1218871921300888	-0.260502427816391	-0.3823896199464798
1412	0.1218871921300888	-0.260502427816391	-0.3823896199464798
1413	0.1218871921300888	-0.260502427816391	-0.3823896199464798
1414	0.1218871921300888	-0.260502427816391	-0.3823896199464798
1415	0.1218871921300888	-0.260502427816391	-0.3823896199464798
1416	0.1218871921300888	-0.260502427816391	-0.3823896199464798
1417	0.1218871921300888	-0.260502427816391	-0.3823896199464798
1418	0.1218871921300888	-0.260502427816391	-0.3823896199464798
1419	0.1218871921300888	-0.260502427816391	-0.3823896199464798
1420	0.1218871921300888	-0.260502427816391	-0.3823896199464798
1421	0.1218871921300888	-0.260502427816391	-0.3823896199464798
1422	0.1218871921300888	-0.260502427816391	-0.3823896199464798
1423	0.1218871921300888	-0.260502427816391	-0.3823896199464798
1424	0.1218871921300888	-0.260502427816391	-0.3823896199464798
1425	0.1218871921300888	-0.260502427816391	-0.3823896199464798
1426	0.1218871921300888	-0.260502427816391	-0.3823896199464798
1427	0.1218871921300888	-0.260502427816391	-0.3823896199464798
1428	0.1218871921300888	-0.260502427816391	-0.3823896199464798
1429	0.1218871921300888	-0.260502427816391	-0.3823896199464798
1430	0.1218871921300888	-0.260502427816391	-0.3823896199464798
1431	0.1218871921300888	-0.260502427816391	-0.3823896199464798
1432	0.1218871921300888	-0.260502427816391	-0.3823896199464798
1433	0.1218871921300888	-0.260502427816391	-0.3823896199464798
1434	0.1218871921300888	-0.260502427816391	-0.3823896199464798
1435	0.1218871921300888	-0.260502427816391	-0.3823896199464798
1436	0.1218871921300888	-0.260502427816391	-0.3823896199464798
1437	0.1218871921300888	-0.260502427816391	-0.3823896199464798
1438	0.1218871921300888	-0.260502427816391	-0.3823896199464798
1439	0.1218871921300888	-0.260502427816391	-0.3823896199464798
1440	0.1218871921300888	-0.260502427816391	-0.3823896199464798
1441	0.1218871921300888	-0.260502427816391	-0.3823896199464798
1442	0.1218871921300888	-0.260502427816391	-0.3823896199464798
1443	0.1218871921300888	-0.260502427816391	-0.3823896199464798
1444	0.1218871921300888	-0.260502427816391	-0.3823896199464798
1445	0.1218871921300888	-0.260502427816391	-0.3823896199464798
1446	0.1218871921300888	-0.260502427816391	-0.3823896199464798
1447	0.1218871921300888	-0.260502427816391	-0.3823896199464798
1448	0.1218871921300888	-0.260502427816391	-0.3823896199464798
1449	0.1218871921300888	-0.260502427816391	-0.3823896199464798
1450	0.1218871921300888	-0.260502427816391	-0.3823896199464798
1451	0.1218871921300888	-0.260502427816391	-0.3823896199464798
1452	0.1218871921300888	-0.260502427816391	-0.3823896199464798
1453	0.1218871921300888	-0.260502427816391	-0.3823896199464798
1454	0.1218871921300888	-0.260502427816391	-0.3823896199464798
1455	0.1218871921300888	-0.260502427816391	-0.3823896199464798
1456	0.1218871921300888	-0.260502427816391	-0.3823896199464798
1457	0.1218871921300888	-0.260502427816391	-0.3823896199464798
1458	0.1218871921300888	-0.260502427816391	-0.3823896199464798
1459	0.1218871921300888	-0.260502427816391	-0.3823896199464798
1460	0.1218871921300888	-0.260502427816391	-0.3823896199464798
1461	0.1218871921300888	-0.260502427816391	-0.3823896199464798
1462	0.1218871921300888	-0.260502427816391	-0.3823896199464798
1463	0.1218871921300888	-0.260502427816391	-0.3823896199464798
1464	0.1218871921300888	-0.260502427816391	-0.3823896199464798
1465	0.1218871921300888	-0.260502427816391	-0.3823896199464798
1466	0.1218871921300888	-0.260502427816391	-0.3823896199464798
1467	0.1218871921300888	-0.260502427816391	-0.3823896199464798
1468	0.1218871921300888	-0.260502427816391	-0.3823896199464798
1469	0.1218871921300888	-0.260502427816391	-0.3823896199464798
1470	0.1218871921300888	-0.260502427816391	-0.3823896199464798
1471	0.1218871921300888	-0.260502427816391	-0.3823896199464798
1472	0.1218871921300888	-0.260502427816391	-0.3823896199464798
1473	0.1218871921300888	-0.260502427816391	-0.3823896199464798
1474	0.1218871921300888	-0.260502427816391	-0.3823896199464798
1475	0.1218871921300888	-0.260502427816391	-0.3823896199464798
1476	0.1218871921300888	-0.260502427816391	-0.3823896199464798
1477	0.1218871921300888	-0.260502427816391	-0.3823896199464798
1478	0.1218871921300888	-0.260502427816391	-0.3823896199464798
1479	0.1218871921300888	-0.260502427816391	-0.3823896199464798
1480	0.1218871921300888	-0.260502427816391	-0.3823896199464798
1481	0.1218871921300888	-0.260502427816391	-0.3823896199464798
1482	0.1218871921300888	-0.260502427816391	-0.3823896199464798
1483	0.1218871921300888	-0.260502427816391	-0.3823896199464798
1484	0.1218871921300888	-0.260502427816391	-0.3823896199464798
1485	0.1218871921300888	-0.260502427816391	-0.3823896199464798
1486	0.1218871921300888	-0.260502427816391	-0.3823896199464798
1487	0.1218871921300888	-0.260502427816391	-0.3823896199464798
1488	0.1218871921300888	-0.260502427816391	-0.3823896199464798
1489	0.1218871921300888	-0.260502427816391	-0.3823896199464798
1490	0.1218871921300888	-0.260502427816391	-0.3823896199464798
1491	0.1218871921300888	-0.260502427816391	-0.3823896199464798
1492	0.1218871921300888	-0.260502427816391	-0.3823896199464798
1493	0.1218871921300888	-0.260502427816391	-0.3823896199464798
1494	0.1218871921300888	-0.260502427816391	-0.3823896199464798
1495	0.1218871921300888	-0.260502427816391	-0.3823896199464798
1496	0.1218871921300888	-0.260502427816391	-0.3823896199464798
1497	0.1218871921300888	-0.260502427816391	-0.3823896199464798
1498	0.1218871921300888	-0.260502427816391	-0.3823896199464798
1499	0.1218871921300888	-0.260502427816391	-0.3823896199464798
1500	0.1218871921300888	-0.260502427816391	-0.3823896199464798
1501	0.1218871921300888	-0.260502427816391	-0.3823896199464798
1502	0.1218871921300888	-0.260502427816391	-0.3823896199464798
1503	0.1218871921300888	-0.260502427816391	-0.3823896199464798
1504	0.1218871921300888	-0.260502427816391	-0.3823896199464798
1505	0.1218871921300888	-0.260502427816391	-0.3823896199464798
1506	0.1218871921300888	-0.260502427816391	-0.3823896199464798
1507	0.1218871921300888	-0.260502427816391	-0.3823896199464798
1508	0.1218871921300888	-0.260502427816391	-0.3823896199464798
1509	0.1218871921300888	-0.260502427816391	-0.3823896199464798
1510	0.1218871921300888	-0.260502427816391	-0.3823896199464798
1511	0.1218871921300888	-0.260502427816391	-0.3823896199464798
1512	0.1218871921300888	-0.260502427816391	-0.3823896199464798
1513	0.1218871921300888	-0.260502427816391	-0.3823896199464798
1514	0.1218871921300888	-0.260502427816391	-0.3823896199464798
1515	0.1218871921300888	-0.260502427816391	-0.3823896199464798
1516	0.1218871921300888	-0.260502427816391	-0.3823896199464798
1517	0.1218871921300888	-0.260502427816391	-0.3823896199464798
1518	0.1218871921300888	-0.260502427816391	-0.3823896199464798
1519	0.1218871921300888	-0.260502427816391	-0.3823896199464798
1520	0.1218871921300888	-0.260502427816391	-0.3823896199464798
1521	0.1218871921300888	-0.260502427816391	-0.3823896199464798
1522	0.1218871921300888	-0.260502427816391	-0.3823896199464798
1523	0.1218871921300888	-0.260502427816391	-0.3823896199464798
1524	0.1218871921300888	-0.260502427816391	-0.3823896199464798
1525	0.1218871921300888	-0.260502427816391	-0.3823896199464798
1526	0.1218871921300888	-0.260502427816391	-0.3823896199464798
1527	0.1218871921300888	-0.260502427816391	-0.3823896199464798
1528	0.1218871921300888	-0.260502427816391	-0.3823896199464798
1529	0.1218871921300888	-0.260502427816391	-0.3823896199464798
1530	0.1218871921300888	-0.260502427816391	-0.3823896199464798
1531	0.1218871921300888	-0.260502427816391	-0.3823896199464798
1532	0.1218871921300888	-0.260502427816391	-0.3823896199464798
1533	0.1218871921300888	-0.260502427816391	-0.3823896199464798
1534	0.1218871921300888	-0.260502427816391	-0.3823896199464798
1535	0.1218871921300888	-0.260502427816391	-0.3823896199464798
1536	0.1218871921300888	-0.260502427816391	-0.3823896199464798
1537	0.1218871921300888	-0.260502427816391	-0.3823896199464798
1538	0.1218871921300888	-0.260502427816391	-0.3823896199464798
1539	0.1218871921300888	-0.260502427816391	-0.3823896199464798
1540	0.1218871921300888	-0.260502427816391	-0.3823896199464798
1541	0.1218871921300888	-0.260502427816391	-0.3823896199464798
1542	0.1218871921300888	-0.260502427816391	-0.3823896199464798
1543	0.1218871921300888	-0.260502427816391	-0.3823896199464798
1544	0.1218871921300888	-0.260502427816391	-0.3823896199464798
1545	0.1218871921300888	-0.260502427816391	-0.3823896199464798
1546	0.1218871921300888	-0.260502427816391	-0.3823896199464798
1547	0.1218871921300888	-0.260502427816391	-0.3823896199464798
1548	0.1218871921300888	-0.260502427816391	-0.3823896199464798
1549	0.1218871921300888	-0.260502427816391	-0.3823896199464798
1550	0.1218871921300888	-0.260502427816391	-0.3823896199464798
1551	0.1218871921300888	-0.260502427816391	-0.3823896199464798
1552	0.1218871921300888	-0.260502427816391	-0.3823896199464798
1553	0.1218871921300888	-0.260502427816391	-0.3823896199464798
1554	0.1218871921300888	-0.260502427816391	-0.3823896199464798
1555	0.1218871921300888	-0.260502427816391	-0.3823896199464798
1556	0.1218871921300888	-0.260502427816391	-0.3823896199464798
1557	0.1218871921300888	-0.260502427816391	-0.3823896199464798
1558	0.1218871921300888	-0.260502427816391	-0.3823896199464798
1559	0.1218871921300888	-0.260502427816391	-0.3823896199464798
1560	0.1218871921300888	-0.260502427816391	-0.3823896199464798
1561	0.1218871921300888	-0.260502427816391	-0.3823896199464798
1562	0.1218871921300888	-0.260502427816391	-0.3823896199464798
1563	0.1218871921300888	-0.260502427816391	-0.3823896199464798
1564	0.1218871921300888	-0.260502427816391	-0.3823896199464798
1565	0.1218871921300888	-0.260502427816391	-0.3823896199464798
1566	0.1218871921300888	-0.260502427816391	-0.3823896199464798
1567	0.1218871921300888	-0.260502427816391	-0.3823896199464798
1568	0.1218871921300888	-0.260502427816391	-0.3823896199464798
1569	0.1218871921300888	-0.260502427816391	-0.3823896199464798
1570	0.1218871921300888	-0.260502427816391	-0.3823896199464798
1571	0.1218871921300888	-0.260502427816391	-0.3823896199464798
1572	0.1218871921300888	-0.260502427816391	-0.3823896199464798
1573	0.1218871921300888	-0.260502427816391	-0.3823896199464798
1574	0.1218871921300888	-0.260502427816391	-0.3823896199464798
1575	0.1218871921300888	-0.260502427816391	-0.3823896199464798
1576	0.1218871921300888	-0.260502427816391	-0.3823896199464798
1577	0.1218871921300888	-0.260502427816391	-0.3823896199464798
1578	0.1218871921300888	-0.260502427816391	-0.3823896199464798
1579	0.1218871921300888	-0.260502427816391	-0.3823896199464798
1580	0.1218871921300888	-0.260502427816391	-0.3823896199464798
1581	0.1218871921300888	-0.260502427816391	-0.3823896199464798
1582	0.1218871921300888	-0.260502427816391	-0.3823896199464798
1583	0.1218871921300888	-0.260502427816391	-0.3823896199464798
1584	0.1218871921300888	-0.260502427816391	-0.3823896199464798
1585	0.1218871921300888	-0.260502427816391	-0.3823896199464798
1586	0.1218871921300888	-0.260502427816391	-0.3823896199464798
1587	0.1218871921300888	-0.260502427816391	-0.3823896199464798
1588	0.1218871921300888	-0.260502427816391	-0.3823896199464798
1589	0.1218871921300888	-0.260502427816391	-0.3823896199464798
1590	0.1218871921300888	-0.260502427816391	-0.3823896199464798
1591	0.1218871921300888	-0.260502427816391	-0.3823896199464798
1592	0.1218871921300888	-0.260502427816391	-0.3823896199464798
1593	0.1218871921300888	-0.260502427816391	-0.3823896199464798
1594	0.1218871921300888	-0.260502427816391	-0.3823896199464798
1595	0.1218871921300888	-0.260502427816391	-0.3823896199464798
1596	0.1218871921300888	-0.260502427816391	-0.3823896199464798
1597	0.1218871921300888	-0.260502427816391	-0.3823896199464798
1598	0.1218871921300888	-0.260502427816391	-0.3823896199464798
1599	0.1218871921300888	-0.260502427816391	-0.3823896199464798
1600	0.1218871921300888	-0.260502427816391	-0.3823896199464798
1601	0.1218871921300888	-0.260502427816391	-0.3823896199464798
1602	0.1218871921300888	-0.260502427816391	-0.3823896199464798
1603	0.1218871921300888	-0.260502427816391	-0.3823896199464798
1604	0.1218871921300888	-0.260502427816391	-0.3823896199464798
1605	0.1218871921300888	-0.260502427816391	-0.3823896199464798
1606	0.1218871921300888	-0.260502427816391	-0.3823896199464798
1607	0.1218871921300888	-0.260502427816391	-0.3823896199464798
1608	0.1218871921300888	-0.260502427816391	-0.3823896199464798
1609	0.1218871921300888	-0.260502427816391	-0.3823896199464798
1610	0.1218871921300888	-0.260502427816391	-0.3823896199464798
1611	0.1218871921300888	-0.260502427816391	-0.3823896199464798
1612	0.1218871921300888	-0.260502427816391	-0.3823896199464798
1613	0.1218871921300888	-0.260502427816391	-0.3823896199464798
1614	0.1218871921300888	-0.260502427816391	-0.3823896199464798
1615	0.1218871921300888	-0.260502427816391	-0.3823896199464798
1616	0.1218871921300888	-0.260502427816391	-0.3823896199464798
1617	0.1218871921300888	-0.260502427816391	-0.3823896199464798
1618	0.1218871921300888	-0.260502427816391	-0.3823896199464798
1619	0.1218871921300888	-0.260502427816391	-0.3823896199464798
1620	0.1218871921300888	-0.260502427816391	-0.3823896199464798
1621	0.1218871921300888	-0.260502427816391	-0.3823896199464798
1622	0.1218871921300888	-0.260502427816391	-0.3823896199464798
1623	0.1218871921300888	-0.260502427816391	-0.3823896199464798
1624	0.1218871921300888	-0.260502427816391	-0.3823896199464798
1625	0.1218871921300888	-0.260502427816391	-0.3823896199464798
1626	0.1218871921300888	-0.260502427816391	-0.3823896199464798
1627	0.1218871921300888	-0.260502427816391	-0.3823896199464798
1628	0.1218871921300888	-0.260502427816391	-0.3823896199464798
1629	0.1218871921300888	-0.260502427816391	-0.3823896199464798
1630	0.1218871921300888	-0.260502427816391	-0.3823896199464798
1631	0.1218871921300888	-0.260502427816391	-0.3823896199464798
1632	0.1218871921300888	-0.260502427816391	-0.3823896199464798
1633	0.1218871921300888	-0.260502427816391	-0.3823896199464798
1634	0.1218871921300888	-0.260502427816391	-0.3823896199464798
1635	0.1218871921300888	-0.260502427816391	-0.3823896199464798
1636	0.1218871921300888	-0.260502427816391	-0.3823896199464798
1637	0.1218871921300888	-0.260502427816391	-0.3823896199464798
1638	0.1218871921300888	-0.260502427816391	-0.3823896199464798
1639	0.1218871921300888	-0.260502427816391	-0.3823896199464798
1640	0.1218871921300888	-0.260502427816391	-0.3823896199464798
1641	0.1218871921300888	-0.260502427816391	-0.3823896199464798
1642	0.1218871921300888	-0.260502427816391	-0.3823896199464798
1643	0.1218871921300888	-0.260502427816391	-0.3823896199464798
1644	0.1218871921300888	-0.260502427816391	-0.3823896199464798
1645	0.1218871921300888	-0.260502427816391	-0.3823896199464798
1646	0.1218871921300888	-0.260502427816391	-0.3823896199464798
1647	0.1218871921300888	-0.260502427816391	-0.3823896199464798
1648	0.1218871921300888	-0.260502427816391	-0.3823896199464798
1649	0.1218871921300888	-0.260502427816391	-0.3823896199464798
1650	0.1218871921300888	-0.260502427816391	-0.3823896199464798
1651	0.1218871921300888	-0.260502427816391	-0.3823896199464798
1652	0.1218871921300888	-0.260502427816391	-0.3823896199464798
1653	0.1218871921300888	-0.260502427816391	-0.3823896199464798
1654	0.1218871921300888	-0.260502427816391	-0.3823896199464798
1655	0.1218871921300888	-0.260502427816391	-0.3823896199464798
1656	0.1218871921300888	-0.260502427816391	-0.3823896199464798
1657	0.1218871921300888	-0.260502427816391	-0.3823896199464798
1658	0.1218871921300888	-0.260502427816391	-0.3823896199464798
1659	0.1218871921300888	-0.260502427816391	-0.3823896199464798
1660	0.1218871921300888	-0.260502427816391	-0.3823896199464798
1661	0.1218871921300888	-0.260502427816391	-0.3823896199464798
1662	0.1218871921300888	-0.260502427816391	-0.3823896199464798
1663	0.1218871921300888	-0.260502427816391	-0.3823896199464798
1664	0.1218871921300888	-0.260502427816391	-0.3823896199464798
1665	0.1218871921300888	-0.260502427816391	-0.3823896199464798
1666	0.1218871921300888	-0.260502427816391	-0.3823896199464798
1667	0.1218871921300888	-0.260502427816391	-0.3823896199464798
1668	0.1218871921300888	-0.260502427816391	-0.3823896199464798
1669	0.1218871921300888	-0.260502427816391	-0.3823896199464798
1670	0.1218871921300888	-0.260502427816391	-0.3823896199464798
1671	0.1218871921300888	-0.260502427816391	-0.3823896199464798
1672	0.1218871921300888	-0.260502427816391	-0.3823896199464798
1673	0.1218871921300888	-0.260502427816391	-0.3823896199464798
1674	0.1218871921300888	-0.260502427816391	-0.3823896199464798
1675	0.1218871921300888	-0.260502427816391	-0.3823896199464798
1676	0.1218871921300888	-0.260502427816391	-0.3823896199464798
1677	0.1218871921300888	-0.260502427816391	-0.3823896199464798
1678	0.1218871921300888	-0.260502427816391	-0.3823896199464798
1679	0.1218871921300888	-0.260502427816391	-0.3823896199464798
1680	0.1218871921300888	-0.260502427816391	-0.3823896199464798
1681	0.1218871921300888	-0.260502427816391	-0.3823896199464798
1682	0.1218871921300888	-0.260502427816391	-0.3823896199464798
1683	0.1218871921300888	-0.260502427816391	-0.3823896199464798
1684	0.1218871921300888	-0.260502427816391	-0.3823896199464798
1685	0.1218871921300888	-0.260502427816391	-0.3823896199464798
1686	0.1218871921300888	-0.260502427816391	-0.3823896199464798
1687	0.1218871921300888	-0.260502427816391	-0.3823896199464798
1688	0.1218871921300888	-0.260502427816391	-0.3823896199464798
1689	0.1218871921300888	-0.260502427816391	-0.3823896199464798
1690	0.1218871921300888	-0.260502427816391	-0.3823896199464798
1691	0.1218871921300888	-0.260502427816391	-0.3823896199464798
1692	0.1218871921300888	-0.260502427816391	-0.3823896199464798
1693	0.1218871921300888	-0.260502427816391	-0.3823896199464798
1694	0.1218871921300888	-0.260502427816391	-0.3823896199464798
1695	0.1218871921300888	-0.260502427816391	-0.3823896199464798
1696	0.1218871921300888	-0.260502427816391	-0.3823896199464798
1697	0.1218871921300888	-0.260502427816391	-0.3823896199464798
1698	0.1218871921300888	-0.260502427816391	-0.3823896199464798
1699	0.1218871921300888	-0.260502427816391	-0.3823896199464798
1700	0.1218871921300888	-0.260502427816391	-0.3823896199464798
1701	0.1218871921300888	-0.260502427816391	-0.3823896199464798
1702	0.1218871921300888	-0.260502427816391	-0.3823896199464798
1703	0.1218871921300888	-0.260502427816391	-0.3823896199464798
1704	0.1218871921300888	-0.260502427816391	-0.3823896199464798
1705	0.1218871921300888	-0.260502427816391	-0.3823896199464798
1706	0.1218871921300888	-0.260502427816391	-0.3823896199464798
1707	0.1218871921300888	-0.260502427816391	-0.3823896199464798
1708	0.1218871921300888	-0.260502427816391	-0.3823896199464798
1709	0.1218871921300888	-0.260502427816391	-0.3823896199464798
1710	0.1218871921300888	-0.260502427816391	-0.3823896199464798
1711	0.1218871921300888	-0.260502427816391	-0.3823896199464798
1712	0.1218871921300888	-0.260502427816391	-0.3823896199464798
1713	0.1218871921300888	-0.260502427816391	-0.3823896199464798
1714	0.1218871921300888	-0.260502427816391	-0.3823896199464798
1715	0.1218871921300888	-0.260502427816391	-0.3823896199464798
1716	0.1218871921300888	-0.260502427816391	-0.3823896199464798
1717	0.1218871921300888	-0.260502427816391	-0.3823896199464798
1718	0.1218871921300888	-0.260502427816391	-0.3823896199464798
1719	0.1218871921300888	-0.260502427816391	-0.3823896199464798
1720	0.1218871921300888	-0.260502427816391	-0.3823896199464798
1721	0.1218871921300888	-0.260502427816391	-0.3823896199464798
1722	0.1218871921300888	-0.260502427816391	-0.3823896199464798
1723	0.1218871921300888	-0.260502427816391	-0.3823896199464798
1724	0.1218871921300888	-0.260502427816391	-0.3823896199464798
1725	0.1218871921300888	-0.260502427816391	-0.3823896199464798
1726	0.1218871921300888	-0.260502427816391	-0.3823896199464798
1727	0.1218871921300888	-0.260502427816391	-0.3823896199464798
1728	0.1218871921300888	-0.260502427816391	-0.3823896199464798
1729	0.1218871921300888	-0.260502427816391	-0.3823896199464798
1730	0.1218871921300888	-0.260502427816391	-0.3823896199464798
1731	0.1218871921300888	-0.260502427816391	-0.3823896199464798
1732	0.1218871921300888	-0.260502427816391	-0.3823896199464798
1733	0.1218871921300888	-0.260502427816391	-0.3823896199464798
1734	0.1218871921300888	-0.260502427816391	-0.3823896199464798
1735	0.1218871921300888	-0.260502427816391	-0.3823896199464798
1736	0.1218871921300888	-0.260502427816391	-0.3823896199464798
1737	0.1218871921300888	-0.260502427816391	-0.3823896199464798
1738	0.1218871921300888	-0.260502427816391	-0.3823896199464798
1739	0.1218871921300888	-0.260502427816391	-0.3823896199464798
1740	0.1218871921300888	-0.260502427816391	-0.3823896199464798
1741	0.1218871921300888	-0.260502427816391	-0.3823896199464798
1742	0.1218871921300888	-0.260502427816391	-0.3823896199464798
1743	0.1218871921300888	-0.260502427816391	-0.3823896199464798
1744	0.1218871921300888	-0.260502427816391	-0.3823896199464798
1745	0.1218871921300888	-0.260502427816391	-0.3823896199464798
1746	0.1218871921300888	-0.260502427816391	-0.3823896199464798
1747	0.1218871921300888	-0.260502427816391	-0.3823896199464798
1748	0.1218871921300888	-0.260502427816391	-0.3823896199464798
1749	0.1218871921300888	-0.260502427816391	-0.3823896199464798
1750	0.1218871921300888	-0.260502427816391	-0.3823896199464798
1751	0.1218871921300888	-0.260502427816391	-0.3823896199464798
1752	0.1218871921300888	-0.260502427816391	-0.3823896199464798
1753	0.1218871921300888	-0.260502427816391	-0.3823896199464798
1754	0.1218871921300888	-0.260502427816391	-0.3823896199464798
1755	0.1218871921300888	-0.260502427816391	-0.3823896199464798
1756	0.1218871921300888	-0.260502427816391	-0.3823896199464798
1757	0.1218871921300888	-0.260502427816391	-0.3823896199464798
1758	0.1218871921300888	-0.260502427816391	-0.3823896199464798
1759	0.1218871921300888	-0.260502427816391	-0.3823896199464798
1760	0.1218871921300888	-0.260502427816391	-0.3823896199464798
1761	0.1218871921300888	-0.260502427816391	-0.3823896199464798
1762	0.1218871921300888	-0.260502427816391	-0.3823896199464798
1763	0.1218871921300888	-0.260502427816391	-0.3823896199464798
1764	0.1218871921300888	-0.260502427816391	-0.3823896199464798
1765	0.1218871921300888	-0.260502427816391	-0.3823896199464798
1766	0.1218871921300888	-0.260502427816391	-0.3823896199464798
1767	0.1218871921300888	-0.260502427816391	-0.3823896199464798
1768	0.1218871921300888	-0.260502427816391	-0.3823896199464798
1769	0.1218871921300888	-0.260502427816391	-0.3823896199464798
1770	0.1218871921300888	-0.260502427816391	-0.3823896199464798
1771	0.1218871921300888	-0.260502427816391	-0.3823896199464798
1772	0.1218871921300888	-0.260502427816391	-0.3823896199464798
1773	0.1218871921300888	-0.260502427816391	-0.3823896199464798
1774	0.1218871921300888	-0.260502427816391	-0.3823896199464798
1775	0.1218871921300888	-0.260502427816391	-0.3823896199464798
1776	0.1218871921300888	-0.260502427816391	-0.3823896199464798
1777	0.1218871921300888	-0.260502427816391	-0.3823896199464798
1778	0.1218871921300888	-0.260502427816391	-0.3823896199464798
1779	0.1218871921300888	-0.260502427816391	-0.3823896199464798
1780	0.1218871921300888	-0.260502427816391	-0.3823896199464798
1781	0.1218871921300888	-0.260502427816391	-0.3823896199464798
1782	0.1218871921300888	-0.260502427816391	-0.3823896199464798
1783	0.1218871921300888	-0.260502427816391	-0.3823896199464798
1784	0.1218871921300888	-0.260502427816391	-0.3823896199464798
1785	0.1218871921300888	-0.260502427816391	-0.3823896199464798
1786	0.1218871921300888	-0.260502427816391	-0.3823896199464798
1787	0.1218871921300888	-0.260502427816391	-0.3823896199464798
1788	0.1218871921300888	-0.260502427816391	-0.3823896199464798
1789	0.1218871921300888	-0.260502427816391	-0.3823896199464798
1790	0.1218871921300888	-0.260502427816391	-0.3823896199464798
1791	0.1218871921300888	-0.260502427816391	-0.3823896199464798
1792	0.1218871921300888	-0.260502427816391	-0.3823896199464798
1793	0.1218871921300888	-0.260502427816391	-0.3823896199464798
1794	0.1218871921300888	-0.260502427816391	-0.3823896199464798
1795	0.1218871921300888	-0.260502427816391	-0.3823896199464798
1796	0.1218871921300888	-0.260502427816391	-0.3823896199464798
1797	0.1218871921300888	-0.260502427816391	-0.3823896199464798
1798	0.1218871921300888	-0.260502427816391	-0.3823896199464798
1799	0.1218871921300888	-0.260502427816391	-0.3823896199464798
1800	0.1218871921300888	-0.260502427816391	-0.3823896199464798
1801	0.1218871921300888	-0.260502427816391	-0.3823896199464798
1802	0.1218871921300888	-0.260502427816391	-0.3823896199464798
1803	0.1218871921300888	-0.260502427816391	-0.3823896199464798
1804	0.1218871921300888	-0.260502427816391	-0.3823896199464798
1805	0.1218871921300888	-0.260502427816391	-0.3823896199464798
1806	0.1218871921300888	-0.260502427816391	-0.3823896199464798
1807	0.1218871921300888	-0.260502427816391	-0.3823896199464798
1808	0.1218871921300888	-0.260502427816391	-0.3823896199464798
1809	0.1218871921300888	-0.260502427816391	-0.3823896199464798
1810	0.1218871921300888	-0.260502427816391	-0.3823896199464798
1811	0.1218871921300888	-0.260502427816391	-0.3823896199464798
1812	0.1218871921300888	-0.260502427816391	-0.3823896199464798
1813	0.1218871921300888	-0.260502427816391	-0.3823896199464798
1814	0.1218871921300888	-0.260502427816391	-0.3823896199464798
1815	0.1218871921300888	-0.260502427816391	-0.3823896199464798
1816	0.1218871921300888	-0.260502427816391	-0.3823896199464798
1817	0.1218871921300888	-0.260502427816391	-0.3823896199464798
1818	0.1218871921300888	-0.260502427816391	-0.3823896199464798
1819	0.1218871921300888	-0.260502427816391	-0.3823896199464798
1820	0.1218871921300888	-0.260502427816391	-0.3823896199464798
1821	0.1218871921300888	-0.260502427816391	-0.3823896199464798
1822	0.1218871921300888	-0.260502427816391	-0.3823896199464798
1823	0.1218871921300888	-0.260502427816391	-0.3823896199464798
1824	0.1218871921300888	-0.260502427816391	-0.3823896199464798
1825	0.1218871921300888	-0.260502427816391	-0.3823896199464798
1826	0.1218871921300888	-0.260502427816391	-0.3823896199464798
1827	0.1218871921300888	-0.260502427816391	-0.3823896199464798
1828	0.1218871921300888	-0.260502427816391	-0.3823896199464798
1829	0.1218871921300888	-0.260502427816391	-0.3823896199464798
1830	0.1218871921300888	-0.260502427816391	-0.3823896199464798
1831	0.1218871921300888	-0.260502427816391	-0.3823896199464798
1832	0.1218871921300888	-0.260502427816391	-0.3823896199464798
1833	0.1218871921300888	-0.260502427816391	-0.3823896199464798
1834	0.1218871921300888	-0.260502427816391	-0.3823896199464798
1835	0.1218871921300888	-0.260502427816391	-0.3823896199464798
1836	0.1218871921300888	-0.260502427816391	-0.3823896199464798
1837	0.1218871921300888	-0.260502427816391	-0.3823896199464798
1838	0.1218871921300888	-0.260502427816391	-0.3823896199464798
1839	0.1218871921300888	-0.260502427816391	-0.3823896199464798
1840	0.1218871921300888	-0.260502427816391	-0.3823896199464798
1841	0.1218871921300888	-0.260502427816391	-0.3823896199464798
1842	0.1218871921300888	-0.260502427816391	-0.3823896199464798
1843	0.1218871921300888	-0.260502427816391	-0.3823896199464798
1844	0.1218871921300888	-0.260502427816391	-0.3823896199464798
1845	0.1218871921300888	-0.260502427816391	-0.3823896199464798
1846	0.1218871921300888	-0.260502427816391	-0.3823896199464798
1847	0.1218871921300888	-0.260502427816391	-0.3823896199464798
1848	0.1218871921300888	-0.260502427816391	-0.3823896199464798
1849	0.1218871921300888	-0.260502427816391	-0.3823896199464798
1850	0.1218871921300888	-0.260502427816391	-0.3823896199464798
1851	0.1218871921300888	-0.260502427816391	-0.3823896199464798
1852	0.1218871921300888	-0.260502427816391	-0.3823896199464798
1853	0.1218871921300888	-0.260502427816391	-0.3823896199464798
1854	0.1218871921300888	-0.260502427816391	-0.3823896199464798
1855	0.1218871921300888	-0.260502427816391	-0.3823896199464798
1856	0.1218871921300888	-0.260502427816391	-0.3823896199464798
1857	0.1218871921300888	-0.260502427816391	-0.3823896199464798
1858	0.1218871921300888	-0.260502427816391	-0.3823896199464798
1859	0.1218871921300888	-0.260502427816391	-0.3823896199464798
1860	0.1218871921300888	-0.260502427816391	-0.3823896199464798
1861	0.1218871921300888	-0.260502427816391	-0.3823896199464798
1862	0.1218871921300888	-0.260502427816391	-0.3823896199464798
1863	0.1218871921300888	-0.260502427816391	-0.3823896199464798
1864	0.1218871921300888	-0.260502427816391	-0.3823896199464798
1865	0.1218871921300888	-0.260502427816391	-0.3823896199464798
1866	0.1218871921300888	-0.260502427816391	-0.3823896199464798
1867	0.1218871921300888	-0.260502427816391	-0.3823896199464798
1868	0.1218871921300888	-0.260502427816391	-0.3823896199464798
1869	0.1218871921300888	-0.260502427816391	-0.3823896199464798
1870	0.1218871921300888	-0.260502427816391	-0.3823896199464798
1871	0.1218871921300888	-0.260502427816391	-0.3823896199464798
1872	0.1218871921300888	-0.260502427816391	-0.3823896199464798
1873	0.1218871921300888	-0.260502427816391	-0.3823896199464798
1874	0.1218871921300888	-0.260502427816391	-0.3823896199464798
1875	0.1218871921300888	-0.260502427816391	-0.3823896199464798
1876	0.1218871921300888	-0.260502427816391	-0.3823896199464798
1877	0.1218871921300888	-0.260502427816391	-0.3823896199464798
1878	0.1218871921300888	-0.260502427816391	-0.3823896199464798
1879	0.1218871921300888	-0.260502427816391	-0.3823896199464798
1880	0.1218871921300888	-0.260502427816391	-0.3823896199464798
1881	0.1218871921300888	-0.260502427816391	-0.3823896199464798
1882	0.1218871921300888	-0.260502427816391	-0.3823896199464798
1883	0.1218871921300888	-0.260502427816391	-0.3823896199464798
1884	0.1218871921300888	-0.260502427816391	-0.3823896199464798
1885	0.1218871921300888	-0.260502427816391	-0.3823896199464798
1886	0.1218871921300888	-0.260502427816391	-0.3823896199464798
1887	0.1218871921300888	-0.260502427816391	-0.3823896199464798
1888	0.1218871921300888	-0.260502427816391	-0.3823896199464798
1889	0.1218871921300888	-0.260502427816391	-0.3823896199464798
1890	0.1218871921300888	-0.260502427816391	-0.3823896199464798
1891	0.1218871921300888	-0.260502427816391	-0.3823896199464798
1892	0.1218871921300888	-0.260502427816391	-0.3823896199464798
1893	0.1218871921300888	-0.260502427816391	-0.3823896199464798
1894	0.1218871921300888	-0.260502427816391	-0.3823896199464798
1895	0.1218871921300888	-0.260502427816391	-0.3823896199464798
1896	0.1218871921300888	-0.260502427816391	-0.3823896199464798
1897	0.1218871921300888	-0.260502427816391	-0.3823896199464798
1898	0.1218871921300888	-0.260502427816391	-0.3823896199464798
1899	0.1218871921300888	-0.260502427816391	-0.3823896199464798
1900	0.1218871921300888	-0.260502427816391	-0.3823896199464798
1901	0.1218871921300888	-0.260502427816391	-0.3823896199464798
1902	0.1218871921300888	-0.260502427816391	-0.3823896199464798
1903	0.1218871921300888	-0.260502427816391	-0.3823896199464798
1904	0.1218871921300888	-0.260502427816391	-0.3823896199464798
1905	0.1218871921300888	-0.260502427816391	-0.3823896199464798
1906	0.1218871921300888	-0.260502427816391	-0.3823896199464798
1907	0.1218871921300888	-0.260502427816391	-0.3823896199464798
1908	0.1218871921300888	-0.260502427816391	-0.3823896199464798
1909	0.1218871921300888	-0.260502427816391	-0.3823896199464798
1910	0.1218871921300888	-0.260502427816391	-0.3823896199464798
1911	0.1218871921300888	-0.260502427816391	-0.3823896199464798
1912	0.1218871921300888	-0.260502427816391	-0.3823896199464798
1913	0.1218871921300888	-0.260502427816391	-0.3823896199464798
1914	0.1218871921300888	-0.260502427816391	-0.3823896199464798
1915	0.1218871921300888	-0.260502427816391	-0.3823896199464798
1916	0.1218871921300888	-0.260502427816391	-0.3823896199464798
1917	0.1218871921300888	-0.260502427816391	-0.3823896199464798
1918	0.1218871921300888	-0.260502427816391	-0.3823896199464798
1919	0.1218871921300888	-0.260502427816391	-0.3823896199464798
1920	0.1218871921300888	-0.260502427816391	-0.3823896199464798
1921	0.1218871921300888	-0.260502427816391	-0.3823896199464798
1922	0.1218871921300888	-0.260502427816391	-0.3823896199464798
1923	0.1218871921300888	-0.260502427816391	-0.3823896199464798
1924	0.1218871921300888	-0.260502427816391	-0.3823896199464798
1925	0.1218871921300888	-0.260502427816391	-0.3823896199464798
1926	0.1218871921300888	-0.260502427816391	-0.3823896199464798
1927	0.1218871921300888	-0.260502427816391	-0.3823896199464798
1928	0.1218871921300888	-0.260502427816391	-0.3823896199464798
1929	0.1218871921300888	-0.260502427816391	-0.3823896199464798
1930	0.1218871921300888	-0.260502427816391	-0.3823896199464798
1931	0.1218871921300888	-0.260502427816391	-0.3823896199464798
1932	0.1218871921300888	-0.260502427816391	-0.3823896199464798
1933	0.1218871921300888	-0.260502427816391	-0.3823896199464798
1934	0.1218871921300888	-0.260502427816391	-0.3823896199464798
1935	0.1218871921300888	-0.260502427816391	-0.3823896199464798
1936	0.1218871921300888	-0.260502427816391	-0.3823896199464798
1937	0.1218871921300888	-0.260502427816391	-0.3823896199464798
1938	0.1218871921300888	-0.260502427816391	-0.3823896199464798
1939	0.1218871921300888	-0.260502427816391	-0.3823896199464798
1940	0.1218871921300888	-0.260502427816391	-0.3823896199464798
1941	0.1218871921300888	-0.260502427816391	-0.3823896199464798
1942	0.1218871921300888	-0.260502427816391	-0.3823896199464798
1943	0.1218871921300888	-0.260502427816391	-0.3823896199464798
1944	0.1218871921300888	-0.260502427816391	-0.3823896199464798
1945	0.1218871921300888	-0.260502427816391	-0.3823896199464798
1946	0.1218871921300888	-0.260502427816391	-0.3823896199464798
1947	0.1218871921300888	-0.260502427816391	-0.3823896199464798
1948	0.1218871921300888	-0.260502427816391	-0.3823896199464798
1949	0.1218871921300888	-0.260502427816391	-0.3823896199464798
1950	0.1218871921300888	-0.260502427816391	-0.3823896199464798
1951	0.1218871921300888	-0.260502427816391	-0.3823896199464798
1952	0.1218871921300888	-0.260502427816391	-0.3823896199464798
1953	0.1218871921300888	-0.260502427816391	-0.3823896199464798
1954	0.1218871921300888	-0.260502427816391	-0.3823896199464798
1955	0.1218871921300888	-0.260502427816391	-0.3823896199464798
1956	0.1218871921300888	-0.260502427816391	-0.3823896199464798
1957	0.1218871921300888	-0.260502427816391	-0.3823896199464798
1958	0.1218871921300888	-0.260502427816391	-0.3823896199464798
1959	0.1218871921300888	-0.260502427816391	-0.3823896199464798
1960	0.1218871921300888	-0.260502427816391	-0.3823896199464798
1961	0.1218871921300888	-0.260502427816391	-0.3823896199464798
1962	0.1218871921300888	-0.260502427816391	-0.3823896199464798
1963	0.1218871921300888	-0.260502427816391	-0.3823896199464798
1964	0.1218871921300888	-0.260502427816391	-0.3823896199464798
1965	0.1218871921300888	-0.260502427816391	-0.3823896199464798
1966	0.1218871921300888	-0.260502427816391	-0.3823896199464798
1967	0.1218871921300888	-0.260502427816391	-0.3823896199464798
1968	0.1218871921300888	-0.260502427816391	-0.3823896199464798
1969	0.1218871921300888	-0.260502427816391	-0.3823896199464798
1970	0.1218871921300888	-0.260502427816391	-0.3823896199464798
1971	0.1218871921300888	-0.260502427816391	-0.3823896199464798
1972	0.1218871921300888	-0.260502427816391	-0.3823896199464798
1973	0.1218871921300888	-0.260502427816391	-0.3823896199464798
1974	0.1218871921300888	-0.260502427816391	-0.3823896199464798
1975	0.1218871921300888	-0.260502427816391	-0.3823896199464798
1976	0.1218871921300888	-0.260502427816391	-0.3823896199464798
1977	0.1218871921300888	-0.260502427816391	-0.3823896199464798
1978	0.1218871921300888	-0.260502427816391	-0.3823896199464798
1979	0.1218871921300888	-0.260502427816391	-0.3823896199464798
1980	0.1218871921300888	-0.260502427816391	-0.3823896199464798
1981	0.1218871921300888	-0.260502427816391	-0.3823896199464798
1982	0.1218871921300888	-0.260502427816391	-0.3823896199464798
1983	0.1218871921300888	-0.260502427816391	-0.3823896199464798
1984	0.1218871921300888	-0.260502427816391	-0.3823896199464798
1985	0.1218871921300888	-0.260502427816391	-0.3823896199464798
1986	0.1218871921300888	-0.260502427816391	-0.3823896199464798
1987	0.1218871921300888	-0.260502427816391	-0.3823896199464798
1988	0.1218871921300888	-0.260502427816391	-0.3823896199464798
1989	0.1218871921300888	-0.260502427816391	-0.3823896199464798
1990	0.1218871921300888	-0.260502427816391	-0.3823896199464798
1991	0.1218871921300888	-0.260502427816391	-0.3823896199464798
1992	0.1218871921300888	-0.260502427816391	-0.3823896199464798
1993	0.1218871921300888	-0.260502427816391	-0.3823896199464798
1994	0.1218871921300888	-0.260502427816391	-0.3823896199464798
1995	0.1218871921300888	-0.260502427816391	-0.3823896199464798
1996	0.1218871921300888	-0.260502427816391	-0.3823896199464798
1997	0.1218871921300888	-0.260502427816391	-0.3823896199464798
1998	0.1218871921300888	-0.260502427816391	-0.3823896199464798
1999	0.1218871921300888	-0.260502427816391	-0.3823896199464798
2000	0.1218871921300888	-0.260502427816391	-0.3823896199464798

Best Loss: 0.1218871921300888

Training Time (seconds): 354.66928854599246
