Iteration	Loss (h)	Total Cost (f)	Cost g
1	0.5012199282646179	0.5012199282646179	0
2	0.4960692226886749	0.49091851711273193	-0.005150705575942993
3	0.4891502559185028	0.4770805835723877	-0.012069672346115112
4	0.48385605216026306	0.4664921760559082	-0.01736387610435486
5	0.47866448760032654	0.45610904693603516	-0.022555440664291382
6	0.4757000207901001	0.4501801133155823	-0.025519907474517822
7	0.4727964401245117	0.4443729519844055	-0.0284234881401062
8	0.46821078658103943	0.43520164489746094	-0.03300914168357849
9	0.4662052392959595	0.431190550327301	-0.03501468896865845
10	0.4642176926136017	0.42721545696258545	-0.037002235651016235
11	0.4622480273246765	0.4232761263847351	-0.038971900939941406
12	0.4610247313976288	0.42082953453063965	-0.040195196866989136
13	0.4586343467235565	0.4160487651824951	-0.0425855815410614
14	0.4555726945400238	0.4099254608154297	-0.045647233724594116
15	0.4527609348297119	0.4043019413948059	-0.048458993434906006
16	0.45083364844322205	0.40044736862182617	-0.050386279821395874
17	0.4490742087364197	0.39692848920822144	-0.05214571952819824
18	0.4483555555343628	0.39549118280410767	-0.05286437273025513
19	0.4477030634880066	0.39418619871139526	-0.05351686477661133
20	0.44651198387145996	0.391804039478302	-0.05470794439315796
21	0.4443712532520294	0.3875225782394409	-0.0568486750125885
22	0.44371297955513	0.3862060308456421	-0.057506948709487915
23	0.4414445757865906	0.38166922330856323	-0.059775352478027344
24	0.43986746668815613	0.37851500511169434	-0.06135246157646179
25	0.4371342360973358	0.3730485439300537	-0.0640856921672821
26	0.43370476365089417	0.3661895990371704	-0.06751516461372375
27	0.4318498969078064	0.3624798655509949	-0.06937003135681152
28	0.4282732903957367	0.35532665252685547	-0.07294663786888123
29	0.4246421456336975	0.3480643630027771	-0.07657778263092041
30	0.4212614893913269	0.3413030505180359	-0.07995843887329102
31	0.4197457432746887	0.3382715582847595	-0.0814741849899292
32	0.415914922952652	0.33060991764068604	-0.08530500531196594
33	0.4145449697971344	0.3278700113296509	-0.08667495846748352
34	0.4120892584323883	0.3229585886001587	-0.08913066983222961
35	0.40989404916763306	0.3185681700706482	-0.09132587909698486
36	0.4084327816963196	0.31564563512802124	-0.09278714656829834
37	0.40611517429351807	0.3110104203224182	-0.09510475397109985
38	0.404713898897171	0.3082078695297241	-0.0965060293674469
39	0.40321990847587585	0.3052198886871338	-0.09800001978874207
40	0.40257152915000916	0.3039231300354004	-0.09864839911460876
41	0.40039873123168945	0.299577534198761	-0.10082119703292847
42	0.399253785610199	0.29728764295578003	-0.10196614265441895
43	0.3974398076534271	0.29365968704223633	-0.1037801206111908
44	0.39186757802963257	0.2825152277946472	-0.10935235023498535
45	0.3881700038909912	0.2751200795173645	-0.11304992437362671
46	0.38642045855522156	0.2716209888458252	-0.11479946970939636
47	0.3848418593406677	0.26846379041671753	-0.1163780689239502
48	0.3832035958766937	0.26518726348876953	-0.1180163323879242
49	0.3821234107017517	0.2630268931388855	-0.11909651756286621
50	0.3806890845298767	0.2601582407951355	-0.12053084373474121
51	0.37987104058265686	0.2585221529006958	-0.12134888768196106
52	0.37905651330947876	0.2568930983543396	-0.12216341495513916
53	0.3777838349342346	0.2543477416038513	-0.1234360933303833
54	0.3768949806690216	0.2525700330734253	-0.12432494759559631
55	0.3760523200035095	0.2508847117424011	-0.1251676082611084
56	0.37527191638946533	0.24932390451431274	-0.1259480118751526
57	0.3745720088481903	0.2479240894317627	-0.1266479194164276
58	0.3739335238933563	0.24664711952209473	-0.1272864043712616
59	0.37299901247024536	0.2447780966758728	-0.12822091579437256
60	0.3717469274997711	0.24227392673492432	-0.1294730007648468
61	0.37084266543388367	0.24046540260314941	-0.13037726283073425
62	0.36980465054512024	0.23838937282562256	-0.13141527771949768
63	0.36859387159347534	0.23596781492233276	-0.13262605667114258
64	0.3673618733882904	0.2335038185119629	-0.13385805487632751
65	0.36649090051651	0.2317618727684021	-0.1347290277481079
66	0.3658047020435333	0.23038947582244873	-0.1354152262210846
67	0.36527007818222046	0.229320228099823	-0.13594985008239746
68	0.3638613224029541	0.22650271654129028	-0.13735860586166382
69	0.36325111985206604	0.22528231143951416	-0.13796880841255188
70	0.36292845010757446	0.224636971950531	-0.13829147815704346
71	0.3624136447906494	0.2236073613166809	-0.1388062834739685
72	0.36109721660614014	0.22097450494766235	-0.14012271165847778
73	0.3607478141784668	0.22027570009231567	-0.14047211408615112
74	0.3595826327800751	0.21794533729553223	-0.14163729548454285
75	0.35933077335357666	0.2174416184425354	-0.14188915491104126
76	0.35905176401138306	0.2168835997581482	-0.14216816425323486
77	0.3580445945262909	0.21486926078796387	-0.14317533373832703
78	0.3577589690685272	0.21429800987243652	-0.1434609591960907
79	0.3574939966201782	0.21376806497573853	-0.1437259316444397
80	0.3571813404560089	0.2131427526473999	-0.144038587808609
81	0.3563683032989502	0.21151667833328247	-0.14485162496566772
82	0.3560883700847626	0.21095681190490723	-0.14513155817985535
83	0.3558295965194702	0.2104392647743225	-0.1453903317451477
84	0.3554927110671997	0.2097654938697815	-0.1457272171974182
85	0.3548429608345032	0.20846599340438843	-0.14637696743011475
86	0.35457006096839905	0.20792019367218018	-0.14664986729621887
87	0.3543264865875244	0.2074330449104309	-0.1468934416770935
88	0.3537351191043854	0.20625030994415283	-0.14748480916023254
89	0.3534826934337616	0.20574545860290527	-0.14773723483085632
90	0.35324448347091675	0.20526903867721558	-0.14797544479370117
91	0.35299476981163025	0.20476961135864258	-0.14822515845298767
92	0.35274139046669006	0.2042628526687622	-0.14847853779792786
93	0.3524848222732544	0.20374971628189087	-0.14873510599136353
94	0.35222530364990234	0.20323067903518677	-0.14899462461471558
95	0.351951003074646	0.20268207788467407	-0.14926892518997192
96	0.35146671533584595	0.20171350240707397	-0.14975321292877197
97	0.35117846727371216	0.2011370062828064	-0.15004146099090576
98	0.350889652967453	0.20055937767028809	-0.15033027529716492
99	0.35060107707977295	0.19998222589492798	-0.15061885118484497
100	0.35031434893608093	0.19940876960754395	-0.150905579328537
101	0.3500288128852844	0.19883769750595093	-0.1511911153793335
102	0.3497413992881775	0.19826287031173706	-0.15147852897644043
103	0.3494451940059662	0.19767045974731445	-0.15177473425865173
104	0.3491404950618744	0.19706106185913086	-0.15207943320274353
105	0.34882786870002747	0.196435809135437	-0.15239205956459045
106	0.34851109981536865	0.19580227136611938	-0.15270882844924927
107	0.34797221422195435	0.19472450017929077	-0.15324771404266357
108	0.34217703342437744	0.18313413858413696	-0.15904289484024048
109	0.3414793908596039	0.18173885345458984	-0.15974053740501404
110	0.3379751443862915	0.1747303605079651	-0.16324478387832642
111	0.33647239208221436	0.1717248558998108	-0.16474753618240356
112	0.3355095684528351	0.16979920864105225	-0.16571035981178284
113	0.3349941372871399	0.16876834630966187	-0.16622579097747803
114	0.3346020579338074	0.16798418760299683	-0.16661787033081055
115	0.33424174785614014	0.16726356744766235	-0.16697818040847778
116	0.3338087201118469	0.16639751195907593	-0.167411208152771
117	0.33348751068115234	0.16575509309768677	-0.16773241758346558
118	0.333018034696579	0.16481614112854004	-0.16820189356803894
119	0.3325194716453552	0.16381901502609253	-0.1687004566192627
120	0.3321186602115631	0.1630173921585083	-0.1691012680530548
121	0.33181238174438477	0.1624048352241516	-0.16940754652023315
122	0.33138513565063477	0.1615503430366516	-0.16983479261398315
123	0.330923467874527	0.16062700748443604	-0.17029646039009094
124	0.3305473029613495	0.15987467765808105	-0.17067262530326843
125	0.33025258779525757	0.15928524732589722	-0.17096734046936035
126	0.32989799976348877	0.15857607126235962	-0.17132192850112915
127	0.3294665515422821	0.1577131748199463	-0.17175337672233582
128	0.3291110396385193	0.15700215101242065	-0.17210888862609863
129	0.3288275897502899	0.15643525123596191	-0.172392338514328
130	0.3285774886608124	0.15593504905700684	-0.17264243960380554
131	0.32827115058898926	0.1553223729133606	-0.17294877767562866
132	0.32799121737480164	0.15476250648498535	-0.17322871088981628
133	0.32775014638900757	0.15428036451339722	-0.17346978187561035
134	0.32742413878440857	0.15362834930419922	-0.17379578948020935
135	0.32638388872146606	0.1515478491783142	-0.17483603954315186
136	0.32587191462516785	0.15052390098571777	-0.17534801363945007
137	0.32310250401496887	0.14498507976531982	-0.17811742424964905
138	0.3210526704788208	0.14088541269302368	-0.18016725778579712
139	0.31964847445487976	0.1380770206451416	-0.18157145380973816
140	0.3186260461807251	0.13603216409683228	-0.18259388208389282
141	0.31625261902809143	0.13128530979156494	-0.1849673092365265
142	0.31488680839538574	0.12855368852615356	-0.18633311986923218
143	0.3109399974346161	0.12066006660461426	-0.19027993083000183
144	0.3060030937194824	0.11078625917434692	-0.1952168345451355
145	0.3005902171134949	0.09996050596237183	-0.20062971115112305
146	0.29584404826164246	0.09046816825866699	-0.20537588000297546
147	0.29265937209129333	0.08409881591796875	-0.20856055617332458
148	0.2894439995288849	0.07766807079315186	-0.21177592873573303
149	0.28636258840560913	0.07150524854660034	-0.2148573398590088
150	0.2847599387168884	0.06829994916915894	-0.2164599895477295
151	0.2811838686466217	0.06114780902862549	-0.22003605961799622
152	0.2793425917625427	0.05746525526046753	-0.2218773365020752
153	0.27676910161972046	0.052318274974823	-0.22445082664489746
154	0.27412354946136475	0.04702717065811157	-0.22709637880325317
155	0.2707085609436035	0.04019719362258911	-0.2305113673210144
156	0.26377740502357483	0.02633488178253174	-0.2374425232410431
157	0.2568809986114502	0.01254206895828247	-0.24433892965316772
158	0.25378477573394775	0.006349623203277588	-0.24743515253067017
159	0.24836046993732452	-0.004498988389968872	-0.2528594583272934
160	0.2417326718568802	-0.017754584550857544	-0.25948725640773773
161	0.23882842063903809	-0.023563086986541748	-0.26239150762557983
162	0.23434893786907196	-0.032522052526474	-0.26687099039554596
163	0.23075638711452484	-0.03970715403556824	-0.2704635411500931
164	0.2265765368938446	-0.04806685447692871	-0.2746433913707733
165	0.22201742231845856	-0.057185083627700806	-0.27920250594615936
166	0.21789370477199554	-0.06543251872062683	-0.2833262234926224
167	0.2142873853445053	-0.0726451575756073	-0.2869325429201126
168	0.21102432906627655	-0.07917127013206482	-0.29019559919834137
169	0.20772360265254974	-0.08577272295951843	-0.2934963256120682
170	0.20357449352741241	-0.09407094120979309	-0.2976454347372055
171	0.1994679570198059	-0.1022840142250061	-0.301751971244812
172	0.19215577840805054	-0.11690837144851685	-0.3090641498565674
173	0.18738044798374176	-0.1264590322971344	-0.31383948028087616
174	0.1851188838481903	-0.1309821605682373	-0.3161010444164276
175	0.17912577092647552	-0.14296838641166687	-0.3220941573381424
176	0.1738153100013733	-0.15358930826187134	-0.32740461826324463
177	0.17099107801914215	-0.15923777222633362	-0.33022885024547577
178	0.1683376431465149	-0.16454464197158813	-0.332882285118103
179	0.1625862568616867	-0.1760474145412445	-0.3386336714029312
180	0.15928567945957184	-0.18264856934547424	-0.3419342488050461
181	0.15714073181152344	-0.18693846464157104	-0.3440791964530945
182	0.15513263642787933	-0.19095465540885925	-0.3460872918367386
183	0.15327052772045135	-0.1946788728237152	-0.34794940054416656
184	0.1511785387992859	-0.19886285066604614	-0.35004138946533203
185	0.148611918091774	-0.20399609208106995	-0.35260801017284393
186	0.1465410739183426	-0.20813778042793274	-0.35467885434627533
187	0.14430300891399384	-0.21261391043663025	-0.3569169193506241
188	0.14203354716300964	-0.21715283393859863	-0.3591863811016083
189	0.13992537558078766	-0.2213691771030426	-0.36129455268383026
190	0.137985497713089	-0.22524893283843994	-0.36323443055152893
191	0.13621649146080017	-0.22878694534301758	-0.36500343680381775
192	0.13445302844047546	-0.232313871383667	-0.36676689982414246
193	0.1324002742767334	-0.23641937971115112	-0.3688196539878845
194	0.13049325346946716	-0.2402334213256836	-0.37072667479515076
195	0.1287696808576584	-0.24368056654930115	-0.37245024740695953
196	0.1271660178899765	-0.24688789248466492	-0.3740539103746414
197	0.1255868524312973	-0.2500462234020233	-0.3756330758333206
198	0.12404035031795502	-0.2531392276287079	-0.3771795779466629
199	0.12264224886894226	-0.2559354305267334	-0.37857767939567566
200	0.12127238512039185	-0.25867515802383423	-0.3799475431442261
201	0.11986863613128662	-0.2614826560020447	-0.3813512921333313
202	0.11683957278728485	-0.2675407826900482	-0.38438035547733307
203	0.11495150625705719	-0.27131691575050354	-0.38626842200756073
204	0.11337975412607193	-0.27446042001247406	-0.387840174138546
205	0.11177802830934525	-0.27766387164592743	-0.3894418999552727
206	0.1101161539554596	-0.28098762035369873	-0.3911037743091583
207	0.1086275726556778	-0.28396478295326233	-0.3925923556089401
208	0.10730970650911331	-0.2866005152463913	-0.3939102217555046
209	0.1061556488275528	-0.28890863060951233	-0.3950642794370651
210	0.1049911379814148	-0.29123765230178833	-0.3962287902832031
211	0.10276676714420319	-0.29568639397621155	-0.39845316112041473
212	0.10124451667070389	-0.29873089492321014	-0.39997541159391403
213	0.09991326183080673	-0.30139340460300446	-0.4013066664338112
214	0.09868527203798294	-0.30384938418865204	-0.402534656226635
215	0.09649527817964554	-0.30822937190532684	-0.4047246500849724
216	0.09488335251808167	-0.3114532232284546	-0.40633657574653625
217	0.09349009394645691	-0.3142397403717041	-0.407729834318161
218	0.09116365015506744	-0.31889262795448303	-0.4100562781095505
219	0.08935689181089401	-0.3225061446428299	-0.4118630364537239
220	0.08812076598405838	-0.32497839629650116	-0.41309916228055954
221	0.08606265485286713	-0.32909461855888367	-0.4151572734117508
222	0.08405518531799316	-0.3331095576286316	-0.41716474294662476
223	0.08254591375589371	-0.3361281007528305	-0.4186740145087242
224	0.08133005350828171	-0.3385598212480545	-0.4198898747563362
225	0.08018846064805984	-0.34084300696849823	-0.4210314676165581
226	0.07829315960407257	-0.3446336090564728	-0.42292676866054535
227	0.07701501250267029	-0.34718990325927734	-0.42420491576194763
228	0.07587691396474838	-0.34946610033512115	-0.42534301429986954
229	0.07509059458971024	-0.35103873908519745	-0.4261293336749077
230	0.07434075325727463	-0.35253842175006866	-0.4268791750073433
231	0.07364276051521301	-0.3539344072341919	-0.4275771677494049
232	0.0728684514760971	-0.3554830253124237	-0.4283514767885208
233	0.07224613428115845	-0.356727659702301	-0.4289737939834595
234	0.07166783511638641	-0.3578842580318451	-0.4295520931482315
235	0.07116159051656723	-0.35889674723148346	-0.4300583377480507
236	0.07068166881799698	-0.35985659062862396	-0.43053825944662094
237	0.07007019221782684	-0.36107954382896423	-0.4311497360467911
238	0.06959906965494156	-0.3620217889547348	-0.43162085860967636
239	0.06913056969642639	-0.36295878887176514	-0.43208935856819153
240	0.06872827559709549	-0.36376337707042694	-0.43249165266752243
241	0.06838321685791016	-0.3644534945487976	-0.43283671140670776
242	0.06805074214935303	-0.36511844396591187	-0.4331691861152649
243	0.0676245242357254	-0.3659708797931671	-0.4335954040288925
244	0.0672897920012474	-0.3666403442621231	-0.4339301362633705
245	0.06696294248104095	-0.367294043302536	-0.43425698578357697
246	0.06664016097784042	-0.3679396063089371	-0.4345797672867775
247	0.06636440008878708	-0.36849112808704376	-0.43485552817583084
248	0.06613006442785263	-0.36895979940891266	-0.4350898638367653
249	0.065864697098732	-0.36949053406715393	-0.4353552311658859
250	0.06502355635166168	-0.37117281556129456	-0.43619637191295624
251	0.06478860974311829	-0.37164270877838135	-0.43643131852149963
252	0.064591184258461	-0.3720375597476959	-0.4366287440061569
253	0.06422077119350433	-0.37277838587760925	-0.4369991570711136
254	0.06194932758808136	-0.3773212730884552	-0.43927060067653656
255	0.06164346635341644	-0.37793299555778503	-0.4395764619112015
256	0.06142713129520416	-0.3783656656742096	-0.43979279696941376
257	0.06121351197361946	-0.378792904317379	-0.44000641629099846
258	0.06102239713072777	-0.3791751340031624	-0.44019753113389015
259	0.06083641201257706	-0.3795471042394638	-0.44038351625204086
260	0.06063420698046684	-0.37995151430368423	-0.4405857212841511
261	0.060459211468696594	-0.38030150532722473	-0.4407607167959213
262	0.06028798595070839	-0.38064395636320114	-0.44093194231390953
263	0.060122255235910416	-0.3809754177927971	-0.4410976730287075
264	0.05977482348680496	-0.381670281291008	-0.44144510477781296
265	0.0596301406621933	-0.3819596469402313	-0.4415897876024246
266	0.05951070412993431	-0.3821985200047493	-0.4417092241346836
267	0.05941491201519966	-0.3823901042342186	-0.44180501624941826
268	0.059331513941287994	-0.38255690038204193	-0.4418884143233299
269	0.05917856842279434	-0.38286279141902924	-0.4420413598418236
270	0.05908800661563873	-0.38304391503334045	-0.4421319216489792
271	0.05901674926280975	-0.3831864297389984	-0.44220317900180817
272	0.058954451233148575	-0.38331102579832077	-0.44226547703146935
273	0.05889655277132988	-0.38342682272195816	-0.44232337549328804
274	0.05883493646979332	-0.3835500553250313	-0.4423849917948246
275	0.058773864060640335	-0.38367220014333725	-0.4424460642039776
276	0.058724306523799896	-0.3837713152170181	-0.442495621740818
277	0.05867746099829674	-0.38386500626802444	-0.4425424672663212
278	0.058634158223867416	-0.3839516118168831	-0.4425857700407505
279	0.05856510251760483	-0.38408972322940826	-0.4426548257470131
280	0.058490194380283356	-0.3842395395040512	-0.44272973388433456
281	0.05841898173093796	-0.384381964802742	-0.44280094653367996
282	0.05834526941180229	-0.38452938944101334	-0.44287465885281563
283	0.0582817867398262	-0.3846563547849655	-0.4429381415247917
284	0.058219414204359055	-0.3847810998558998	-0.44300051406025887
285	0.0581553652882576	-0.3849091976881027	-0.4430645629763603
286	0.05809377133846283	-0.38503238558769226	-0.4431261569261551
287	0.05803127586841583	-0.38515737652778625	-0.4431886523962021
288	0.057978466153144836	-0.38526299595832825	-0.4432414621114731
289	0.05791304633021355	-0.3853938356041908	-0.4433068819344044
290	0.05786715820431709	-0.38548561185598373	-0.4433527700603008
291	0.05780530720949173	-0.38560931384563446	-0.4434146210551262
292	0.057760488241910934	-0.38569895178079605	-0.443459440022707
293	0.057705096900463104	-0.3858097344636917	-0.4435148313641548
294	0.057660069316625595	-0.38589978963136673	-0.4435598589479923
295	0.0576121062040329	-0.3859957158565521	-0.443607822060585
296	0.05756647512316704	-0.38608697801828384	-0.4436534531414509
297	0.057527460157871246	-0.3861650079488754	-0.4436924681067467
298	0.05748021975159645	-0.386259488761425	-0.44373970851302147
299	0.05744709447026253	-0.38632573932409286	-0.4437728337943554
300	0.05741502344608307	-0.3863898813724518	-0.44380490481853485
301	0.057365547865629196	-0.3864888325333595	-0.4438543803989887
302	0.057335007935762405	-0.3865499123930931	-0.4438849203288555
303	0.05729496851563454	-0.38662999123334885	-0.4439249597489834
304	0.05726168304681778	-0.38669656217098236	-0.44395824521780014
305	0.05722997337579727	-0.3867599815130234	-0.44398995488882065
306	0.05719342455267906	-0.3868330791592598	-0.44402650371193886
307	0.05717002972960472	-0.3868798688054085	-0.4440498985350132
308	0.05713135376572609	-0.38695722073316574	-0.44408857449889183
309	0.05710737407207489	-0.38700518012046814	-0.44411255419254303
310	0.057074613869190216	-0.3870707005262375	-0.4441453143954277
311	0.057046614587306976	-0.38712669909000397	-0.44417331367731094
312	0.0570228211581707	-0.3871742859482765	-0.4441971071064472
313	0.056992873549461365	-0.3872341811656952	-0.44422705471515656
314	0.05697222054004669	-0.38727548718452454	-0.44424770772457123
315	0.05695534124970436	-0.3873092457652092	-0.44426458701491356
316	0.05692354962229729	-0.38737282902002335	-0.44429637864232063
317	0.056903064250946045	-0.38741379976272583	-0.4443168640136719
318	0.05687925964593887	-0.3874614089727402	-0.44434066861867905
319	0.05685685947537422	-0.3875062093138695	-0.4443630687892437
320	0.05683937668800354	-0.38754117488861084	-0.4443805515766144
321	0.05681302025914192	-0.3875938877463341	-0.444406908005476
322	0.056798048317432404	-0.3876238316297531	-0.4444218799471855
323	0.05677178129553795	-0.387676365673542	-0.44444814696907997
324	0.05675395950675011	-0.3877120092511177	-0.4444659687578678
325	0.05673570930957794	-0.38774850964546204	-0.44448421895504
326	0.05671356990933418	-0.38779278844594955	-0.44450635835528374
327	0.056702371686697006	-0.3878151848912239	-0.4445175565779209
328	0.05669330433011055	-0.3878333196043968	-0.44452662393450737
329	0.056667428463697433	-0.38788507133722305	-0.4445524998009205
330	0.0566534586250782	-0.3879130110144615	-0.4445664696395397
331	0.056635644286870956	-0.387948639690876	-0.44458428397774696
332	0.0566166453063488	-0.3879866376519203	-0.4446032829582691
333	0.056606292724609375	-0.38800734281539917	-0.44461363554000854
334	0.0565824881196022	-0.3880549520254135	-0.4446374401450157
335	0.05657022446393967	-0.3880794793367386	-0.44464970380067825
336	0.056550681591033936	-0.38811856508255005	-0.444669246673584
337	0.056534089148044586	-0.38815174996852875	-0.44468583911657333
338	0.05652257800102234	-0.38817477226257324	-0.4446973502635956
339	0.05650056526064873	-0.38821879774332047	-0.4447193630039692
340	0.05649128556251526	-0.3882373571395874	-0.44472864270210266
341	0.05647129565477371	-0.3882773369550705	-0.4447486326098442
342	0.056456297636032104	-0.3883073329925537	-0.4447636306285858
343	0.05644500255584717	-0.3883299231529236	-0.44477492570877075
344	0.05643753334879875	-0.3883448615670204	-0.44478239491581917
345	0.05642490088939667	-0.3883701264858246	-0.44479502737522125
346	0.05640951916575432	-0.3884008899331093	-0.4448104090988636
347	0.05639125779271126	-0.3884374126791954	-0.44482867047190666
348	0.05638344958424568	-0.38845302909612656	-0.44483647868037224
349	0.05637228861451149	-0.38847535103559494	-0.44484763965010643
350	0.05635504052042961	-0.3885098472237587	-0.4448648877441883
351	0.056339506059885025	-0.38854091614484787	-0.4448804222047329
352	0.056330177932977676	-0.38855957239866257	-0.44488975033164024
353	0.05631991848349571	-0.3885800912976265	-0.4449000097811222
354	0.056305497884750366	-0.3886089324951172	-0.44491443037986755
355	0.05629918724298477	-0.3886215537786484	-0.44492074102163315
356	0.0562899075448513	-0.3886401131749153	-0.4449300207197666
357	0.056277770549058914	-0.3886643871665001	-0.444942157715559
358	0.0562739372253418	-0.3886720538139343	-0.4449459910392761
359	0.05626852437853813	-0.38868287950754166	-0.4449514038860798
360	0.05625584349036217	-0.3887082412838936	-0.44496408477425575
361	0.056245993822813034	-0.38872794061899185	-0.4449739344418049
362	0.05622544139623642	-0.3887690454721451	-0.4449944868683815
363	0.05621666461229324	-0.38878659904003143	-0.4450032636523247
364	0.056196413934230804	-0.3888271003961563	-0.4450235143303871
365	0.056183110922575	-0.3888537064194679	-0.4450368173420429
366	0.05617230385541916	-0.3888753205537796	-0.44504762440919876
367	0.05615345016121864	-0.38891302794218063	-0.4450664781033993
368	0.05614654719829559	-0.38892683386802673	-0.4450733810663223
369	0.05612756311893463	-0.38896480202674866	-0.4450923651456833
370	0.05611570179462433	-0.38898852467536926	-0.4451042264699936
371	0.0561053603887558	-0.3890092074871063	-0.4451145678758621
372	0.056088004261255264	-0.3890439197421074	-0.44513192400336266
373	0.05607885494828224	-0.38906221836805344	-0.4451410733163357
374	0.05606846511363983	-0.38908299803733826	-0.4451514631509781
375	0.056056469678878784	-0.38910698890686035	-0.44516345858573914
376	0.056040409952402115	-0.3891391083598137	-0.4451795183122158
377	0.05603090673685074	-0.38915811479091644	-0.4451890215277672
378	0.05602161958813667	-0.3891766890883446	-0.44519830867648125
379	0.05600813031196594	-0.38920366764068604	-0.445211797952652
380	0.055993661284446716	-0.3892326056957245	-0.4452262669801712
381	0.05598381906747818	-0.38925229012966156	-0.44523610919713974
382	0.05597595125436783	-0.38926802575588226	-0.4452439770102501
383	0.055960413068532944	-0.38929910212755203	-0.445259515196085
384	0.055947333574295044	-0.38932526111602783	-0.4452725946903229
385	0.05593714863061905	-0.3893456310033798	-0.44528277963399887
386	0.055930688977241516	-0.3893585503101349	-0.4452892392873764
387	0.05591350048780441	-0.3893929272890091	-0.4453064277768135
388	0.05590134859085083	-0.38941723108291626	-0.4453185796737671
389	0.05589081719517708	-0.38943829387426376	-0.44532911106944084
390	0.05588413402438164	-0.38945166021585464	-0.4453357942402363
391	0.055873673409223557	-0.3894725814461708	-0.44534625485539436
392	0.05586143583059311	-0.3894970566034317	-0.4453584924340248
393	0.05584423989057541	-0.3895314484834671	-0.4453756883740425
394	0.05582379922270775	-0.3895723298192024	-0.44539612904191017
395	0.055814068764448166	-0.3895917907357216	-0.44540585950016975
396	0.0558028407394886	-0.3896142467856407	-0.4454170875251293
397	0.055795468389987946	-0.38962899148464203	-0.44542445987463
398	0.05578707158565521	-0.3896457850933075	-0.4454328566789627
399	0.055771246552467346	-0.3896774351596832	-0.4454486817121506
400	0.055757418274879456	-0.389705091714859	-0.44546250998973846
401	0.055749695748090744	-0.38972053676843643	-0.4454702325165272
402	0.05574258416891098	-0.38973475992679596	-0.44547734409570694
403	0.05572507902979851	-0.3897697702050209	-0.4454948492348194
404	0.05571220442652702	-0.3897955194115639	-0.4455077238380909
405	0.055704131722450256	-0.3898116648197174	-0.44551579654216766
406	0.05569810792803764	-0.38982371240854263	-0.4455218203365803
407	0.055678870528936386	-0.38986218720674515	-0.44554105773568153
408	0.05566709116101265	-0.3898857459425926	-0.44555283710360527
409	0.05565743148326874	-0.38990506529808044	-0.4455624967813492
410	0.05563729256391525	-0.3899453431367874	-0.44558263570070267
411	0.055619530379772186	-0.38998086750507355	-0.44560039788484573
412	0.05560818687081337	-0.3900035545229912	-0.44561174139380455
413	0.0555967316031456	-0.3900264650583267	-0.4456231966614723
414	0.055589135736227036	-0.39004165679216385	-0.4456307925283909
415	0.05557950586080551	-0.3900609165430069	-0.4456404224038124
416	0.05556664615869522	-0.3900866359472275	-0.4456532821059227
417	0.05555045232176781	-0.3901190236210823	-0.4456694759428501
418	0.05552953481674194	-0.39016085863113403	-0.445690393447876
419	0.05552029237151146	-0.390179343521595	-0.44569963589310646
420	0.05550815165042877	-0.3902036249637604	-0.44571177661418915
421	0.0554998554289341	-0.3902202174067497	-0.4457200728356838
422	0.05549216642975807	-0.3902355954051018	-0.44572776183485985
423	0.05547591298818588	-0.39026810228824615	-0.44574401527643204
424	0.05546260625123978	-0.39029471576213837	-0.44575732201337814
425	0.05545395612716675	-0.3903120160102844	-0.44576597213745117
426	0.05544757843017578	-0.39032477140426636	-0.44577234983444214
427	0.055430032312870026	-0.39035986363887787	-0.4457898959517479
428	0.05541764199733734	-0.39038464426994324	-0.4458022862672806
429	0.055408645421266556	-0.3904026374220848	-0.44581128284335136
430	0.055403199046850204	-0.3904135301709175	-0.4458167292177677
431	0.055384133011102676	-0.39045166224241257	-0.44583579525351524
432	0.05537283793091774	-0.39047425240278244	-0.4458470903337002
433	0.05536350607872009	-0.39049291610717773	-0.4458564221858978
434	0.05535805597901344	-0.39050381630659103	-0.4458618722856045
435	0.05534835159778595	-0.390523225069046	-0.44587157666683197
436	0.05533415451645851	-0.3905516192317009	-0.4458857737481594
437	0.055317021906375885	-0.39058588445186615	-0.44590290635824203
438	0.05529477819800377	-0.3906303718686104	-0.44592515006661415
439	0.05528533458709717	-0.3906492590904236	-0.44593459367752075
440	0.05527370050549507	-0.3906725272536278	-0.44594622775912285
441	0.055256910622119904	-0.3907061070203781	-0.445963017642498
442	0.055237334221601486	-0.39074525982141495	-0.44598259404301643
443	0.05522818863391876	-0.3907635509967804	-0.44599173963069916
444	0.055215124040842056	-0.3907896801829338	-0.44600480422377586
445	0.05520590394735336	-0.3908081203699112	-0.44601402431726456
446	0.05519852414727211	-0.3908228799700737	-0.4460214041173458
447	0.055184025317430496	-0.3908518776297569	-0.4460359029471874
448	0.05517038330435753	-0.39087916165590286	-0.4460495449602604
449	0.05516082048416138	-0.39089828729629517	-0.44605910778045654
450	0.05515438690781593	-0.39091115444898605	-0.446065541356802
451	0.055138688534498215	-0.3909425511956215	-0.4460812397301197
452	0.055126167833805084	-0.39096759259700775	-0.44609376043081284
453	0.055116262286901474	-0.39098740369081497	-0.44610366597771645
454	0.055110227316617966	-0.390999473631382	-0.44610970094799995
455	0.055099498480558395	-0.39102093130350113	-0.4461204297840595
456	0.05508887395262718	-0.39104218035936356	-0.44613105431199074
457	0.05506855621933937	-0.3910828158259392	-0.44615137204527855
458	0.055050041526556015	-0.3911198452115059	-0.4461698867380619
459	0.05503927171230316	-0.3911413848400116	-0.44618065655231476
460	0.05502866581082344	-0.39116259664297104	-0.4461912624537945
461	0.055021945387125015	-0.3911760374903679	-0.4461979828774929
462	0.05501309037208557	-0.3911937475204468	-0.44620683789253235
463	0.05499985069036484	-0.39122022688388824	-0.4462200775742531
464	0.05498301982879639	-0.39125388860702515	-0.44623690843582153
465	0.05496194213628769	-0.39129604399204254	-0.44625798612833023
466	0.054952993988990784	-0.39131394028663635	-0.44626693427562714
467	0.054941702634096146	-0.39133652299642563	-0.4462782256305218
468	0.05493428185582161	-0.3913513645529747	-0.4462856464087963
469	0.05492723733186722	-0.3913654536008835	-0.4462926909327507
470	0.05491131544113159	-0.39139729738235474	-0.44630861282348633
471	0.054897818714380264	-0.3914242908358574	-0.44632210955023766
472	0.05489004775881767	-0.3914398327469826	-0.44632988050580025
473	0.05488400533795357	-0.3914519175887108	-0.44633592292666435
474	0.054866936057806015	-0.3914860561490059	-0.4463529922068119
475	0.05485442280769348	-0.39151108264923096	-0.44636550545692444
476	0.05484631285071373	-0.39152730256319046	-0.4463736154139042
477	0.05484112724661827	-0.3915376737713814	-0.44637880101799965
478	0.054822757840156555	-0.3915744125843048	-0.44639717042446136
479	0.05481107160449028	-0.39159778505563736	-0.44640885666012764
480	0.05480261147022247	-0.391614705324173	-0.44641731679439545
481	0.05479807034134865	-0.3916237875819206	-0.44642185792326927
482	0.054788410663604736	-0.39164310693740845	-0.4464315176010132
483	0.054775454103946686	-0.39166902005672455	-0.44644447416067123
484	0.05475638061761856	-0.3917071670293808	-0.44646354764699936
485	0.05473564937710762	-0.3917486295104027	-0.4464842788875103
486	0.05472569912672043	-0.39176853001117706	-0.4464942291378975
487	0.05471654608845711	-0.3917868360877037	-0.4465033821761608
488	0.05471130087971687	-0.3917973265051842	-0.44650862738490105
489	0.05470333993434906	-0.3918132483959198	-0.44651658833026886
490	0.05468795821070671	-0.3918440118432045	-0.4465319700539112
491	0.054672256112098694	-0.39187541604042053	-0.4465476721525192
492	0.054649144411087036	-0.39192163944244385	-0.4465707838535309
493	0.05464078113436699	-0.39193836599588394	-0.44657914713025093
494	0.05462959036231041	-0.3919607475399971	-0.4465903379023075
495	0.054612912237644196	-0.39199410378932953	-0.4466070160269737
496	0.05459413677453995	-0.392031654715538	-0.446625791490078
497	0.05458970367908478	-0.39204052090644836	-0.44663022458553314
498	0.054563429206609726	-0.39209306985139847	-0.4466564990580082
499	0.05455673485994339	-0.39210645854473114	-0.44666319340467453
500	0.054552361369132996	-0.39211520552635193	-0.4466675668954849
501	0.05454276129603386	-0.3921344056725502	-0.44667716696858406
502	0.05451996996998787	-0.3921799883246422	-0.44669995829463005
503	0.054514456540346146	-0.39219101518392563	-0.4467054717242718
504	0.05450991168618202	-0.3922001048922539	-0.4467100165784359
505	0.05450180917978287	-0.3922163099050522	-0.44671811908483505
506	0.054478056728839874	-0.39226381480693817	-0.44674187153577805
507	0.05447237566113472	-0.3922751769423485	-0.4467475526034832
508	0.05446765944361687	-0.3922846093773842	-0.44675226882100105
509	0.0544610358774662	-0.3922978565096855	-0.4467588923871517
510	0.0544363409280777	-0.3923472464084625	-0.4467835873365402
511	0.054430484771728516	-0.3923589587211609	-0.4467894434928894
512	0.054425597190856934	-0.39236873388290405	-0.446794331073761
513	0.05442042648792267	-0.3923790752887726	-0.44679950177669525
514	0.05439483001828194	-0.39243026822805405	-0.446825098246336
515	0.054388802498579025	-0.39244232326745987	-0.4468311257660389
516	0.05438373610377312	-0.3924524560570717	-0.4468361921608448
517	0.05437964200973511	-0.3924606442451477	-0.4468402862548828
518	0.054370563477277756	-0.3924788013100624	-0.44684936478734016
519	0.05434732139110565	-0.3925252854824066	-0.44687260687351227
520	0.05434208735823631	-0.3925357535481453	-0.4468778409063816
521	0.054337821900844574	-0.39254428446292877	-0.44688210636377335
522	0.05433014780282974	-0.39255963265895844	-0.4468897804617882
523	0.05430606007575989	-0.39260780811309814	-0.44691386818885803
524	0.05430065095424652	-0.3926186263561249	-0.4469192773103714
525	0.054296206682920456	-0.392627514898777	-0.44692372158169746
526	0.054289933294057846	-0.39264006167650223	-0.4469299949705601
527	0.054265014827251434	-0.39268989861011505	-0.4469549134373665
528	0.05425943434238434	-0.39270105957984924	-0.4469604939222336
529	0.05425482615828514	-0.39271027594804764	-0.4469651021063328
530	0.05424990504980087	-0.3927201181650162	-0.44697002321481705
531	0.05422419682145119	-0.39277153462171555	-0.44699573144316673
532	0.054218437522649765	-0.3927830532193184	-0.44700149074196815
533	0.05421365424990654	-0.39279261976480484	-0.4470062740147114
534	0.05420984327793121	-0.3928002417087555	-0.4470100849866867
535	0.054200902581214905	-0.3928181231021881	-0.447019025683403
536	0.054177675396203995	-0.39286457747220993	-0.4470422528684139
537	0.05417272076010704	-0.39287448674440384	-0.4470472075045109
538	0.054168738424777985	-0.39288245141506195	-0.44705118983983994
539	0.05416111275553703	-0.39289770275354385	-0.4470588155090809
540	0.054137155413627625	-0.39294561743736267	-0.4470827728509903
541	0.054132018238306046	-0.39295589178800583	-0.4470879100263119
542	0.05412786081433296	-0.392964206635952	-0.44709206745028496
543	0.054121535271406174	-0.3929768577218056	-0.44709839299321175
544	0.05409687012434006	-0.3930261880159378	-0.44712305814027786
545	0.054091569036245346	-0.39303679019212723	-0.4471283592283726
546	0.054087232798337936	-0.39304546266794205	-0.44713269546628
547	0.05408218130469322	-0.3930555656552315	-0.4471377469599247
548	0.054056838154792786	-0.39310625195503235	-0.44716309010982513
549	0.05405135825276375	-0.3931172117590904	-0.44716857001185417
550	0.05404685437679291	-0.3931262195110321	-0.447173073887825
551	0.05404303967952728	-0.39313384890556335	-0.44717688858509064
552	0.05401706323027611	-0.3931858018040657	-0.4472028650343418
553	0.05401141196489334	-0.39319710433483124	-0.4472085162997246
554	0.054006729274988174	-0.39320646971464157	-0.44721319898962975
555	0.0540030375123024	-0.3932138532400131	-0.4472168907523155
556	0.05400031805038452	-0.3932192921638489	-0.4472196102142334
557	0.05399810150265694	-0.39322372525930405	-0.447221826761961
558	0.05399637669324875	-0.3932271748781204	-0.44722355157136917
559	0.05399556830525398	-0.39322879165410995	-0.44722435995936394
560	0.05399278923869133	-0.39323434978723526	-0.4472271390259266
561	0.05399100482463837	-0.3932379186153412	-0.44722892343997955
562	0.053990211337804794	-0.39323950558900833	-0.4472297169268131
563	0.053990211337804794	-0.39323950558900833	-0.4472297169268131
564	0.053990211337804794	-0.39323950558900833	-0.4472297169268131
565	0.053990211337804794	-0.39323950558900833	-0.4472297169268131
566	0.053990211337804794	-0.39323950558900833	-0.4472297169268131
567	0.053990211337804794	-0.39323950558900833	-0.4472297169268131
568	0.053990211337804794	-0.39323950558900833	-0.4472297169268131
569	0.053990211337804794	-0.39323950558900833	-0.4472297169268131
570	0.053990211337804794	-0.39323950558900833	-0.4472297169268131
571	0.053990211337804794	-0.39323950558900833	-0.4472297169268131
572	0.053990211337804794	-0.39323950558900833	-0.4472297169268131
573	0.053990211337804794	-0.39323950558900833	-0.4472297169268131
574	0.053990211337804794	-0.39323950558900833	-0.4472297169268131
575	0.053990211337804794	-0.39323950558900833	-0.4472297169268131
576	0.053990211337804794	-0.39323950558900833	-0.4472297169268131
577	0.053990211337804794	-0.39323950558900833	-0.4472297169268131
578	0.053990211337804794	-0.39323950558900833	-0.4472297169268131
579	0.053990211337804794	-0.39323950558900833	-0.4472297169268131
580	0.053990211337804794	-0.39323950558900833	-0.4472297169268131
581	0.053990211337804794	-0.39323950558900833	-0.4472297169268131
582	0.053990211337804794	-0.39323950558900833	-0.4472297169268131
583	0.053990211337804794	-0.39323950558900833	-0.4472297169268131
584	0.053990211337804794	-0.39323950558900833	-0.4472297169268131
585	0.053990211337804794	-0.39323950558900833	-0.4472297169268131
586	0.053990211337804794	-0.39323950558900833	-0.4472297169268131
587	0.053990211337804794	-0.39323950558900833	-0.4472297169268131
588	0.053990211337804794	-0.39323950558900833	-0.4472297169268131
589	0.053990211337804794	-0.39323950558900833	-0.4472297169268131
590	0.053990211337804794	-0.39323950558900833	-0.4472297169268131
591	0.053990211337804794	-0.39323950558900833	-0.4472297169268131
592	0.053990211337804794	-0.39323950558900833	-0.4472297169268131
593	0.053990211337804794	-0.39323950558900833	-0.4472297169268131
594	0.053990211337804794	-0.39323950558900833	-0.4472297169268131
595	0.053990211337804794	-0.39323950558900833	-0.4472297169268131
596	0.053990211337804794	-0.39323950558900833	-0.4472297169268131
597	0.053990211337804794	-0.39323950558900833	-0.4472297169268131
598	0.053990211337804794	-0.39323950558900833	-0.4472297169268131
599	0.053990211337804794	-0.39323950558900833	-0.4472297169268131
600	0.053990211337804794	-0.39323950558900833	-0.4472297169268131
601	0.053990211337804794	-0.39323950558900833	-0.4472297169268131
602	0.053990211337804794	-0.39323950558900833	-0.4472297169268131
603	0.053990211337804794	-0.39323950558900833	-0.4472297169268131
604	0.053990211337804794	-0.39323950558900833	-0.4472297169268131
605	0.053990211337804794	-0.39323950558900833	-0.4472297169268131
606	0.053990211337804794	-0.39323950558900833	-0.4472297169268131
607	0.053990211337804794	-0.39323950558900833	-0.4472297169268131
608	0.053990211337804794	-0.39323950558900833	-0.4472297169268131
609	0.053990211337804794	-0.39323950558900833	-0.4472297169268131
610	0.053990211337804794	-0.39323950558900833	-0.4472297169268131
611	0.053990211337804794	-0.39323950558900833	-0.4472297169268131
612	0.053990211337804794	-0.39323950558900833	-0.4472297169268131
613	0.053990211337804794	-0.39323950558900833	-0.4472297169268131
614	0.053990211337804794	-0.39323950558900833	-0.4472297169268131
615	0.053990211337804794	-0.39323950558900833	-0.4472297169268131
616	0.053990211337804794	-0.39323950558900833	-0.4472297169268131
617	0.053990211337804794	-0.39323950558900833	-0.4472297169268131
618	0.053990211337804794	-0.39323950558900833	-0.4472297169268131
619	0.053990211337804794	-0.39323950558900833	-0.4472297169268131
620	0.053990211337804794	-0.39323950558900833	-0.4472297169268131
621	0.053990211337804794	-0.39323950558900833	-0.4472297169268131
622	0.053990211337804794	-0.39323950558900833	-0.4472297169268131
623	0.053990211337804794	-0.39323950558900833	-0.4472297169268131
624	0.053990211337804794	-0.39323950558900833	-0.4472297169268131
625	0.053990211337804794	-0.39323950558900833	-0.4472297169268131
626	0.053990211337804794	-0.39323950558900833	-0.4472297169268131
627	0.053990211337804794	-0.39323950558900833	-0.4472297169268131
628	0.053990211337804794	-0.39323950558900833	-0.4472297169268131
629	0.053990211337804794	-0.39323950558900833	-0.4472297169268131
630	0.053990211337804794	-0.39323950558900833	-0.4472297169268131
631	0.053990211337804794	-0.39323950558900833	-0.4472297169268131
632	0.053990211337804794	-0.39323950558900833	-0.4472297169268131
633	0.053990211337804794	-0.39323950558900833	-0.4472297169268131
634	0.053990211337804794	-0.39323950558900833	-0.4472297169268131
635	0.053990211337804794	-0.39323950558900833	-0.4472297169268131
636	0.053990211337804794	-0.39323950558900833	-0.4472297169268131
637	0.053990211337804794	-0.39323950558900833	-0.4472297169268131
638	0.053990211337804794	-0.39323950558900833	-0.4472297169268131
639	0.053990211337804794	-0.39323950558900833	-0.4472297169268131
640	0.053990211337804794	-0.39323950558900833	-0.4472297169268131
641	0.053990211337804794	-0.39323950558900833	-0.4472297169268131
642	0.053990211337804794	-0.39323950558900833	-0.4472297169268131
643	0.053990211337804794	-0.39323950558900833	-0.4472297169268131
644	0.053990211337804794	-0.39323950558900833	-0.4472297169268131
645	0.053990211337804794	-0.39323950558900833	-0.4472297169268131
646	0.053990211337804794	-0.39323950558900833	-0.4472297169268131
647	0.053990211337804794	-0.39323950558900833	-0.4472297169268131
648	0.053990211337804794	-0.39323950558900833	-0.4472297169268131
649	0.053990211337804794	-0.39323950558900833	-0.4472297169268131
650	0.053990211337804794	-0.39323950558900833	-0.4472297169268131
651	0.053990211337804794	-0.39323950558900833	-0.4472297169268131
652	0.053990211337804794	-0.39323950558900833	-0.4472297169268131
653	0.053990211337804794	-0.39323950558900833	-0.4472297169268131
654	0.053990211337804794	-0.39323950558900833	-0.4472297169268131
655	0.053990211337804794	-0.39323950558900833	-0.4472297169268131
656	0.053990211337804794	-0.39323950558900833	-0.4472297169268131
657	0.053990211337804794	-0.39323950558900833	-0.4472297169268131
658	0.053990211337804794	-0.39323950558900833	-0.4472297169268131
659	0.053990211337804794	-0.39323950558900833	-0.4472297169268131
660	0.053990211337804794	-0.39323950558900833	-0.4472297169268131
661	0.053990211337804794	-0.39323950558900833	-0.4472297169268131
662	0.053990211337804794	-0.39323950558900833	-0.4472297169268131
663	0.053990211337804794	-0.39323950558900833	-0.4472297169268131
664	0.053990211337804794	-0.39323950558900833	-0.4472297169268131
665	0.053990211337804794	-0.39323950558900833	-0.4472297169268131
666	0.053990211337804794	-0.39323950558900833	-0.4472297169268131
667	0.053990211337804794	-0.39323950558900833	-0.4472297169268131
668	0.053990211337804794	-0.39323950558900833	-0.4472297169268131
669	0.053990211337804794	-0.39323950558900833	-0.4472297169268131
670	0.053990211337804794	-0.39323950558900833	-0.4472297169268131
671	0.053990211337804794	-0.39323950558900833	-0.4472297169268131
672	0.053990211337804794	-0.39323950558900833	-0.4472297169268131
673	0.053990211337804794	-0.39323950558900833	-0.4472297169268131
674	0.053990211337804794	-0.39323950558900833	-0.4472297169268131
675	0.053990211337804794	-0.39323950558900833	-0.4472297169268131
676	0.053990211337804794	-0.39323950558900833	-0.4472297169268131
677	0.053990211337804794	-0.39323950558900833	-0.4472297169268131
678	0.053990211337804794	-0.39323950558900833	-0.4472297169268131
679	0.053990211337804794	-0.39323950558900833	-0.4472297169268131
680	0.053990211337804794	-0.39323950558900833	-0.4472297169268131
681	0.053990211337804794	-0.39323950558900833	-0.4472297169268131
682	0.053990211337804794	-0.39323950558900833	-0.4472297169268131
683	0.053990211337804794	-0.39323950558900833	-0.4472297169268131
684	0.053990211337804794	-0.39323950558900833	-0.4472297169268131
685	0.053990211337804794	-0.39323950558900833	-0.4472297169268131
686	0.053990211337804794	-0.39323950558900833	-0.4472297169268131
687	0.053990211337804794	-0.39323950558900833	-0.4472297169268131
688	0.053990211337804794	-0.39323950558900833	-0.4472297169268131
689	0.053990211337804794	-0.39323950558900833	-0.4472297169268131
690	0.053990211337804794	-0.39323950558900833	-0.4472297169268131
691	0.053990211337804794	-0.39323950558900833	-0.4472297169268131
692	0.053990211337804794	-0.39323950558900833	-0.4472297169268131
693	0.053990211337804794	-0.39323950558900833	-0.4472297169268131
694	0.053990211337804794	-0.39323950558900833	-0.4472297169268131
695	0.053990211337804794	-0.39323950558900833	-0.4472297169268131
696	0.053990211337804794	-0.39323950558900833	-0.4472297169268131
697	0.053990211337804794	-0.39323950558900833	-0.4472297169268131
698	0.053990211337804794	-0.39323950558900833	-0.4472297169268131
699	0.053990211337804794	-0.39323950558900833	-0.4472297169268131
700	0.053990211337804794	-0.39323950558900833	-0.4472297169268131
701	0.053990211337804794	-0.39323950558900833	-0.4472297169268131
702	0.05396033823490143	-0.39329925179481506	-0.4472595900297165
703	0.05382788926362991	-0.3935641497373581	-0.447392039000988
704	0.05378686636686325	-0.3936461955308914	-0.44743306189775467
705	0.05374358966946602	-0.3937327489256859	-0.4474763385951519
706	0.05371012166142464	-0.39379968494176865	-0.4475098066031933
707	0.053665705025196075	-0.39388851821422577	-0.44755422323942184
708	0.05363958701491356	-0.3939407542347908	-0.44758034124970436
709	0.0535944327712059	-0.3940310627222061	-0.447625495493412
710	0.053571686148643494	-0.39407655596733093	-0.4476482421159744
711	0.05354858562350273	-0.39412275701761246	-0.4476713426411152
712	0.05350427329540253	-0.39421138167381287	-0.4477156549692154
713	0.05348582938313484	-0.39424826949834824	-0.4477340988814831
714	0.05346665158867836	-0.3942866250872612	-0.44775327667593956
715	0.05341654643416405	-0.3943868353962898	-0.4478033818304539
716	0.053388237953186035	-0.39444345235824585	-0.4478316903114319
717	0.05334067717194557	-0.3945385739207268	-0.44787925109267235
718	0.05331280082464218	-0.39459432661533356	-0.44790712743997574
719	0.05326959118247032	-0.3946807458996773	-0.4479503370821476
720	0.053241994231939316	-0.3947359398007393	-0.4479779340326786
721	0.05320053547620773	-0.39481885731220245	-0.4480193927884102
722	0.05315307155251503	-0.39491378515958786	-0.4480668567121029
723	0.05312271788716316	-0.3949744924902916	-0.44809721037745476
724	0.05307091400027275	-0.3950781002640724	-0.44814901426434517
725	0.05304306000471115	-0.3951338082551956	-0.44817686825990677
726	0.05299284681677818	-0.39523423463106155	-0.44822708144783974
727	0.05296066775918007	-0.3952985927462578	-0.44825926050543785
728	0.05291938781738281	-0.3953811526298523	-0.4483005404472351
729	0.05288276821374893	-0.39545439183712006	-0.448337160050869
730	0.052851106971502304	-0.3955177143216133	-0.4483688212931156
731	0.05280992388725281	-0.3956000804901123	-0.4484100043773651
732	0.05278854817152023	-0.39564283192157745	-0.4484313800930977
733	0.05274268239736557	-0.3957345634698868	-0.44847724586725235
734	0.05272090807557106	-0.3957781121134758	-0.44849902018904686
735	0.05268163979053497	-0.395856648683548	-0.44853828847408295
736	0.05265519767999649	-0.39590953290462494	-0.44856473058462143
737	0.052627451717853546	-0.3959650248289108	-0.4485924765467644
738	0.052596211433410645	-0.39602750539779663	-0.4486237168312073
739	0.05258084833621979	-0.39605823159217834	-0.44863907992839813
740	0.05254469811916351	-0.3961305320262909	-0.4486752301454544
741	0.05253257974982262	-0.3961547687649727	-0.4486873485147953
742	0.052456993609666824	-0.39630594104528427	-0.4487629346549511
743	0.052395354956388474	-0.396429218351841	-0.44882457330822945
744	0.0523577481508255	-0.3965044319629669	-0.4488621801137924
745	0.05233826860785484	-0.39654339104890823	-0.4488816596567631
746	0.05229606851935387	-0.3966277912259102	-0.44892385974526405
747	0.052277710288763046	-0.3966645076870918	-0.4489422179758549
748	0.05226806923747063	-0.39668378978967667	-0.4489518590271473
749	0.052255477756261826	-0.39670897275209427	-0.4489644505083561
750	0.052242353558540344	-0.39673522114753723	-0.4489775747060776
751	0.05221767723560333	-0.39678457379341125	-0.4490022510290146
752	0.052214011549949646	-0.39679190516471863	-0.4490059167146683
753	0.052205827087163925	-0.39680827409029007	-0.449014101177454
754	0.05218982696533203	-0.39684027433395386	-0.4490301012992859
755	0.05216960981488228	-0.39688070863485336	-0.44905031844973564
756	0.05216602608561516	-0.3968878760933876	-0.44905390217900276
757	0.05215153098106384	-0.39691686630249023	-0.4490683972835541
758	0.0521446131169796	-0.3969307020306587	-0.4490753151476383
759	0.052135806530714035	-0.39694831520318985	-0.4490841217339039
760	0.052125606685876846	-0.3969687148928642	-0.4490943215787411
761	0.052122458815574646	-0.39697501063346863	-0.4490974694490433
762	0.05210886523127556	-0.3970021978020668	-0.44911106303334236
763	0.05209370329976082	-0.3970325216650963	-0.4491262249648571
764	0.052090078592300415	-0.3970397710800171	-0.4491298496723175
765	0.05208977684378624	-0.39704037457704544	-0.4491301514208317
766	0.05208727717399597	-0.397045373916626	-0.44913265109062195
767	0.05207579955458641	-0.3970683291554451	-0.4491441287100315
768	0.05207569897174835	-0.3970685303211212	-0.44914422929286957
769	0.052075255662202835	-0.39706941694021225	-0.4491446726024151
770	0.05206349119544029	-0.39709294587373734	-0.4491564370691776
771	0.05206318572163582	-0.3970935568213463	-0.4491567425429821
772	0.05205966904759407	-0.3971005901694298	-0.44916025921702385
773	0.05205053463578224	-0.39711885899305344	-0.4491693936288357
774	0.05204373225569725	-0.3971324637532234	-0.44917619600892067
775	0.052040208131074905	-0.3971395120024681	-0.449179720133543
776	0.05203017592430115	-0.3971595764160156	-0.4491897523403168
777	0.05202988535165787	-0.3971601575613022	-0.44919004291296005
778	0.05202988535165787	-0.3971601575613022	-0.44919004291296005
779	0.05202988535165787	-0.3971601575613022	-0.44919004291296005
780	0.05202988535165787	-0.3971601575613022	-0.44919004291296005
781	0.05202988535165787	-0.3971601575613022	-0.44919004291296005
782	0.05202988535165787	-0.3971601575613022	-0.44919004291296005
783	0.05202988535165787	-0.3971601575613022	-0.44919004291296005
784	0.05202988535165787	-0.3971601575613022	-0.44919004291296005
785	0.05202988535165787	-0.3971601575613022	-0.44919004291296005
786	0.05202988535165787	-0.3971601575613022	-0.44919004291296005
787	0.05202988535165787	-0.3971601575613022	-0.44919004291296005
788	0.05202988535165787	-0.3971601575613022	-0.44919004291296005
789	0.05202988535165787	-0.3971601575613022	-0.44919004291296005
790	0.05202988535165787	-0.3971601575613022	-0.44919004291296005
791	0.05202988535165787	-0.3971601575613022	-0.44919004291296005
792	0.05202988535165787	-0.3971601575613022	-0.44919004291296005
793	0.05202988535165787	-0.3971601575613022	-0.44919004291296005
794	0.05202988535165787	-0.3971601575613022	-0.44919004291296005
795	0.05202988535165787	-0.3971601575613022	-0.44919004291296005
796	0.05202988535165787	-0.3971601575613022	-0.44919004291296005
797	0.05202988535165787	-0.3971601575613022	-0.44919004291296005
798	0.05202988535165787	-0.3971601575613022	-0.44919004291296005
799	0.05202988535165787	-0.3971601575613022	-0.44919004291296005
800	0.05202988535165787	-0.3971601575613022	-0.44919004291296005
801	0.05202988535165787	-0.3971601575613022	-0.44919004291296005
802	0.05202988535165787	-0.3971601575613022	-0.44919004291296005
803	0.05202988535165787	-0.3971601575613022	-0.44919004291296005
804	0.05202988535165787	-0.3971601575613022	-0.44919004291296005
805	0.05202988535165787	-0.3971601575613022	-0.44919004291296005
806	0.05202988535165787	-0.3971601575613022	-0.44919004291296005
807	0.05202988535165787	-0.3971601575613022	-0.44919004291296005
808	0.05202988535165787	-0.3971601575613022	-0.44919004291296005
809	0.05202988535165787	-0.3971601575613022	-0.44919004291296005
810	0.05202988535165787	-0.3971601575613022	-0.44919004291296005
811	0.05202988535165787	-0.3971601575613022	-0.44919004291296005
812	0.05202988535165787	-0.3971601575613022	-0.44919004291296005
813	0.05202988535165787	-0.3971601575613022	-0.44919004291296005
814	0.05202988535165787	-0.3971601575613022	-0.44919004291296005
815	0.05202988535165787	-0.3971601575613022	-0.44919004291296005
816	0.05202988535165787	-0.3971601575613022	-0.44919004291296005
817	0.05202988535165787	-0.3971601575613022	-0.44919004291296005
818	0.05202988535165787	-0.3971601575613022	-0.44919004291296005
819	0.05202988535165787	-0.3971601575613022	-0.44919004291296005
820	0.05202988535165787	-0.3971601575613022	-0.44919004291296005
821	0.05202988535165787	-0.3971601575613022	-0.44919004291296005
822	0.05202988535165787	-0.3971601575613022	-0.44919004291296005
823	0.05202988535165787	-0.3971601575613022	-0.44919004291296005
824	0.05202988535165787	-0.3971601575613022	-0.44919004291296005
825	0.05202988535165787	-0.3971601575613022	-0.44919004291296005
826	0.05202988535165787	-0.3971601575613022	-0.44919004291296005
827	0.05202988535165787	-0.3971601575613022	-0.44919004291296005
828	0.05202988535165787	-0.3971601575613022	-0.44919004291296005
829	0.05202988535165787	-0.3971601575613022	-0.44919004291296005
830	0.05202988535165787	-0.3971601575613022	-0.44919004291296005
831	0.05202988535165787	-0.3971601575613022	-0.44919004291296005
832	0.05202988535165787	-0.3971601575613022	-0.44919004291296005
833	0.05202988535165787	-0.3971601575613022	-0.44919004291296005
834	0.05202988535165787	-0.3971601575613022	-0.44919004291296005
835	0.05202988535165787	-0.3971601575613022	-0.44919004291296005
836	0.05202988535165787	-0.3971601575613022	-0.44919004291296005
837	0.05202988535165787	-0.3971601575613022	-0.44919004291296005
838	0.05202988535165787	-0.3971601575613022	-0.44919004291296005
839	0.05202988535165787	-0.3971601575613022	-0.44919004291296005
840	0.05202988535165787	-0.3971601575613022	-0.44919004291296005
841	0.05202988535165787	-0.3971601575613022	-0.44919004291296005
842	0.05202988535165787	-0.3971601575613022	-0.44919004291296005
843	0.05202988535165787	-0.3971601575613022	-0.44919004291296005
844	0.05202988535165787	-0.3971601575613022	-0.44919004291296005
845	0.05202988535165787	-0.3971601575613022	-0.44919004291296005
846	0.05202988535165787	-0.3971601575613022	-0.44919004291296005
847	0.05202988535165787	-0.3971601575613022	-0.44919004291296005
848	0.05202988535165787	-0.3971601575613022	-0.44919004291296005
849	0.05202988535165787	-0.3971601575613022	-0.44919004291296005
850	0.05202988535165787	-0.3971601575613022	-0.44919004291296005
851	0.05202988535165787	-0.3971601575613022	-0.44919004291296005
852	0.05202988535165787	-0.3971601575613022	-0.44919004291296005
853	0.05202988535165787	-0.3971601575613022	-0.44919004291296005
854	0.05202988535165787	-0.3971601575613022	-0.44919004291296005
855	0.05202988535165787	-0.3971601575613022	-0.44919004291296005
856	0.05202988535165787	-0.3971601575613022	-0.44919004291296005
857	0.05202988535165787	-0.3971601575613022	-0.44919004291296005
858	0.05202988535165787	-0.3971601575613022	-0.44919004291296005
859	0.05202988535165787	-0.3971601575613022	-0.44919004291296005
860	0.05202988535165787	-0.3971601575613022	-0.44919004291296005
861	0.05202988535165787	-0.3971601575613022	-0.44919004291296005
862	0.05202988535165787	-0.3971601575613022	-0.44919004291296005
863	0.05202988535165787	-0.3971601575613022	-0.44919004291296005
864	0.05202988535165787	-0.3971601575613022	-0.44919004291296005
865	0.05202988535165787	-0.3971601575613022	-0.44919004291296005
866	0.05202988535165787	-0.3971601575613022	-0.44919004291296005
867	0.05202988535165787	-0.3971601575613022	-0.44919004291296005
868	0.05202988535165787	-0.3971601575613022	-0.44919004291296005
869	0.05202988535165787	-0.3971601575613022	-0.44919004291296005
870	0.05202988535165787	-0.3971601575613022	-0.44919004291296005
871	0.05202988535165787	-0.3971601575613022	-0.44919004291296005
872	0.05202988535165787	-0.3971601575613022	-0.44919004291296005
873	0.05202988535165787	-0.3971601575613022	-0.44919004291296005
874	0.05202988535165787	-0.3971601575613022	-0.44919004291296005
875	0.05202988535165787	-0.3971601575613022	-0.44919004291296005
876	0.05202988535165787	-0.3971601575613022	-0.44919004291296005
877	0.05202988535165787	-0.3971601575613022	-0.44919004291296005
878	0.05202988535165787	-0.3971601575613022	-0.44919004291296005
879	0.05202988535165787	-0.3971601575613022	-0.44919004291296005
880	0.05202988535165787	-0.3971601575613022	-0.44919004291296005
881	0.05202988535165787	-0.3971601575613022	-0.44919004291296005
882	0.05202988535165787	-0.3971601575613022	-0.44919004291296005
883	0.05202988535165787	-0.3971601575613022	-0.44919004291296005
884	0.05202988535165787	-0.3971601575613022	-0.44919004291296005
885	0.05202988535165787	-0.3971601575613022	-0.44919004291296005
886	0.05202988535165787	-0.3971601575613022	-0.44919004291296005
887	0.05202988535165787	-0.3971601575613022	-0.44919004291296005
888	0.05202988535165787	-0.3971601575613022	-0.44919004291296005
889	0.05202988535165787	-0.3971601575613022	-0.44919004291296005
890	0.05202988535165787	-0.3971601575613022	-0.44919004291296005
891	0.05202988535165787	-0.3971601575613022	-0.44919004291296005
892	0.05202988535165787	-0.3971601575613022	-0.44919004291296005
893	0.05202988535165787	-0.3971601575613022	-0.44919004291296005
894	0.05202988535165787	-0.3971601575613022	-0.44919004291296005
895	0.05202988535165787	-0.3971601575613022	-0.44919004291296005
896	0.05202988535165787	-0.3971601575613022	-0.44919004291296005
897	0.05202988535165787	-0.3971601575613022	-0.44919004291296005
898	0.05202988535165787	-0.3971601575613022	-0.44919004291296005
899	0.05202988535165787	-0.3971601575613022	-0.44919004291296005
900	0.05202988535165787	-0.3971601575613022	-0.44919004291296005
901	0.05202988535165787	-0.3971601575613022	-0.44919004291296005
902	0.05202988535165787	-0.3971601575613022	-0.44919004291296005
903	0.05202988535165787	-0.3971601575613022	-0.44919004291296005
904	0.05202988535165787	-0.3971601575613022	-0.44919004291296005
905	0.05202988535165787	-0.3971601575613022	-0.44919004291296005
906	0.05202988535165787	-0.3971601575613022	-0.44919004291296005
907	0.05202988535165787	-0.3971601575613022	-0.44919004291296005
908	0.05202988535165787	-0.3971601575613022	-0.44919004291296005
909	0.05202988535165787	-0.3971601575613022	-0.44919004291296005
910	0.05202988535165787	-0.3971601575613022	-0.44919004291296005
911	0.05202988535165787	-0.3971601575613022	-0.44919004291296005
912	0.05202988535165787	-0.3971601575613022	-0.44919004291296005
913	0.05202988535165787	-0.3971601575613022	-0.44919004291296005
914	0.05202988535165787	-0.3971601575613022	-0.44919004291296005
915	0.05202988535165787	-0.3971601575613022	-0.44919004291296005
916	0.05202988535165787	-0.3971601575613022	-0.44919004291296005
917	0.05202988535165787	-0.3971601575613022	-0.44919004291296005
918	0.05202988535165787	-0.3971601575613022	-0.44919004291296005
919	0.05202988535165787	-0.3971601575613022	-0.44919004291296005
920	0.05202988535165787	-0.3971601575613022	-0.44919004291296005
921	0.05202988535165787	-0.3971601575613022	-0.44919004291296005
922	0.05202988535165787	-0.3971601575613022	-0.44919004291296005
923	0.05202988535165787	-0.3971601575613022	-0.44919004291296005
924	0.05202988535165787	-0.3971601575613022	-0.44919004291296005
925	0.05202988535165787	-0.3971601575613022	-0.44919004291296005
926	0.05202988535165787	-0.3971601575613022	-0.44919004291296005
927	0.05202988535165787	-0.3971601575613022	-0.44919004291296005
928	0.05202988535165787	-0.3971601575613022	-0.44919004291296005
929	0.05202988535165787	-0.3971601575613022	-0.44919004291296005
930	0.05202988535165787	-0.3971601575613022	-0.44919004291296005
931	0.05202988535165787	-0.3971601575613022	-0.44919004291296005
932	0.05202988535165787	-0.3971601575613022	-0.44919004291296005
933	0.05202988535165787	-0.3971601575613022	-0.44919004291296005
934	0.05202988535165787	-0.3971601575613022	-0.44919004291296005
935	0.05202988535165787	-0.3971601575613022	-0.44919004291296005
936	0.05202988535165787	-0.3971601575613022	-0.44919004291296005
937	0.05202988535165787	-0.3971601575613022	-0.44919004291296005
938	0.05202988535165787	-0.3971601575613022	-0.44919004291296005
939	0.05202988535165787	-0.3971601575613022	-0.44919004291296005
940	0.05202988535165787	-0.3971601575613022	-0.44919004291296005
941	0.05202988535165787	-0.3971601575613022	-0.44919004291296005
942	0.05202988535165787	-0.3971601575613022	-0.44919004291296005
943	0.05202988535165787	-0.3971601575613022	-0.44919004291296005
944	0.05202988535165787	-0.3971601575613022	-0.44919004291296005
945	0.05202988535165787	-0.3971601575613022	-0.44919004291296005
946	0.05202988535165787	-0.3971601575613022	-0.44919004291296005
947	0.05202988535165787	-0.3971601575613022	-0.44919004291296005
948	0.05202988535165787	-0.3971601575613022	-0.44919004291296005
949	0.05202988535165787	-0.3971601575613022	-0.44919004291296005
950	0.05202988535165787	-0.3971601575613022	-0.44919004291296005
951	0.05202988535165787	-0.3971601575613022	-0.44919004291296005
952	0.05202988535165787	-0.3971601575613022	-0.44919004291296005
953	0.05202988535165787	-0.3971601575613022	-0.44919004291296005
954	0.05202988535165787	-0.3971601575613022	-0.44919004291296005
955	0.05202988535165787	-0.3971601575613022	-0.44919004291296005
956	0.05202988535165787	-0.3971601575613022	-0.44919004291296005
957	0.05202988535165787	-0.3971601575613022	-0.44919004291296005
958	0.05202988535165787	-0.3971601575613022	-0.44919004291296005
959	0.05202988535165787	-0.3971601575613022	-0.44919004291296005
960	0.05202988535165787	-0.3971601575613022	-0.44919004291296005
961	0.05202988535165787	-0.3971601575613022	-0.44919004291296005
962	0.05202988535165787	-0.3971601575613022	-0.44919004291296005
963	0.05202988535165787	-0.3971601575613022	-0.44919004291296005
964	0.05202988535165787	-0.3971601575613022	-0.44919004291296005
965	0.05202988535165787	-0.3971601575613022	-0.44919004291296005
966	0.05202988535165787	-0.3971601575613022	-0.44919004291296005
967	0.05202988535165787	-0.3971601575613022	-0.44919004291296005
968	0.05202988535165787	-0.3971601575613022	-0.44919004291296005
969	0.05202988535165787	-0.3971601575613022	-0.44919004291296005
970	0.05202988535165787	-0.3971601575613022	-0.44919004291296005
971	0.05202988535165787	-0.3971601575613022	-0.44919004291296005
972	0.05202988535165787	-0.3971601575613022	-0.44919004291296005
973	0.05202988535165787	-0.3971601575613022	-0.44919004291296005
974	0.05202988535165787	-0.3971601575613022	-0.44919004291296005
975	0.05202988535165787	-0.3971601575613022	-0.44919004291296005
976	0.05202988535165787	-0.3971601575613022	-0.44919004291296005
977	0.05202988535165787	-0.3971601575613022	-0.44919004291296005
978	0.05202988535165787	-0.3971601575613022	-0.44919004291296005
979	0.05202988535165787	-0.3971601575613022	-0.44919004291296005
980	0.05202988535165787	-0.3971601575613022	-0.44919004291296005
981	0.05202988535165787	-0.3971601575613022	-0.44919004291296005
982	0.05202988535165787	-0.3971601575613022	-0.44919004291296005
983	0.05202988535165787	-0.3971601575613022	-0.44919004291296005
984	0.05202988535165787	-0.3971601575613022	-0.44919004291296005
985	0.05202988535165787	-0.3971601575613022	-0.44919004291296005
986	0.05202988535165787	-0.3971601575613022	-0.44919004291296005
987	0.05202988535165787	-0.3971601575613022	-0.44919004291296005
988	0.05202988535165787	-0.3971601575613022	-0.44919004291296005
989	0.05202988535165787	-0.3971601575613022	-0.44919004291296005
990	0.05202988535165787	-0.3971601575613022	-0.44919004291296005
991	0.05202988535165787	-0.3971601575613022	-0.44919004291296005
992	0.05202988535165787	-0.3971601575613022	-0.44919004291296005
993	0.05202988535165787	-0.3971601575613022	-0.44919004291296005
994	0.05202988535165787	-0.3971601575613022	-0.44919004291296005
995	0.05202988535165787	-0.3971601575613022	-0.44919004291296005
996	0.05202988535165787	-0.3971601575613022	-0.44919004291296005
997	0.05202988535165787	-0.3971601575613022	-0.44919004291296005
998	0.05202988535165787	-0.3971601575613022	-0.44919004291296005
999	0.05202988535165787	-0.3971601575613022	-0.44919004291296005
1000	0.05202988535165787	-0.3971601575613022	-0.44919004291296005
1001	0.05202988535165787	-0.3971601575613022	-0.44919004291296005
1002	0.05202988535165787	-0.3971601575613022	-0.44919004291296005
1003	0.05202988535165787	-0.3971601575613022	-0.44919004291296005
1004	0.05202988535165787	-0.3971601575613022	-0.44919004291296005
1005	0.05202988535165787	-0.3971601575613022	-0.44919004291296005
1006	0.05202988535165787	-0.3971601575613022	-0.44919004291296005
1007	0.05202988535165787	-0.3971601575613022	-0.44919004291296005
1008	0.05202988535165787	-0.3971601575613022	-0.44919004291296005
1009	0.05202988535165787	-0.3971601575613022	-0.44919004291296005
1010	0.05202988535165787	-0.3971601575613022	-0.44919004291296005
1011	0.05202988535165787	-0.3971601575613022	-0.44919004291296005
1012	0.05202988535165787	-0.3971601575613022	-0.44919004291296005
1013	0.05202988535165787	-0.3971601575613022	-0.44919004291296005
1014	0.05202988535165787	-0.3971601575613022	-0.44919004291296005
1015	0.05202988535165787	-0.3971601575613022	-0.44919004291296005
1016	0.05202988535165787	-0.3971601575613022	-0.44919004291296005
1017	0.05202988535165787	-0.3971601575613022	-0.44919004291296005
1018	0.05202988535165787	-0.3971601575613022	-0.44919004291296005
1019	0.05202988535165787	-0.3971601575613022	-0.44919004291296005
1020	0.05202988535165787	-0.3971601575613022	-0.44919004291296005
1021	0.05202988535165787	-0.3971601575613022	-0.44919004291296005
1022	0.05202988535165787	-0.3971601575613022	-0.44919004291296005
1023	0.05202988535165787	-0.3971601575613022	-0.44919004291296005
1024	0.05202988535165787	-0.3971601575613022	-0.44919004291296005
1025	0.05202988535165787	-0.3971601575613022	-0.44919004291296005
1026	0.05202988535165787	-0.3971601575613022	-0.44919004291296005
1027	0.05202988535165787	-0.3971601575613022	-0.44919004291296005
1028	0.05202988535165787	-0.3971601575613022	-0.44919004291296005
1029	0.05202988535165787	-0.3971601575613022	-0.44919004291296005
1030	0.05202988535165787	-0.3971601575613022	-0.44919004291296005
1031	0.05202988535165787	-0.3971601575613022	-0.44919004291296005
1032	0.05202988535165787	-0.3971601575613022	-0.44919004291296005
1033	0.05202988535165787	-0.3971601575613022	-0.44919004291296005
1034	0.05202988535165787	-0.3971601575613022	-0.44919004291296005
1035	0.05202988535165787	-0.3971601575613022	-0.44919004291296005
1036	0.05202988535165787	-0.3971601575613022	-0.44919004291296005
1037	0.05202988535165787	-0.3971601575613022	-0.44919004291296005
1038	0.05202988535165787	-0.3971601575613022	-0.44919004291296005
1039	0.05202988535165787	-0.3971601575613022	-0.44919004291296005
1040	0.05202988535165787	-0.3971601575613022	-0.44919004291296005
1041	0.05202988535165787	-0.3971601575613022	-0.44919004291296005
1042	0.05202988535165787	-0.3971601575613022	-0.44919004291296005
1043	0.05202988535165787	-0.3971601575613022	-0.44919004291296005
1044	0.05202988535165787	-0.3971601575613022	-0.44919004291296005
1045	0.05202988535165787	-0.3971601575613022	-0.44919004291296005
1046	0.05202988535165787	-0.3971601575613022	-0.44919004291296005
1047	0.05202988535165787	-0.3971601575613022	-0.44919004291296005
1048	0.05202988535165787	-0.3971601575613022	-0.44919004291296005
1049	0.05202988535165787	-0.3971601575613022	-0.44919004291296005
1050	0.05202988535165787	-0.3971601575613022	-0.44919004291296005
1051	0.05202988535165787	-0.3971601575613022	-0.44919004291296005
1052	0.05202988535165787	-0.3971601575613022	-0.44919004291296005
1053	0.05202988535165787	-0.3971601575613022	-0.44919004291296005
1054	0.05202988535165787	-0.3971601575613022	-0.44919004291296005
1055	0.05202988535165787	-0.3971601575613022	-0.44919004291296005
1056	0.05202988535165787	-0.3971601575613022	-0.44919004291296005
1057	0.05202988535165787	-0.3971601575613022	-0.44919004291296005
1058	0.05202988535165787	-0.3971601575613022	-0.44919004291296005
1059	0.05202988535165787	-0.3971601575613022	-0.44919004291296005
1060	0.05202988535165787	-0.3971601575613022	-0.44919004291296005
1061	0.05202988535165787	-0.3971601575613022	-0.44919004291296005
1062	0.05202988535165787	-0.3971601575613022	-0.44919004291296005
1063	0.05202988535165787	-0.3971601575613022	-0.44919004291296005
1064	0.05202988535165787	-0.3971601575613022	-0.44919004291296005
1065	0.05202988535165787	-0.3971601575613022	-0.44919004291296005
1066	0.05202988535165787	-0.3971601575613022	-0.44919004291296005
1067	0.05202988535165787	-0.3971601575613022	-0.44919004291296005
1068	0.05202988535165787	-0.3971601575613022	-0.44919004291296005
1069	0.05202988535165787	-0.3971601575613022	-0.44919004291296005
1070	0.05202988535165787	-0.3971601575613022	-0.44919004291296005
1071	0.05202988535165787	-0.3971601575613022	-0.44919004291296005
1072	0.05202988535165787	-0.3971601575613022	-0.44919004291296005
1073	0.05202988535165787	-0.3971601575613022	-0.44919004291296005
1074	0.05202988535165787	-0.3971601575613022	-0.44919004291296005
1075	0.05202988535165787	-0.3971601575613022	-0.44919004291296005
1076	0.05202988535165787	-0.3971601575613022	-0.44919004291296005
1077	0.05202988535165787	-0.3971601575613022	-0.44919004291296005
1078	0.05202988535165787	-0.3971601575613022	-0.44919004291296005
1079	0.05202988535165787	-0.3971601575613022	-0.44919004291296005
1080	0.05202988535165787	-0.3971601575613022	-0.44919004291296005
1081	0.05202988535165787	-0.3971601575613022	-0.44919004291296005
1082	0.05202988535165787	-0.3971601575613022	-0.44919004291296005
1083	0.05202988535165787	-0.3971601575613022	-0.44919004291296005
1084	0.05202988535165787	-0.3971601575613022	-0.44919004291296005
1085	0.05202988535165787	-0.3971601575613022	-0.44919004291296005
1086	0.05202988535165787	-0.3971601575613022	-0.44919004291296005
1087	0.05202988535165787	-0.3971601575613022	-0.44919004291296005
1088	0.05202988535165787	-0.3971601575613022	-0.44919004291296005
1089	0.05202988535165787	-0.3971601575613022	-0.44919004291296005
1090	0.05202988535165787	-0.3971601575613022	-0.44919004291296005
1091	0.05202988535165787	-0.3971601575613022	-0.44919004291296005
1092	0.05202988535165787	-0.3971601575613022	-0.44919004291296005
1093	0.05202988535165787	-0.3971601575613022	-0.44919004291296005
1094	0.05202988535165787	-0.3971601575613022	-0.44919004291296005
1095	0.05202988535165787	-0.3971601575613022	-0.44919004291296005
1096	0.05202988535165787	-0.3971601575613022	-0.44919004291296005
1097	0.05202988535165787	-0.3971601575613022	-0.44919004291296005
1098	0.05202988535165787	-0.3971601575613022	-0.44919004291296005
1099	0.05202988535165787	-0.3971601575613022	-0.44919004291296005
1100	0.05202988535165787	-0.3971601575613022	-0.44919004291296005
1101	0.05202988535165787	-0.3971601575613022	-0.44919004291296005
1102	0.05202988535165787	-0.3971601575613022	-0.44919004291296005
1103	0.05202988535165787	-0.3971601575613022	-0.44919004291296005
1104	0.05202988535165787	-0.3971601575613022	-0.44919004291296005
1105	0.05202988535165787	-0.3971601575613022	-0.44919004291296005
1106	0.05202988535165787	-0.3971601575613022	-0.44919004291296005
1107	0.05202988535165787	-0.3971601575613022	-0.44919004291296005
1108	0.05202988535165787	-0.3971601575613022	-0.44919004291296005
1109	0.05202988535165787	-0.3971601575613022	-0.44919004291296005
1110	0.05202988535165787	-0.3971601575613022	-0.44919004291296005
1111	0.05202988535165787	-0.3971601575613022	-0.44919004291296005
1112	0.05202988535165787	-0.3971601575613022	-0.44919004291296005
1113	0.05202988535165787	-0.3971601575613022	-0.44919004291296005
1114	0.05202988535165787	-0.3971601575613022	-0.44919004291296005
1115	0.05202988535165787	-0.3971601575613022	-0.44919004291296005
1116	0.05202988535165787	-0.3971601575613022	-0.44919004291296005
1117	0.05202988535165787	-0.3971601575613022	-0.44919004291296005
1118	0.05202988535165787	-0.3971601575613022	-0.44919004291296005
1119	0.05202988535165787	-0.3971601575613022	-0.44919004291296005
1120	0.05202988535165787	-0.3971601575613022	-0.44919004291296005
1121	0.05202988535165787	-0.3971601575613022	-0.44919004291296005
1122	0.05202988535165787	-0.3971601575613022	-0.44919004291296005
1123	0.05202988535165787	-0.3971601575613022	-0.44919004291296005
1124	0.05202988535165787	-0.3971601575613022	-0.44919004291296005
1125	0.05202988535165787	-0.3971601575613022	-0.44919004291296005
1126	0.05202988535165787	-0.3971601575613022	-0.44919004291296005
1127	0.05202988535165787	-0.3971601575613022	-0.44919004291296005
1128	0.05202988535165787	-0.3971601575613022	-0.44919004291296005
1129	0.05202988535165787	-0.3971601575613022	-0.44919004291296005
1130	0.05202988535165787	-0.3971601575613022	-0.44919004291296005
1131	0.05202988535165787	-0.3971601575613022	-0.44919004291296005
1132	0.05202988535165787	-0.3971601575613022	-0.44919004291296005
1133	0.05202988535165787	-0.3971601575613022	-0.44919004291296005
1134	0.05202988535165787	-0.3971601575613022	-0.44919004291296005
1135	0.05202988535165787	-0.3971601575613022	-0.44919004291296005
1136	0.05202988535165787	-0.3971601575613022	-0.44919004291296005
1137	0.05202988535165787	-0.3971601575613022	-0.44919004291296005
1138	0.05202988535165787	-0.3971601575613022	-0.44919004291296005
1139	0.05202988535165787	-0.3971601575613022	-0.44919004291296005
1140	0.05202988535165787	-0.3971601575613022	-0.44919004291296005
1141	0.05202988535165787	-0.3971601575613022	-0.44919004291296005
1142	0.05202988535165787	-0.3971601575613022	-0.44919004291296005
1143	0.05202988535165787	-0.3971601575613022	-0.44919004291296005
1144	0.05202988535165787	-0.3971601575613022	-0.44919004291296005
1145	0.05202988535165787	-0.3971601575613022	-0.44919004291296005
1146	0.05202988535165787	-0.3971601575613022	-0.44919004291296005
1147	0.05202988535165787	-0.3971601575613022	-0.44919004291296005
1148	0.05202988535165787	-0.3971601575613022	-0.44919004291296005
1149	0.05202988535165787	-0.3971601575613022	-0.44919004291296005
1150	0.05202988535165787	-0.3971601575613022	-0.44919004291296005
1151	0.05202988535165787	-0.3971601575613022	-0.44919004291296005
1152	0.05202988535165787	-0.3971601575613022	-0.44919004291296005
1153	0.05202988535165787	-0.3971601575613022	-0.44919004291296005
1154	0.05202988535165787	-0.3971601575613022	-0.44919004291296005
1155	0.05202988535165787	-0.3971601575613022	-0.44919004291296005
1156	0.05202988535165787	-0.3971601575613022	-0.44919004291296005
1157	0.05202988535165787	-0.3971601575613022	-0.44919004291296005
1158	0.05202988535165787	-0.3971601575613022	-0.44919004291296005
1159	0.05202988535165787	-0.3971601575613022	-0.44919004291296005
1160	0.05202988535165787	-0.3971601575613022	-0.44919004291296005
1161	0.05202988535165787	-0.3971601575613022	-0.44919004291296005
1162	0.05202988535165787	-0.3971601575613022	-0.44919004291296005
1163	0.05202988535165787	-0.3971601575613022	-0.44919004291296005
1164	0.05202988535165787	-0.3971601575613022	-0.44919004291296005
1165	0.05202988535165787	-0.3971601575613022	-0.44919004291296005
1166	0.05202988535165787	-0.3971601575613022	-0.44919004291296005
1167	0.05202988535165787	-0.3971601575613022	-0.44919004291296005
1168	0.05202988535165787	-0.3971601575613022	-0.44919004291296005
1169	0.05202988535165787	-0.3971601575613022	-0.44919004291296005
1170	0.05202988535165787	-0.3971601575613022	-0.44919004291296005
1171	0.05202988535165787	-0.3971601575613022	-0.44919004291296005
1172	0.05202988535165787	-0.3971601575613022	-0.44919004291296005
1173	0.05202988535165787	-0.3971601575613022	-0.44919004291296005
1174	0.05202988535165787	-0.3971601575613022	-0.44919004291296005
1175	0.05202988535165787	-0.3971601575613022	-0.44919004291296005
1176	0.05202988535165787	-0.3971601575613022	-0.44919004291296005
1177	0.05202988535165787	-0.3971601575613022	-0.44919004291296005
1178	0.05202988535165787	-0.3971601575613022	-0.44919004291296005
1179	0.05202988535165787	-0.3971601575613022	-0.44919004291296005
1180	0.05202988535165787	-0.3971601575613022	-0.44919004291296005
1181	0.05202988535165787	-0.3971601575613022	-0.44919004291296005
1182	0.05202988535165787	-0.3971601575613022	-0.44919004291296005
1183	0.05202988535165787	-0.3971601575613022	-0.44919004291296005
1184	0.05202988535165787	-0.3971601575613022	-0.44919004291296005
1185	0.05202988535165787	-0.3971601575613022	-0.44919004291296005
1186	0.05202988535165787	-0.3971601575613022	-0.44919004291296005
1187	0.05202988535165787	-0.3971601575613022	-0.44919004291296005
1188	0.05202988535165787	-0.3971601575613022	-0.44919004291296005
1189	0.05202988535165787	-0.3971601575613022	-0.44919004291296005
1190	0.05202988535165787	-0.3971601575613022	-0.44919004291296005
1191	0.05202988535165787	-0.3971601575613022	-0.44919004291296005
1192	0.05202988535165787	-0.3971601575613022	-0.44919004291296005
1193	0.05202988535165787	-0.3971601575613022	-0.44919004291296005
1194	0.05202988535165787	-0.3971601575613022	-0.44919004291296005
1195	0.05202988535165787	-0.3971601575613022	-0.44919004291296005
1196	0.05202988535165787	-0.3971601575613022	-0.44919004291296005
1197	0.05202988535165787	-0.3971601575613022	-0.44919004291296005
1198	0.05202988535165787	-0.3971601575613022	-0.44919004291296005
1199	0.05202988535165787	-0.3971601575613022	-0.44919004291296005
1200	0.05202988535165787	-0.3971601575613022	-0.44919004291296005
1201	0.05202988535165787	-0.3971601575613022	-0.44919004291296005
1202	0.05202988535165787	-0.3971601575613022	-0.44919004291296005
1203	0.05202988535165787	-0.3971601575613022	-0.44919004291296005
1204	0.05202988535165787	-0.3971601575613022	-0.44919004291296005
1205	0.05202988535165787	-0.3971601575613022	-0.44919004291296005
1206	0.05202988535165787	-0.3971601575613022	-0.44919004291296005
1207	0.05202988535165787	-0.3971601575613022	-0.44919004291296005
1208	0.05202988535165787	-0.3971601575613022	-0.44919004291296005
1209	0.05202988535165787	-0.3971601575613022	-0.44919004291296005
1210	0.05202988535165787	-0.3971601575613022	-0.44919004291296005
1211	0.05202988535165787	-0.3971601575613022	-0.44919004291296005
1212	0.05202988535165787	-0.3971601575613022	-0.44919004291296005
1213	0.05202988535165787	-0.3971601575613022	-0.44919004291296005
1214	0.05202988535165787	-0.3971601575613022	-0.44919004291296005
1215	0.05202988535165787	-0.3971601575613022	-0.44919004291296005
1216	0.05202988535165787	-0.3971601575613022	-0.44919004291296005
1217	0.05202988535165787	-0.3971601575613022	-0.44919004291296005
1218	0.05202988535165787	-0.3971601575613022	-0.44919004291296005
1219	0.05202988535165787	-0.3971601575613022	-0.44919004291296005
1220	0.05202988535165787	-0.3971601575613022	-0.44919004291296005
1221	0.05202988535165787	-0.3971601575613022	-0.44919004291296005
1222	0.05202988535165787	-0.3971601575613022	-0.44919004291296005
1223	0.05202988535165787	-0.3971601575613022	-0.44919004291296005
1224	0.05202988535165787	-0.3971601575613022	-0.44919004291296005
1225	0.05202988535165787	-0.3971601575613022	-0.44919004291296005
1226	0.05202988535165787	-0.3971601575613022	-0.44919004291296005
1227	0.05202988535165787	-0.3971601575613022	-0.44919004291296005
1228	0.05202988535165787	-0.3971601575613022	-0.44919004291296005
1229	0.05202988535165787	-0.3971601575613022	-0.44919004291296005
1230	0.05202988535165787	-0.3971601575613022	-0.44919004291296005
1231	0.05202988535165787	-0.3971601575613022	-0.44919004291296005
1232	0.05202988535165787	-0.3971601575613022	-0.44919004291296005
1233	0.05202988535165787	-0.3971601575613022	-0.44919004291296005
1234	0.05202988535165787	-0.3971601575613022	-0.44919004291296005
1235	0.05202988535165787	-0.3971601575613022	-0.44919004291296005
1236	0.05202988535165787	-0.3971601575613022	-0.44919004291296005
1237	0.05202988535165787	-0.3971601575613022	-0.44919004291296005
1238	0.05202988535165787	-0.3971601575613022	-0.44919004291296005
1239	0.05202988535165787	-0.3971601575613022	-0.44919004291296005
1240	0.05202988535165787	-0.3971601575613022	-0.44919004291296005
1241	0.05202988535165787	-0.3971601575613022	-0.44919004291296005
1242	0.05202988535165787	-0.3971601575613022	-0.44919004291296005
1243	0.05202988535165787	-0.3971601575613022	-0.44919004291296005
1244	0.05202988535165787	-0.3971601575613022	-0.44919004291296005
1245	0.05202988535165787	-0.3971601575613022	-0.44919004291296005
1246	0.05202988535165787	-0.3971601575613022	-0.44919004291296005
1247	0.05202988535165787	-0.3971601575613022	-0.44919004291296005
1248	0.05202988535165787	-0.3971601575613022	-0.44919004291296005
1249	0.05202988535165787	-0.3971601575613022	-0.44919004291296005
1250	0.05202988535165787	-0.3971601575613022	-0.44919004291296005
1251	0.05202988535165787	-0.3971601575613022	-0.44919004291296005
1252	0.05202988535165787	-0.3971601575613022	-0.44919004291296005
1253	0.05202988535165787	-0.3971601575613022	-0.44919004291296005
1254	0.05202988535165787	-0.3971601575613022	-0.44919004291296005
1255	0.05202988535165787	-0.3971601575613022	-0.44919004291296005
1256	0.05202988535165787	-0.3971601575613022	-0.44919004291296005
1257	0.05202988535165787	-0.3971601575613022	-0.44919004291296005
1258	0.05202988535165787	-0.3971601575613022	-0.44919004291296005
1259	0.05202988535165787	-0.3971601575613022	-0.44919004291296005
1260	0.05202988535165787	-0.3971601575613022	-0.44919004291296005
1261	0.05202988535165787	-0.3971601575613022	-0.44919004291296005
1262	0.05202988535165787	-0.3971601575613022	-0.44919004291296005
1263	0.05202988535165787	-0.3971601575613022	-0.44919004291296005
1264	0.05202988535165787	-0.3971601575613022	-0.44919004291296005
1265	0.05202988535165787	-0.3971601575613022	-0.44919004291296005
1266	0.05202988535165787	-0.3971601575613022	-0.44919004291296005
1267	0.05202988535165787	-0.3971601575613022	-0.44919004291296005
1268	0.05202988535165787	-0.3971601575613022	-0.44919004291296005
1269	0.05202988535165787	-0.3971601575613022	-0.44919004291296005
1270	0.05202988535165787	-0.3971601575613022	-0.44919004291296005
1271	0.05202988535165787	-0.3971601575613022	-0.44919004291296005
1272	0.05202988535165787	-0.3971601575613022	-0.44919004291296005
1273	0.05202988535165787	-0.3971601575613022	-0.44919004291296005
1274	0.05202988535165787	-0.3971601575613022	-0.44919004291296005
1275	0.05202988535165787	-0.3971601575613022	-0.44919004291296005
1276	0.05202988535165787	-0.3971601575613022	-0.44919004291296005
1277	0.05202988535165787	-0.3971601575613022	-0.44919004291296005
1278	0.05202988535165787	-0.3971601575613022	-0.44919004291296005
1279	0.05202988535165787	-0.3971601575613022	-0.44919004291296005
1280	0.05202988535165787	-0.3971601575613022	-0.44919004291296005
1281	0.05202988535165787	-0.3971601575613022	-0.44919004291296005
1282	0.05202988535165787	-0.3971601575613022	-0.44919004291296005
1283	0.05202988535165787	-0.3971601575613022	-0.44919004291296005
1284	0.05202988535165787	-0.3971601575613022	-0.44919004291296005
1285	0.05202988535165787	-0.3971601575613022	-0.44919004291296005
1286	0.05202988535165787	-0.3971601575613022	-0.44919004291296005
1287	0.05202988535165787	-0.3971601575613022	-0.44919004291296005
1288	0.05202988535165787	-0.3971601575613022	-0.44919004291296005
1289	0.05202988535165787	-0.3971601575613022	-0.44919004291296005
1290	0.05202988535165787	-0.3971601575613022	-0.44919004291296005
1291	0.05202988535165787	-0.3971601575613022	-0.44919004291296005
1292	0.05202988535165787	-0.3971601575613022	-0.44919004291296005
1293	0.05202988535165787	-0.3971601575613022	-0.44919004291296005
1294	0.05202988535165787	-0.3971601575613022	-0.44919004291296005
1295	0.05202988535165787	-0.3971601575613022	-0.44919004291296005
1296	0.05202988535165787	-0.3971601575613022	-0.44919004291296005
1297	0.05202988535165787	-0.3971601575613022	-0.44919004291296005
1298	0.05202988535165787	-0.3971601575613022	-0.44919004291296005
1299	0.05202988535165787	-0.3971601575613022	-0.44919004291296005
1300	0.05202988535165787	-0.3971601575613022	-0.44919004291296005
1301	0.05202988535165787	-0.3971601575613022	-0.44919004291296005
1302	0.05202988535165787	-0.3971601575613022	-0.44919004291296005
1303	0.05202988535165787	-0.3971601575613022	-0.44919004291296005
1304	0.05202988535165787	-0.3971601575613022	-0.44919004291296005
1305	0.05202988535165787	-0.3971601575613022	-0.44919004291296005
1306	0.05202988535165787	-0.3971601575613022	-0.44919004291296005
1307	0.05202988535165787	-0.3971601575613022	-0.44919004291296005
1308	0.05202988535165787	-0.3971601575613022	-0.44919004291296005
1309	0.05202988535165787	-0.3971601575613022	-0.44919004291296005
1310	0.05202988535165787	-0.3971601575613022	-0.44919004291296005
1311	0.05202988535165787	-0.3971601575613022	-0.44919004291296005
1312	0.05202988535165787	-0.3971601575613022	-0.44919004291296005
1313	0.05202988535165787	-0.3971601575613022	-0.44919004291296005
1314	0.05202988535165787	-0.3971601575613022	-0.44919004291296005
1315	0.05202988535165787	-0.3971601575613022	-0.44919004291296005
1316	0.05202988535165787	-0.3971601575613022	-0.44919004291296005
1317	0.05202988535165787	-0.3971601575613022	-0.44919004291296005
1318	0.05202988535165787	-0.3971601575613022	-0.44919004291296005
1319	0.05202988535165787	-0.3971601575613022	-0.44919004291296005
1320	0.05202988535165787	-0.3971601575613022	-0.44919004291296005
1321	0.05202988535165787	-0.3971601575613022	-0.44919004291296005
1322	0.05202988535165787	-0.3971601575613022	-0.44919004291296005
1323	0.05202988535165787	-0.3971601575613022	-0.44919004291296005
1324	0.05202988535165787	-0.3971601575613022	-0.44919004291296005
1325	0.05202988535165787	-0.3971601575613022	-0.44919004291296005
1326	0.05202988535165787	-0.3971601575613022	-0.44919004291296005
1327	0.05202988535165787	-0.3971601575613022	-0.44919004291296005
1328	0.05202988535165787	-0.3971601575613022	-0.44919004291296005
1329	0.05202988535165787	-0.3971601575613022	-0.44919004291296005
1330	0.05202988535165787	-0.3971601575613022	-0.44919004291296005
1331	0.05202988535165787	-0.3971601575613022	-0.44919004291296005
1332	0.05202988535165787	-0.3971601575613022	-0.44919004291296005
1333	0.05202988535165787	-0.3971601575613022	-0.44919004291296005
1334	0.05202988535165787	-0.3971601575613022	-0.44919004291296005
1335	0.05202988535165787	-0.3971601575613022	-0.44919004291296005
1336	0.05202988535165787	-0.3971601575613022	-0.44919004291296005
1337	0.05202988535165787	-0.3971601575613022	-0.44919004291296005
1338	0.05202988535165787	-0.3971601575613022	-0.44919004291296005
1339	0.05202988535165787	-0.3971601575613022	-0.44919004291296005
1340	0.05202988535165787	-0.3971601575613022	-0.44919004291296005
1341	0.05202988535165787	-0.3971601575613022	-0.44919004291296005
1342	0.05202988535165787	-0.3971601575613022	-0.44919004291296005
1343	0.05202988535165787	-0.3971601575613022	-0.44919004291296005
1344	0.05202988535165787	-0.3971601575613022	-0.44919004291296005
1345	0.05202988535165787	-0.3971601575613022	-0.44919004291296005
1346	0.05202988535165787	-0.3971601575613022	-0.44919004291296005
1347	0.05202988535165787	-0.3971601575613022	-0.44919004291296005
1348	0.05202988535165787	-0.3971601575613022	-0.44919004291296005
1349	0.05202988535165787	-0.3971601575613022	-0.44919004291296005
1350	0.05202988535165787	-0.3971601575613022	-0.44919004291296005
1351	0.05202988535165787	-0.3971601575613022	-0.44919004291296005
1352	0.05202988535165787	-0.3971601575613022	-0.44919004291296005
1353	0.05202988535165787	-0.3971601575613022	-0.44919004291296005
1354	0.05202988535165787	-0.3971601575613022	-0.44919004291296005
1355	0.05202988535165787	-0.3971601575613022	-0.44919004291296005
1356	0.05202988535165787	-0.3971601575613022	-0.44919004291296005
1357	0.05202988535165787	-0.3971601575613022	-0.44919004291296005
1358	0.05202988535165787	-0.3971601575613022	-0.44919004291296005
1359	0.05202988535165787	-0.3971601575613022	-0.44919004291296005
1360	0.05202988535165787	-0.3971601575613022	-0.44919004291296005
1361	0.05202988535165787	-0.3971601575613022	-0.44919004291296005
1362	0.05202988535165787	-0.3971601575613022	-0.44919004291296005
1363	0.05202988535165787	-0.3971601575613022	-0.44919004291296005
1364	0.05202988535165787	-0.3971601575613022	-0.44919004291296005
1365	0.05202988535165787	-0.3971601575613022	-0.44919004291296005
1366	0.05202988535165787	-0.3971601575613022	-0.44919004291296005
1367	0.05202988535165787	-0.3971601575613022	-0.44919004291296005
1368	0.05202988535165787	-0.3971601575613022	-0.44919004291296005
1369	0.05202988535165787	-0.3971601575613022	-0.44919004291296005
1370	0.05202988535165787	-0.3971601575613022	-0.44919004291296005
1371	0.05202988535165787	-0.3971601575613022	-0.44919004291296005
1372	0.05202988535165787	-0.3971601575613022	-0.44919004291296005
1373	0.05202988535165787	-0.3971601575613022	-0.44919004291296005
1374	0.05202988535165787	-0.3971601575613022	-0.44919004291296005
1375	0.05202988535165787	-0.3971601575613022	-0.44919004291296005
1376	0.05202988535165787	-0.3971601575613022	-0.44919004291296005
1377	0.05202988535165787	-0.3971601575613022	-0.44919004291296005
1378	0.05202988535165787	-0.3971601575613022	-0.44919004291296005
1379	0.05202988535165787	-0.3971601575613022	-0.44919004291296005
1380	0.05202988535165787	-0.3971601575613022	-0.44919004291296005
1381	0.05202988535165787	-0.3971601575613022	-0.44919004291296005
1382	0.05202988535165787	-0.3971601575613022	-0.44919004291296005
1383	0.05202988535165787	-0.3971601575613022	-0.44919004291296005
1384	0.05202988535165787	-0.3971601575613022	-0.44919004291296005
1385	0.05202988535165787	-0.3971601575613022	-0.44919004291296005
1386	0.05202988535165787	-0.3971601575613022	-0.44919004291296005
1387	0.05202988535165787	-0.3971601575613022	-0.44919004291296005
1388	0.05202988535165787	-0.3971601575613022	-0.44919004291296005
1389	0.05202988535165787	-0.3971601575613022	-0.44919004291296005
1390	0.05202988535165787	-0.3971601575613022	-0.44919004291296005
1391	0.05202988535165787	-0.3971601575613022	-0.44919004291296005
1392	0.05202988535165787	-0.3971601575613022	-0.44919004291296005
1393	0.05202988535165787	-0.3971601575613022	-0.44919004291296005
1394	0.05202988535165787	-0.3971601575613022	-0.44919004291296005
1395	0.05202988535165787	-0.3971601575613022	-0.44919004291296005
1396	0.05202988535165787	-0.3971601575613022	-0.44919004291296005
1397	0.05202988535165787	-0.3971601575613022	-0.44919004291296005
1398	0.05202988535165787	-0.3971601575613022	-0.44919004291296005
1399	0.05202988535165787	-0.3971601575613022	-0.44919004291296005
1400	0.05202988535165787	-0.3971601575613022	-0.44919004291296005
1401	0.05202988535165787	-0.3971601575613022	-0.44919004291296005
1402	0.05202988535165787	-0.3971601575613022	-0.44919004291296005
1403	0.05202988535165787	-0.3971601575613022	-0.44919004291296005
1404	0.05202988535165787	-0.3971601575613022	-0.44919004291296005
1405	0.05202988535165787	-0.3971601575613022	-0.44919004291296005
1406	0.05202988535165787	-0.3971601575613022	-0.44919004291296005
1407	0.05202988535165787	-0.3971601575613022	-0.44919004291296005
1408	0.05202988535165787	-0.3971601575613022	-0.44919004291296005
1409	0.05202988535165787	-0.3971601575613022	-0.44919004291296005
1410	0.05202988535165787	-0.3971601575613022	-0.44919004291296005
1411	0.05202988535165787	-0.3971601575613022	-0.44919004291296005
1412	0.05202988535165787	-0.3971601575613022	-0.44919004291296005
1413	0.05202988535165787	-0.3971601575613022	-0.44919004291296005
1414	0.05202988535165787	-0.3971601575613022	-0.44919004291296005
1415	0.05202988535165787	-0.3971601575613022	-0.44919004291296005
1416	0.05202988535165787	-0.3971601575613022	-0.44919004291296005
1417	0.05202988535165787	-0.3971601575613022	-0.44919004291296005
1418	0.05202988535165787	-0.3971601575613022	-0.44919004291296005
1419	0.05202988535165787	-0.3971601575613022	-0.44919004291296005
1420	0.05202988535165787	-0.3971601575613022	-0.44919004291296005
1421	0.05202988535165787	-0.3971601575613022	-0.44919004291296005
1422	0.05202988535165787	-0.3971601575613022	-0.44919004291296005
1423	0.05202988535165787	-0.3971601575613022	-0.44919004291296005
1424	0.05202988535165787	-0.3971601575613022	-0.44919004291296005
1425	0.05202988535165787	-0.3971601575613022	-0.44919004291296005
1426	0.05202988535165787	-0.3971601575613022	-0.44919004291296005
1427	0.05202988535165787	-0.3971601575613022	-0.44919004291296005
1428	0.05202988535165787	-0.3971601575613022	-0.44919004291296005
1429	0.05202988535165787	-0.3971601575613022	-0.44919004291296005
1430	0.05202988535165787	-0.3971601575613022	-0.44919004291296005
1431	0.05202988535165787	-0.3971601575613022	-0.44919004291296005
1432	0.05202988535165787	-0.3971601575613022	-0.44919004291296005
1433	0.05202988535165787	-0.3971601575613022	-0.44919004291296005
1434	0.05202988535165787	-0.3971601575613022	-0.44919004291296005
1435	0.05202988535165787	-0.3971601575613022	-0.44919004291296005
1436	0.05202988535165787	-0.3971601575613022	-0.44919004291296005
1437	0.05202988535165787	-0.3971601575613022	-0.44919004291296005
1438	0.05202988535165787	-0.3971601575613022	-0.44919004291296005
1439	0.05202988535165787	-0.3971601575613022	-0.44919004291296005
1440	0.05202988535165787	-0.3971601575613022	-0.44919004291296005
1441	0.05202988535165787	-0.3971601575613022	-0.44919004291296005
1442	0.05202988535165787	-0.3971601575613022	-0.44919004291296005
1443	0.05202988535165787	-0.3971601575613022	-0.44919004291296005
1444	0.05202988535165787	-0.3971601575613022	-0.44919004291296005
1445	0.05202988535165787	-0.3971601575613022	-0.44919004291296005
1446	0.05202988535165787	-0.3971601575613022	-0.44919004291296005
1447	0.05202988535165787	-0.3971601575613022	-0.44919004291296005
1448	0.05202988535165787	-0.3971601575613022	-0.44919004291296005
1449	0.05202988535165787	-0.3971601575613022	-0.44919004291296005
1450	0.05202988535165787	-0.3971601575613022	-0.44919004291296005
1451	0.05202988535165787	-0.3971601575613022	-0.44919004291296005
1452	0.05202988535165787	-0.3971601575613022	-0.44919004291296005
1453	0.05202988535165787	-0.3971601575613022	-0.44919004291296005
1454	0.05202988535165787	-0.3971601575613022	-0.44919004291296005
1455	0.05202988535165787	-0.3971601575613022	-0.44919004291296005
1456	0.05202988535165787	-0.3971601575613022	-0.44919004291296005
1457	0.05202988535165787	-0.3971601575613022	-0.44919004291296005
1458	0.05202988535165787	-0.3971601575613022	-0.44919004291296005
1459	0.05202988535165787	-0.3971601575613022	-0.44919004291296005
1460	0.05202988535165787	-0.3971601575613022	-0.44919004291296005
1461	0.05202988535165787	-0.3971601575613022	-0.44919004291296005
1462	0.05202988535165787	-0.3971601575613022	-0.44919004291296005
1463	0.05202988535165787	-0.3971601575613022	-0.44919004291296005
1464	0.05202988535165787	-0.3971601575613022	-0.44919004291296005
1465	0.05202988535165787	-0.3971601575613022	-0.44919004291296005
1466	0.05202988535165787	-0.3971601575613022	-0.44919004291296005
1467	0.05202988535165787	-0.3971601575613022	-0.44919004291296005
1468	0.05202988535165787	-0.3971601575613022	-0.44919004291296005
1469	0.05202988535165787	-0.3971601575613022	-0.44919004291296005
1470	0.05202988535165787	-0.3971601575613022	-0.44919004291296005
1471	0.05202988535165787	-0.3971601575613022	-0.44919004291296005
1472	0.05202988535165787	-0.3971601575613022	-0.44919004291296005
1473	0.05202988535165787	-0.3971601575613022	-0.44919004291296005
1474	0.05202988535165787	-0.3971601575613022	-0.44919004291296005
1475	0.05202988535165787	-0.3971601575613022	-0.44919004291296005
1476	0.05202988535165787	-0.3971601575613022	-0.44919004291296005
1477	0.05202988535165787	-0.3971601575613022	-0.44919004291296005
1478	0.05202988535165787	-0.3971601575613022	-0.44919004291296005
1479	0.05202988535165787	-0.3971601575613022	-0.44919004291296005
1480	0.05202988535165787	-0.3971601575613022	-0.44919004291296005
1481	0.05202988535165787	-0.3971601575613022	-0.44919004291296005
1482	0.05202988535165787	-0.3971601575613022	-0.44919004291296005
1483	0.05202988535165787	-0.3971601575613022	-0.44919004291296005
1484	0.05202988535165787	-0.3971601575613022	-0.44919004291296005
1485	0.05202988535165787	-0.3971601575613022	-0.44919004291296005
1486	0.05202988535165787	-0.3971601575613022	-0.44919004291296005
1487	0.05202988535165787	-0.3971601575613022	-0.44919004291296005
1488	0.05202988535165787	-0.3971601575613022	-0.44919004291296005
1489	0.05202988535165787	-0.3971601575613022	-0.44919004291296005
1490	0.05202988535165787	-0.3971601575613022	-0.44919004291296005
1491	0.05202988535165787	-0.3971601575613022	-0.44919004291296005
1492	0.05202988535165787	-0.3971601575613022	-0.44919004291296005
1493	0.05202988535165787	-0.3971601575613022	-0.44919004291296005
1494	0.05202988535165787	-0.3971601575613022	-0.44919004291296005
1495	0.05202988535165787	-0.3971601575613022	-0.44919004291296005
1496	0.05202988535165787	-0.3971601575613022	-0.44919004291296005
1497	0.05202988535165787	-0.3971601575613022	-0.44919004291296005
1498	0.05202988535165787	-0.3971601575613022	-0.44919004291296005
1499	0.05202988535165787	-0.3971601575613022	-0.44919004291296005
1500	0.05202988535165787	-0.3971601575613022	-0.44919004291296005
1501	0.05202988535165787	-0.3971601575613022	-0.44919004291296005
1502	0.05202988535165787	-0.3971601575613022	-0.44919004291296005
1503	0.05202988535165787	-0.3971601575613022	-0.44919004291296005
1504	0.05202988535165787	-0.3971601575613022	-0.44919004291296005
1505	0.05202988535165787	-0.3971601575613022	-0.44919004291296005
1506	0.05202988535165787	-0.3971601575613022	-0.44919004291296005
1507	0.05202988535165787	-0.3971601575613022	-0.44919004291296005
1508	0.05202988535165787	-0.3971601575613022	-0.44919004291296005
1509	0.05202988535165787	-0.3971601575613022	-0.44919004291296005
1510	0.05202988535165787	-0.3971601575613022	-0.44919004291296005
1511	0.05202988535165787	-0.3971601575613022	-0.44919004291296005
1512	0.05202988535165787	-0.3971601575613022	-0.44919004291296005
1513	0.05202988535165787	-0.3971601575613022	-0.44919004291296005
1514	0.05202988535165787	-0.3971601575613022	-0.44919004291296005
1515	0.05202988535165787	-0.3971601575613022	-0.44919004291296005
1516	0.05202988535165787	-0.3971601575613022	-0.44919004291296005
1517	0.05202988535165787	-0.3971601575613022	-0.44919004291296005
1518	0.05202988535165787	-0.3971601575613022	-0.44919004291296005
1519	0.05202988535165787	-0.3971601575613022	-0.44919004291296005
1520	0.05202988535165787	-0.3971601575613022	-0.44919004291296005
1521	0.05202988535165787	-0.3971601575613022	-0.44919004291296005
1522	0.05202988535165787	-0.3971601575613022	-0.44919004291296005
1523	0.05202988535165787	-0.3971601575613022	-0.44919004291296005
1524	0.05202988535165787	-0.3971601575613022	-0.44919004291296005
1525	0.05202988535165787	-0.3971601575613022	-0.44919004291296005
1526	0.05202988535165787	-0.3971601575613022	-0.44919004291296005
1527	0.05202988535165787	-0.3971601575613022	-0.44919004291296005
1528	0.05202988535165787	-0.3971601575613022	-0.44919004291296005
1529	0.05202988535165787	-0.3971601575613022	-0.44919004291296005
1530	0.05202988535165787	-0.3971601575613022	-0.44919004291296005
1531	0.05202988535165787	-0.3971601575613022	-0.44919004291296005
1532	0.05202988535165787	-0.3971601575613022	-0.44919004291296005
1533	0.05202988535165787	-0.3971601575613022	-0.44919004291296005
1534	0.05202988535165787	-0.3971601575613022	-0.44919004291296005
1535	0.05202988535165787	-0.3971601575613022	-0.44919004291296005
1536	0.05202988535165787	-0.3971601575613022	-0.44919004291296005
1537	0.05202988535165787	-0.3971601575613022	-0.44919004291296005
1538	0.05202988535165787	-0.3971601575613022	-0.44919004291296005
1539	0.05202988535165787	-0.3971601575613022	-0.44919004291296005
1540	0.05202988535165787	-0.3971601575613022	-0.44919004291296005
1541	0.05202988535165787	-0.3971601575613022	-0.44919004291296005
1542	0.05202988535165787	-0.3971601575613022	-0.44919004291296005
1543	0.05202988535165787	-0.3971601575613022	-0.44919004291296005
1544	0.05202988535165787	-0.3971601575613022	-0.44919004291296005
1545	0.05202988535165787	-0.3971601575613022	-0.44919004291296005
1546	0.05202988535165787	-0.3971601575613022	-0.44919004291296005
1547	0.05202988535165787	-0.3971601575613022	-0.44919004291296005
1548	0.05202988535165787	-0.3971601575613022	-0.44919004291296005
1549	0.05202988535165787	-0.3971601575613022	-0.44919004291296005
1550	0.05202988535165787	-0.3971601575613022	-0.44919004291296005
1551	0.05202988535165787	-0.3971601575613022	-0.44919004291296005
1552	0.05202988535165787	-0.3971601575613022	-0.44919004291296005
1553	0.05202988535165787	-0.3971601575613022	-0.44919004291296005
1554	0.05202988535165787	-0.3971601575613022	-0.44919004291296005
1555	0.05202988535165787	-0.3971601575613022	-0.44919004291296005
1556	0.05202988535165787	-0.3971601575613022	-0.44919004291296005
1557	0.05202988535165787	-0.3971601575613022	-0.44919004291296005
1558	0.05202988535165787	-0.3971601575613022	-0.44919004291296005
1559	0.05202988535165787	-0.3971601575613022	-0.44919004291296005
1560	0.05202988535165787	-0.3971601575613022	-0.44919004291296005
1561	0.05202988535165787	-0.3971601575613022	-0.44919004291296005
1562	0.05202988535165787	-0.3971601575613022	-0.44919004291296005
1563	0.05202988535165787	-0.3971601575613022	-0.44919004291296005
1564	0.05202988535165787	-0.3971601575613022	-0.44919004291296005
1565	0.05202988535165787	-0.3971601575613022	-0.44919004291296005
1566	0.05202988535165787	-0.3971601575613022	-0.44919004291296005
1567	0.05202988535165787	-0.3971601575613022	-0.44919004291296005
1568	0.05202988535165787	-0.3971601575613022	-0.44919004291296005
1569	0.05202988535165787	-0.3971601575613022	-0.44919004291296005
1570	0.05202988535165787	-0.3971601575613022	-0.44919004291296005
1571	0.05202988535165787	-0.3971601575613022	-0.44919004291296005
1572	0.05202988535165787	-0.3971601575613022	-0.44919004291296005
1573	0.05202988535165787	-0.3971601575613022	-0.44919004291296005
1574	0.05202988535165787	-0.3971601575613022	-0.44919004291296005
1575	0.05202988535165787	-0.3971601575613022	-0.44919004291296005
1576	0.05202988535165787	-0.3971601575613022	-0.44919004291296005
1577	0.05202988535165787	-0.3971601575613022	-0.44919004291296005
1578	0.05202988535165787	-0.3971601575613022	-0.44919004291296005
1579	0.05202988535165787	-0.3971601575613022	-0.44919004291296005
1580	0.05202988535165787	-0.3971601575613022	-0.44919004291296005
1581	0.05202988535165787	-0.3971601575613022	-0.44919004291296005
1582	0.05202988535165787	-0.3971601575613022	-0.44919004291296005
1583	0.05202988535165787	-0.3971601575613022	-0.44919004291296005
1584	0.05202988535165787	-0.3971601575613022	-0.44919004291296005
1585	0.05202988535165787	-0.3971601575613022	-0.44919004291296005
1586	0.05202988535165787	-0.3971601575613022	-0.44919004291296005
1587	0.05202988535165787	-0.3971601575613022	-0.44919004291296005
1588	0.05202988535165787	-0.3971601575613022	-0.44919004291296005
1589	0.05202988535165787	-0.3971601575613022	-0.44919004291296005
1590	0.05202988535165787	-0.3971601575613022	-0.44919004291296005
1591	0.05202988535165787	-0.3971601575613022	-0.44919004291296005
1592	0.05202988535165787	-0.3971601575613022	-0.44919004291296005
1593	0.05202988535165787	-0.3971601575613022	-0.44919004291296005
1594	0.05202988535165787	-0.3971601575613022	-0.44919004291296005
1595	0.05202988535165787	-0.3971601575613022	-0.44919004291296005
1596	0.05202988535165787	-0.3971601575613022	-0.44919004291296005
1597	0.05202988535165787	-0.3971601575613022	-0.44919004291296005
1598	0.05202988535165787	-0.3971601575613022	-0.44919004291296005
1599	0.05202988535165787	-0.3971601575613022	-0.44919004291296005
1600	0.05202988535165787	-0.3971601575613022	-0.44919004291296005
1601	0.05202988535165787	-0.3971601575613022	-0.44919004291296005
1602	0.05202988535165787	-0.3971601575613022	-0.44919004291296005
1603	0.05202988535165787	-0.3971601575613022	-0.44919004291296005
1604	0.05202988535165787	-0.3971601575613022	-0.44919004291296005
1605	0.05202988535165787	-0.3971601575613022	-0.44919004291296005
1606	0.05202988535165787	-0.3971601575613022	-0.44919004291296005
1607	0.05202988535165787	-0.3971601575613022	-0.44919004291296005
1608	0.05202988535165787	-0.3971601575613022	-0.44919004291296005
1609	0.05202988535165787	-0.3971601575613022	-0.44919004291296005
1610	0.05202988535165787	-0.3971601575613022	-0.44919004291296005
1611	0.05202988535165787	-0.3971601575613022	-0.44919004291296005
1612	0.05202988535165787	-0.3971601575613022	-0.44919004291296005
1613	0.05202988535165787	-0.3971601575613022	-0.44919004291296005
1614	0.05202988535165787	-0.3971601575613022	-0.44919004291296005
1615	0.05202988535165787	-0.3971601575613022	-0.44919004291296005
1616	0.05202988535165787	-0.3971601575613022	-0.44919004291296005
1617	0.05202988535165787	-0.3971601575613022	-0.44919004291296005
1618	0.05202988535165787	-0.3971601575613022	-0.44919004291296005
1619	0.05202988535165787	-0.3971601575613022	-0.44919004291296005
1620	0.05202988535165787	-0.3971601575613022	-0.44919004291296005
1621	0.05202988535165787	-0.3971601575613022	-0.44919004291296005
1622	0.05202988535165787	-0.3971601575613022	-0.44919004291296005
1623	0.05202988535165787	-0.3971601575613022	-0.44919004291296005
1624	0.05202988535165787	-0.3971601575613022	-0.44919004291296005
1625	0.05202988535165787	-0.3971601575613022	-0.44919004291296005
1626	0.05202988535165787	-0.3971601575613022	-0.44919004291296005
1627	0.05202988535165787	-0.3971601575613022	-0.44919004291296005
1628	0.05202988535165787	-0.3971601575613022	-0.44919004291296005
1629	0.05202988535165787	-0.3971601575613022	-0.44919004291296005
1630	0.05202988535165787	-0.3971601575613022	-0.44919004291296005
1631	0.05202988535165787	-0.3971601575613022	-0.44919004291296005
1632	0.05202988535165787	-0.3971601575613022	-0.44919004291296005
1633	0.05202988535165787	-0.3971601575613022	-0.44919004291296005
1634	0.05202988535165787	-0.3971601575613022	-0.44919004291296005
1635	0.05202988535165787	-0.3971601575613022	-0.44919004291296005
1636	0.05202988535165787	-0.3971601575613022	-0.44919004291296005
1637	0.05202988535165787	-0.3971601575613022	-0.44919004291296005
1638	0.05202988535165787	-0.3971601575613022	-0.44919004291296005
1639	0.05202988535165787	-0.3971601575613022	-0.44919004291296005
1640	0.05202988535165787	-0.3971601575613022	-0.44919004291296005
1641	0.05202988535165787	-0.3971601575613022	-0.44919004291296005
1642	0.05202988535165787	-0.3971601575613022	-0.44919004291296005
1643	0.05202988535165787	-0.3971601575613022	-0.44919004291296005
1644	0.05202988535165787	-0.3971601575613022	-0.44919004291296005
1645	0.05202988535165787	-0.3971601575613022	-0.44919004291296005
1646	0.05202988535165787	-0.3971601575613022	-0.44919004291296005
1647	0.05202988535165787	-0.3971601575613022	-0.44919004291296005
1648	0.05202988535165787	-0.3971601575613022	-0.44919004291296005
1649	0.05202988535165787	-0.3971601575613022	-0.44919004291296005
1650	0.05202988535165787	-0.3971601575613022	-0.44919004291296005
1651	0.05202988535165787	-0.3971601575613022	-0.44919004291296005
1652	0.05202988535165787	-0.3971601575613022	-0.44919004291296005
1653	0.05202988535165787	-0.3971601575613022	-0.44919004291296005
1654	0.05202988535165787	-0.3971601575613022	-0.44919004291296005
1655	0.05202988535165787	-0.3971601575613022	-0.44919004291296005
1656	0.05202988535165787	-0.3971601575613022	-0.44919004291296005
1657	0.05202988535165787	-0.3971601575613022	-0.44919004291296005
1658	0.05202988535165787	-0.3971601575613022	-0.44919004291296005
1659	0.05202988535165787	-0.3971601575613022	-0.44919004291296005
1660	0.05202988535165787	-0.3971601575613022	-0.44919004291296005
1661	0.05202988535165787	-0.3971601575613022	-0.44919004291296005
1662	0.05202988535165787	-0.3971601575613022	-0.44919004291296005
1663	0.05202988535165787	-0.3971601575613022	-0.44919004291296005
1664	0.05202988535165787	-0.3971601575613022	-0.44919004291296005
1665	0.05202988535165787	-0.3971601575613022	-0.44919004291296005
1666	0.05202988535165787	-0.3971601575613022	-0.44919004291296005
1667	0.05202988535165787	-0.3971601575613022	-0.44919004291296005
1668	0.05202988535165787	-0.3971601575613022	-0.44919004291296005
1669	0.05202988535165787	-0.3971601575613022	-0.44919004291296005
1670	0.05202988535165787	-0.3971601575613022	-0.44919004291296005
1671	0.05202988535165787	-0.3971601575613022	-0.44919004291296005
1672	0.05202988535165787	-0.3971601575613022	-0.44919004291296005
1673	0.05202988535165787	-0.3971601575613022	-0.44919004291296005
1674	0.05202988535165787	-0.3971601575613022	-0.44919004291296005
1675	0.05202988535165787	-0.3971601575613022	-0.44919004291296005
1676	0.05202988535165787	-0.3971601575613022	-0.44919004291296005
1677	0.05202988535165787	-0.3971601575613022	-0.44919004291296005
1678	0.05202988535165787	-0.3971601575613022	-0.44919004291296005
1679	0.05202988535165787	-0.3971601575613022	-0.44919004291296005
1680	0.05202988535165787	-0.3971601575613022	-0.44919004291296005
1681	0.05202988535165787	-0.3971601575613022	-0.44919004291296005
1682	0.05202988535165787	-0.3971601575613022	-0.44919004291296005
1683	0.05202988535165787	-0.3971601575613022	-0.44919004291296005
1684	0.05202988535165787	-0.3971601575613022	-0.44919004291296005
1685	0.05202988535165787	-0.3971601575613022	-0.44919004291296005
1686	0.05202988535165787	-0.3971601575613022	-0.44919004291296005
1687	0.05202988535165787	-0.3971601575613022	-0.44919004291296005
1688	0.05202988535165787	-0.3971601575613022	-0.44919004291296005
1689	0.05202988535165787	-0.3971601575613022	-0.44919004291296005
1690	0.05202988535165787	-0.3971601575613022	-0.44919004291296005
1691	0.05202988535165787	-0.3971601575613022	-0.44919004291296005
1692	0.05202988535165787	-0.3971601575613022	-0.44919004291296005
1693	0.05202988535165787	-0.3971601575613022	-0.44919004291296005
1694	0.05202988535165787	-0.3971601575613022	-0.44919004291296005
1695	0.05202988535165787	-0.3971601575613022	-0.44919004291296005
1696	0.05202988535165787	-0.3971601575613022	-0.44919004291296005
1697	0.05202988535165787	-0.3971601575613022	-0.44919004291296005
1698	0.05202988535165787	-0.3971601575613022	-0.44919004291296005
1699	0.05202988535165787	-0.3971601575613022	-0.44919004291296005
1700	0.05202988535165787	-0.3971601575613022	-0.44919004291296005
1701	0.05202988535165787	-0.3971601575613022	-0.44919004291296005
1702	0.05202988535165787	-0.3971601575613022	-0.44919004291296005
1703	0.05202988535165787	-0.3971601575613022	-0.44919004291296005
1704	0.05202988535165787	-0.3971601575613022	-0.44919004291296005
1705	0.05202988535165787	-0.3971601575613022	-0.44919004291296005
1706	0.05202988535165787	-0.3971601575613022	-0.44919004291296005
1707	0.05202988535165787	-0.3971601575613022	-0.44919004291296005
1708	0.05202988535165787	-0.3971601575613022	-0.44919004291296005
1709	0.05202988535165787	-0.3971601575613022	-0.44919004291296005
1710	0.05202988535165787	-0.3971601575613022	-0.44919004291296005
1711	0.05202988535165787	-0.3971601575613022	-0.44919004291296005
1712	0.05202988535165787	-0.3971601575613022	-0.44919004291296005
1713	0.05202988535165787	-0.3971601575613022	-0.44919004291296005
1714	0.05202988535165787	-0.3971601575613022	-0.44919004291296005
1715	0.05202988535165787	-0.3971601575613022	-0.44919004291296005
1716	0.05202988535165787	-0.3971601575613022	-0.44919004291296005
1717	0.05202988535165787	-0.3971601575613022	-0.44919004291296005
1718	0.05202988535165787	-0.3971601575613022	-0.44919004291296005
1719	0.05202988535165787	-0.3971601575613022	-0.44919004291296005
1720	0.05202988535165787	-0.3971601575613022	-0.44919004291296005
1721	0.05202988535165787	-0.3971601575613022	-0.44919004291296005
1722	0.05202988535165787	-0.3971601575613022	-0.44919004291296005
1723	0.05202988535165787	-0.3971601575613022	-0.44919004291296005
1724	0.05202988535165787	-0.3971601575613022	-0.44919004291296005
1725	0.05202988535165787	-0.3971601575613022	-0.44919004291296005
1726	0.05202988535165787	-0.3971601575613022	-0.44919004291296005
1727	0.05202988535165787	-0.3971601575613022	-0.44919004291296005
1728	0.05202988535165787	-0.3971601575613022	-0.44919004291296005
1729	0.05202988535165787	-0.3971601575613022	-0.44919004291296005
1730	0.05202988535165787	-0.3971601575613022	-0.44919004291296005
1731	0.05202988535165787	-0.3971601575613022	-0.44919004291296005
1732	0.05202988535165787	-0.3971601575613022	-0.44919004291296005
1733	0.05202988535165787	-0.3971601575613022	-0.44919004291296005
1734	0.05202988535165787	-0.3971601575613022	-0.44919004291296005
1735	0.05202988535165787	-0.3971601575613022	-0.44919004291296005
1736	0.05202988535165787	-0.3971601575613022	-0.44919004291296005
1737	0.05202988535165787	-0.3971601575613022	-0.44919004291296005
1738	0.05202988535165787	-0.3971601575613022	-0.44919004291296005
1739	0.05202988535165787	-0.3971601575613022	-0.44919004291296005
1740	0.05202988535165787	-0.3971601575613022	-0.44919004291296005
1741	0.05202988535165787	-0.3971601575613022	-0.44919004291296005
1742	0.05202988535165787	-0.3971601575613022	-0.44919004291296005
1743	0.05202988535165787	-0.3971601575613022	-0.44919004291296005
1744	0.05202988535165787	-0.3971601575613022	-0.44919004291296005
1745	0.05202988535165787	-0.3971601575613022	-0.44919004291296005
1746	0.05202988535165787	-0.3971601575613022	-0.44919004291296005
1747	0.05202988535165787	-0.3971601575613022	-0.44919004291296005
1748	0.05202988535165787	-0.3971601575613022	-0.44919004291296005
1749	0.05202988535165787	-0.3971601575613022	-0.44919004291296005
1750	0.05202988535165787	-0.3971601575613022	-0.44919004291296005
1751	0.05202988535165787	-0.3971601575613022	-0.44919004291296005
1752	0.05202988535165787	-0.3971601575613022	-0.44919004291296005
1753	0.05202988535165787	-0.3971601575613022	-0.44919004291296005
1754	0.05202988535165787	-0.3971601575613022	-0.44919004291296005
1755	0.05202988535165787	-0.3971601575613022	-0.44919004291296005
1756	0.05202988535165787	-0.3971601575613022	-0.44919004291296005
1757	0.05202988535165787	-0.3971601575613022	-0.44919004291296005
1758	0.05202988535165787	-0.3971601575613022	-0.44919004291296005
1759	0.05202988535165787	-0.3971601575613022	-0.44919004291296005
1760	0.05202988535165787	-0.3971601575613022	-0.44919004291296005
1761	0.05202988535165787	-0.3971601575613022	-0.44919004291296005
1762	0.05202988535165787	-0.3971601575613022	-0.44919004291296005
1763	0.05202988535165787	-0.3971601575613022	-0.44919004291296005
1764	0.05202988535165787	-0.3971601575613022	-0.44919004291296005
1765	0.05202988535165787	-0.3971601575613022	-0.44919004291296005
1766	0.05202988535165787	-0.3971601575613022	-0.44919004291296005
1767	0.05202988535165787	-0.3971601575613022	-0.44919004291296005
1768	0.05202988535165787	-0.3971601575613022	-0.44919004291296005
1769	0.05202988535165787	-0.3971601575613022	-0.44919004291296005
1770	0.05202988535165787	-0.3971601575613022	-0.44919004291296005
1771	0.05202988535165787	-0.3971601575613022	-0.44919004291296005
1772	0.05202988535165787	-0.3971601575613022	-0.44919004291296005
1773	0.05202988535165787	-0.3971601575613022	-0.44919004291296005
1774	0.05202988535165787	-0.3971601575613022	-0.44919004291296005
1775	0.05202988535165787	-0.3971601575613022	-0.44919004291296005
1776	0.05202988535165787	-0.3971601575613022	-0.44919004291296005
1777	0.05202988535165787	-0.3971601575613022	-0.44919004291296005
1778	0.05202988535165787	-0.3971601575613022	-0.44919004291296005
1779	0.05202988535165787	-0.3971601575613022	-0.44919004291296005
1780	0.05202988535165787	-0.3971601575613022	-0.44919004291296005
1781	0.05202988535165787	-0.3971601575613022	-0.44919004291296005
1782	0.05202988535165787	-0.3971601575613022	-0.44919004291296005
1783	0.05202988535165787	-0.3971601575613022	-0.44919004291296005
1784	0.05202988535165787	-0.3971601575613022	-0.44919004291296005
1785	0.05202988535165787	-0.3971601575613022	-0.44919004291296005
1786	0.05202988535165787	-0.3971601575613022	-0.44919004291296005
1787	0.05202988535165787	-0.3971601575613022	-0.44919004291296005
1788	0.05202988535165787	-0.3971601575613022	-0.44919004291296005
1789	0.05202988535165787	-0.3971601575613022	-0.44919004291296005
1790	0.05202988535165787	-0.3971601575613022	-0.44919004291296005
1791	0.05202988535165787	-0.3971601575613022	-0.44919004291296005
1792	0.05202988535165787	-0.3971601575613022	-0.44919004291296005
1793	0.05202988535165787	-0.3971601575613022	-0.44919004291296005
1794	0.05202988535165787	-0.3971601575613022	-0.44919004291296005
1795	0.05202988535165787	-0.3971601575613022	-0.44919004291296005
1796	0.05202988535165787	-0.3971601575613022	-0.44919004291296005
1797	0.05202988535165787	-0.3971601575613022	-0.44919004291296005
1798	0.05202988535165787	-0.3971601575613022	-0.44919004291296005
1799	0.05202988535165787	-0.3971601575613022	-0.44919004291296005
1800	0.05202988535165787	-0.3971601575613022	-0.44919004291296005
1801	0.05202988535165787	-0.3971601575613022	-0.44919004291296005
1802	0.05202988535165787	-0.3971601575613022	-0.44919004291296005
1803	0.05202988535165787	-0.3971601575613022	-0.44919004291296005
1804	0.05202988535165787	-0.3971601575613022	-0.44919004291296005
1805	0.05202988535165787	-0.3971601575613022	-0.44919004291296005
1806	0.05202988535165787	-0.3971601575613022	-0.44919004291296005
1807	0.05202988535165787	-0.3971601575613022	-0.44919004291296005
1808	0.05202988535165787	-0.3971601575613022	-0.44919004291296005
1809	0.05202988535165787	-0.3971601575613022	-0.44919004291296005
1810	0.05202988535165787	-0.3971601575613022	-0.44919004291296005
1811	0.05202988535165787	-0.3971601575613022	-0.44919004291296005
1812	0.05202988535165787	-0.3971601575613022	-0.44919004291296005
1813	0.05202988535165787	-0.3971601575613022	-0.44919004291296005
1814	0.05202988535165787	-0.3971601575613022	-0.44919004291296005
1815	0.05202988535165787	-0.3971601575613022	-0.44919004291296005
1816	0.05202988535165787	-0.3971601575613022	-0.44919004291296005
1817	0.05202988535165787	-0.3971601575613022	-0.44919004291296005
1818	0.05202988535165787	-0.3971601575613022	-0.44919004291296005
1819	0.05202988535165787	-0.3971601575613022	-0.44919004291296005
1820	0.05202988535165787	-0.3971601575613022	-0.44919004291296005
1821	0.05202988535165787	-0.3971601575613022	-0.44919004291296005
1822	0.05202988535165787	-0.3971601575613022	-0.44919004291296005
1823	0.05202988535165787	-0.3971601575613022	-0.44919004291296005
1824	0.05202988535165787	-0.3971601575613022	-0.44919004291296005
1825	0.05202988535165787	-0.3971601575613022	-0.44919004291296005
1826	0.05202988535165787	-0.3971601575613022	-0.44919004291296005
1827	0.05202988535165787	-0.3971601575613022	-0.44919004291296005
1828	0.05202988535165787	-0.3971601575613022	-0.44919004291296005
1829	0.05202988535165787	-0.3971601575613022	-0.44919004291296005
1830	0.05202988535165787	-0.3971601575613022	-0.44919004291296005
1831	0.05202988535165787	-0.3971601575613022	-0.44919004291296005
1832	0.05202988535165787	-0.3971601575613022	-0.44919004291296005
1833	0.05202988535165787	-0.3971601575613022	-0.44919004291296005
1834	0.05202988535165787	-0.3971601575613022	-0.44919004291296005
1835	0.05202988535165787	-0.3971601575613022	-0.44919004291296005
1836	0.05202988535165787	-0.3971601575613022	-0.44919004291296005
1837	0.05202988535165787	-0.3971601575613022	-0.44919004291296005
1838	0.05202988535165787	-0.3971601575613022	-0.44919004291296005
1839	0.05202988535165787	-0.3971601575613022	-0.44919004291296005
1840	0.05202988535165787	-0.3971601575613022	-0.44919004291296005
1841	0.05202988535165787	-0.3971601575613022	-0.44919004291296005
1842	0.05202988535165787	-0.3971601575613022	-0.44919004291296005
1843	0.05202988535165787	-0.3971601575613022	-0.44919004291296005
1844	0.05202988535165787	-0.3971601575613022	-0.44919004291296005
1845	0.05202988535165787	-0.3971601575613022	-0.44919004291296005
1846	0.05202988535165787	-0.3971601575613022	-0.44919004291296005
1847	0.05202988535165787	-0.3971601575613022	-0.44919004291296005
1848	0.05202988535165787	-0.3971601575613022	-0.44919004291296005
1849	0.05202988535165787	-0.3971601575613022	-0.44919004291296005
1850	0.05202988535165787	-0.3971601575613022	-0.44919004291296005
1851	0.05202988535165787	-0.3971601575613022	-0.44919004291296005
1852	0.05202988535165787	-0.3971601575613022	-0.44919004291296005
1853	0.05202988535165787	-0.3971601575613022	-0.44919004291296005
1854	0.05202988535165787	-0.3971601575613022	-0.44919004291296005
1855	0.05202988535165787	-0.3971601575613022	-0.44919004291296005
1856	0.05202988535165787	-0.3971601575613022	-0.44919004291296005
1857	0.05202988535165787	-0.3971601575613022	-0.44919004291296005
1858	0.05202988535165787	-0.3971601575613022	-0.44919004291296005
1859	0.05202988535165787	-0.3971601575613022	-0.44919004291296005
1860	0.05202988535165787	-0.3971601575613022	-0.44919004291296005
1861	0.05202988535165787	-0.3971601575613022	-0.44919004291296005
1862	0.05202988535165787	-0.3971601575613022	-0.44919004291296005
1863	0.05202988535165787	-0.3971601575613022	-0.44919004291296005
1864	0.05202988535165787	-0.3971601575613022	-0.44919004291296005
1865	0.05202988535165787	-0.3971601575613022	-0.44919004291296005
1866	0.05202988535165787	-0.3971601575613022	-0.44919004291296005
1867	0.05202988535165787	-0.3971601575613022	-0.44919004291296005
1868	0.05202988535165787	-0.3971601575613022	-0.44919004291296005
1869	0.05202988535165787	-0.3971601575613022	-0.44919004291296005
1870	0.05202988535165787	-0.3971601575613022	-0.44919004291296005
1871	0.05202988535165787	-0.3971601575613022	-0.44919004291296005
1872	0.05202988535165787	-0.3971601575613022	-0.44919004291296005
1873	0.05202988535165787	-0.3971601575613022	-0.44919004291296005
1874	0.05202988535165787	-0.3971601575613022	-0.44919004291296005
1875	0.05202988535165787	-0.3971601575613022	-0.44919004291296005
1876	0.05202988535165787	-0.3971601575613022	-0.44919004291296005
1877	0.05202988535165787	-0.3971601575613022	-0.44919004291296005
1878	0.05202988535165787	-0.3971601575613022	-0.44919004291296005
1879	0.05202988535165787	-0.3971601575613022	-0.44919004291296005
1880	0.05202988535165787	-0.3971601575613022	-0.44919004291296005
1881	0.05202988535165787	-0.3971601575613022	-0.44919004291296005
1882	0.05202988535165787	-0.3971601575613022	-0.44919004291296005
1883	0.05202988535165787	-0.3971601575613022	-0.44919004291296005
1884	0.05202988535165787	-0.3971601575613022	-0.44919004291296005
1885	0.05202988535165787	-0.3971601575613022	-0.44919004291296005
1886	0.05202988535165787	-0.3971601575613022	-0.44919004291296005
1887	0.05202988535165787	-0.3971601575613022	-0.44919004291296005
1888	0.05202988535165787	-0.3971601575613022	-0.44919004291296005
1889	0.05202988535165787	-0.3971601575613022	-0.44919004291296005
1890	0.05202988535165787	-0.3971601575613022	-0.44919004291296005
1891	0.05202988535165787	-0.3971601575613022	-0.44919004291296005
1892	0.05202988535165787	-0.3971601575613022	-0.44919004291296005
1893	0.05202988535165787	-0.3971601575613022	-0.44919004291296005
1894	0.05202988535165787	-0.3971601575613022	-0.44919004291296005
1895	0.05202988535165787	-0.3971601575613022	-0.44919004291296005
1896	0.05202988535165787	-0.3971601575613022	-0.44919004291296005
1897	0.05202988535165787	-0.3971601575613022	-0.44919004291296005
1898	0.05202988535165787	-0.3971601575613022	-0.44919004291296005
1899	0.05202988535165787	-0.3971601575613022	-0.44919004291296005
1900	0.05202988535165787	-0.3971601575613022	-0.44919004291296005
1901	0.05202988535165787	-0.3971601575613022	-0.44919004291296005
1902	0.05202988535165787	-0.3971601575613022	-0.44919004291296005
1903	0.05202988535165787	-0.3971601575613022	-0.44919004291296005
1904	0.05202988535165787	-0.3971601575613022	-0.44919004291296005
1905	0.05202988535165787	-0.3971601575613022	-0.44919004291296005
1906	0.05202988535165787	-0.3971601575613022	-0.44919004291296005
1907	0.05202988535165787	-0.3971601575613022	-0.44919004291296005
1908	0.05202988535165787	-0.3971601575613022	-0.44919004291296005
1909	0.05202988535165787	-0.3971601575613022	-0.44919004291296005
1910	0.05202988535165787	-0.3971601575613022	-0.44919004291296005
1911	0.05202988535165787	-0.3971601575613022	-0.44919004291296005
1912	0.05202988535165787	-0.3971601575613022	-0.44919004291296005
1913	0.05202988535165787	-0.3971601575613022	-0.44919004291296005
1914	0.05202988535165787	-0.3971601575613022	-0.44919004291296005
1915	0.05202988535165787	-0.3971601575613022	-0.44919004291296005
1916	0.05202988535165787	-0.3971601575613022	-0.44919004291296005
1917	0.05202988535165787	-0.3971601575613022	-0.44919004291296005
1918	0.05202988535165787	-0.3971601575613022	-0.44919004291296005
1919	0.05202988535165787	-0.3971601575613022	-0.44919004291296005
1920	0.05202988535165787	-0.3971601575613022	-0.44919004291296005
1921	0.05202988535165787	-0.3971601575613022	-0.44919004291296005
1922	0.05202988535165787	-0.3971601575613022	-0.44919004291296005
1923	0.05202988535165787	-0.3971601575613022	-0.44919004291296005
1924	0.05202988535165787	-0.3971601575613022	-0.44919004291296005
1925	0.05202988535165787	-0.3971601575613022	-0.44919004291296005
1926	0.05202988535165787	-0.3971601575613022	-0.44919004291296005
1927	0.05202988535165787	-0.3971601575613022	-0.44919004291296005
1928	0.05202988535165787	-0.3971601575613022	-0.44919004291296005
1929	0.05202988535165787	-0.3971601575613022	-0.44919004291296005
1930	0.05202988535165787	-0.3971601575613022	-0.44919004291296005
1931	0.05202988535165787	-0.3971601575613022	-0.44919004291296005
1932	0.05202988535165787	-0.3971601575613022	-0.44919004291296005
1933	0.05202988535165787	-0.3971601575613022	-0.44919004291296005
1934	0.05202988535165787	-0.3971601575613022	-0.44919004291296005
1935	0.05202988535165787	-0.3971601575613022	-0.44919004291296005
1936	0.05202988535165787	-0.3971601575613022	-0.44919004291296005
1937	0.05202988535165787	-0.3971601575613022	-0.44919004291296005
1938	0.05202988535165787	-0.3971601575613022	-0.44919004291296005
1939	0.05202988535165787	-0.3971601575613022	-0.44919004291296005
1940	0.05202988535165787	-0.3971601575613022	-0.44919004291296005
1941	0.05202988535165787	-0.3971601575613022	-0.44919004291296005
1942	0.05202988535165787	-0.3971601575613022	-0.44919004291296005
1943	0.05202988535165787	-0.3971601575613022	-0.44919004291296005
1944	0.05202988535165787	-0.3971601575613022	-0.44919004291296005
1945	0.05202988535165787	-0.3971601575613022	-0.44919004291296005
1946	0.05202988535165787	-0.3971601575613022	-0.44919004291296005
1947	0.05202988535165787	-0.3971601575613022	-0.44919004291296005
1948	0.05202988535165787	-0.3971601575613022	-0.44919004291296005
1949	0.05202988535165787	-0.3971601575613022	-0.44919004291296005
1950	0.05202988535165787	-0.3971601575613022	-0.44919004291296005
1951	0.05202988535165787	-0.3971601575613022	-0.44919004291296005
1952	0.05202988535165787	-0.3971601575613022	-0.44919004291296005
1953	0.05202988535165787	-0.3971601575613022	-0.44919004291296005
1954	0.05202988535165787	-0.3971601575613022	-0.44919004291296005
1955	0.05202988535165787	-0.3971601575613022	-0.44919004291296005
1956	0.05202988535165787	-0.3971601575613022	-0.44919004291296005
1957	0.05202988535165787	-0.3971601575613022	-0.44919004291296005
1958	0.05202988535165787	-0.3971601575613022	-0.44919004291296005
1959	0.05202988535165787	-0.3971601575613022	-0.44919004291296005
1960	0.05202988535165787	-0.3971601575613022	-0.44919004291296005
1961	0.05202988535165787	-0.3971601575613022	-0.44919004291296005
1962	0.05202988535165787	-0.3971601575613022	-0.44919004291296005
1963	0.05202988535165787	-0.3971601575613022	-0.44919004291296005
1964	0.05202988535165787	-0.3971601575613022	-0.44919004291296005
1965	0.05202988535165787	-0.3971601575613022	-0.44919004291296005
1966	0.05202988535165787	-0.3971601575613022	-0.44919004291296005
1967	0.05202988535165787	-0.3971601575613022	-0.44919004291296005
1968	0.05202988535165787	-0.3971601575613022	-0.44919004291296005
1969	0.05202988535165787	-0.3971601575613022	-0.44919004291296005
1970	0.05202988535165787	-0.3971601575613022	-0.44919004291296005
1971	0.05202988535165787	-0.3971601575613022	-0.44919004291296005
1972	0.05202988535165787	-0.3971601575613022	-0.44919004291296005
1973	0.05202988535165787	-0.3971601575613022	-0.44919004291296005
1974	0.05202988535165787	-0.3971601575613022	-0.44919004291296005
1975	0.05202988535165787	-0.3971601575613022	-0.44919004291296005
1976	0.05202988535165787	-0.3971601575613022	-0.44919004291296005
1977	0.05202988535165787	-0.3971601575613022	-0.44919004291296005
1978	0.05202988535165787	-0.3971601575613022	-0.44919004291296005
1979	0.05202988535165787	-0.3971601575613022	-0.44919004291296005
1980	0.05202988535165787	-0.3971601575613022	-0.44919004291296005
1981	0.05202988535165787	-0.3971601575613022	-0.44919004291296005
1982	0.05202988535165787	-0.3971601575613022	-0.44919004291296005
1983	0.05202988535165787	-0.3971601575613022	-0.44919004291296005
1984	0.05202988535165787	-0.3971601575613022	-0.44919004291296005
1985	0.05202988535165787	-0.3971601575613022	-0.44919004291296005
1986	0.05202988535165787	-0.3971601575613022	-0.44919004291296005
1987	0.05202988535165787	-0.3971601575613022	-0.44919004291296005
1988	0.05202988535165787	-0.3971601575613022	-0.44919004291296005
1989	0.05202988535165787	-0.3971601575613022	-0.44919004291296005
1990	0.05202988535165787	-0.3971601575613022	-0.44919004291296005
1991	0.05202988535165787	-0.3971601575613022	-0.44919004291296005
1992	0.05202988535165787	-0.3971601575613022	-0.44919004291296005
1993	0.05202988535165787	-0.3971601575613022	-0.44919004291296005
1994	0.05202988535165787	-0.3971601575613022	-0.44919004291296005
1995	0.05202988535165787	-0.3971601575613022	-0.44919004291296005
1996	0.05202988535165787	-0.3971601575613022	-0.44919004291296005
1997	0.05202988535165787	-0.3971601575613022	-0.44919004291296005
1998	0.05202988535165787	-0.3971601575613022	-0.44919004291296005
1999	0.05202988535165787	-0.3971601575613022	-0.44919004291296005
2000	0.05202988535165787	-0.3971601575613022	-0.44919004291296005

Best Loss: 0.05202988535165787

Training Time (seconds): 487.4727349260065
