Iteration	Loss (h)	Total Cost (f)	Cost g
1	0.5544775724411011	0.5544775724411011	0
2	0.5359362959861755	0.51739501953125	-0.018541276454925537
3	0.5231731534004211	0.4918687343597412	-0.03130441904067993
4	0.5043148994445801	0.4541522264480591	-0.050162672996520996
5	0.48710763454437256	0.41973769664764404	-0.06736993789672852
6	0.4738946855068207	0.3933117985725403	-0.0805828869342804
7	0.4648365378379822	0.3751955032348633	-0.0896410346031189
8	0.451249361038208	0.34802114963531494	-0.10322821140289307
9	0.43249455094337463	0.3105115294456482	-0.12198302149772644
10	0.42490240931510925	0.29532724618911743	-0.12957516312599182
11	0.42026767134666443	0.2860577702522278	-0.13420990109443665
12	0.4134858250617981	0.2724940776824951	-0.14099174737930298
13	0.4090753495693207	0.2636731266975403	-0.1454022228717804
14	0.40523937344551086	0.25600117444992065	-0.1492381989955902
15	0.403824120759964	0.2531706690788269	-0.15065345168113708
16	0.39861878752708435	0.24276000261306763	-0.15585878491401672
17	0.3953120708465576	0.23614656925201416	-0.15916550159454346
18	0.39266476035118103	0.230851948261261	-0.16181281208992004
19	0.3911668062210083	0.22785604000091553	-0.16331076622009277
20	0.3903123736381531	0.22614717483520508	-0.164165198802948
21	0.3899289071559906	0.22538024187088013	-0.16454866528511047
22	0.3897254765033722	0.2249733805656433	-0.16475209593772888
23	0.3896120488643646	0.22474652528762817	-0.16486552357673645
24	0.38950115442276	0.22452473640441895	-0.16497641801834106
25	0.3894064426422119	0.22433531284332275	-0.16507112979888916
26	0.38930433988571167	0.22413110733032227	-0.1651732325553894
27	0.38901403546333313	0.22355049848556519	-0.16546353697776794
28	0.3887385129928589	0.2229994535446167	-0.1657390594482422
29	0.38843512535095215	0.22239267826080322	-0.16604244709014893
30	0.38792145252227783	0.2213653326034546	-0.16655611991882324
31	0.3874393701553345	0.22040116786956787	-0.1670382022857666
32	0.38695213198661804	0.219426691532135	-0.16752544045448303
33	0.38630688190460205	0.21813619136810303	-0.16817069053649902
34	0.38592270016670227	0.21736782789230347	-0.1685548722743988
35	0.38545694947242737	0.21643632650375366	-0.1690206229686737
36	0.38467299938201904	0.214868426322937	-0.16980457305908203
37	0.3837890625	0.21310055255889893	-0.17068850994110107
38	0.3833759129047394	0.21227425336837769	-0.1711016595363617
39	0.3829803764820099	0.2114831805229187	-0.1714971959590912
40	0.3825480341911316	0.2106184959411621	-0.17192953824996948
41	0.3820962905883789	0.20971500873565674	-0.17238128185272217
42	0.38173016905784607	0.20898276567459106	-0.172747403383255
43	0.38059383630752563	0.2067101001739502	-0.17388373613357544
44	0.3800148367881775	0.2055521011352539	-0.17446273565292358
45	0.3785882592201233	0.2026989459991455	-0.17588931322097778
46	0.37445399165153503	0.194430410861969	-0.18002358078956604
47	0.37264806032180786	0.19081854820251465	-0.1818295121192932
48	0.37210574746131897	0.18973392248153687	-0.1823718249797821
49	0.3713989853858948	0.18832039833068848	-0.1830785870552063
50	0.37075063586235046	0.18702369928359985	-0.1837269365787506
51	0.37004944682121277	0.18562132120132446	-0.1844281256198883
52	0.36950480937957764	0.1845320463180542	-0.18497276306152344
53	0.3690573573112488	0.18363714218139648	-0.1854202151298523
54	0.36858636140823364	0.1826951503753662	-0.18589121103286743
55	0.3681463301181793	0.18181508779525757	-0.18633124232292175
56	0.36706721782684326	0.17965686321258545	-0.1874103546142578
57	0.36639657616615295	0.17831557989120483	-0.18808099627494812
58	0.3658105134963989	0.17714345455169678	-0.18866705894470215
59	0.36505991220474243	0.1756422519683838	-0.18941766023635864
60	0.36459973454475403	0.17472189664840698	-0.18987783789634705
61	0.36426061391830444	0.1740436553955078	-0.19021695852279663
62	0.3639531433582306	0.1734287142753601	-0.19052442908287048
63	0.363186240196228	0.17189490795135498	-0.19129133224487305
64	0.3629143238067627	0.17135107517242432	-0.19156324863433838
65	0.3627060055732727	0.17093443870544434	-0.19177156686782837
66	0.3624812662601471	0.17048496007919312	-0.19199630618095398
67	0.3618260622024536	0.16917455196380615	-0.19265151023864746
68	0.3615470826625824	0.16861659288406372	-0.19293048977851868
69	0.36111798882484436	0.16775840520858765	-0.1933595836162567
70	0.36086201667785645	0.16724646091461182	-0.19361555576324463
71	0.3604732155799866	0.16646885871887207	-0.1940043568611145
72	0.360248863697052	0.16602015495300293	-0.19422870874404907
73	0.35991308093070984	0.1653485894203186	-0.19456449151039124
74	0.3597104549407959	0.16494333744049072	-0.19476711750030518
75	0.3595165014266968	0.16455543041229248	-0.1949610710144043
76	0.35927364230155945	0.16406971216201782	-0.19520393013954163
77	0.3590821623802185	0.16368675231933594	-0.19539541006088257
78	0.3589077591896057	0.16333794593811035	-0.19556981325149536
79	0.35869523882865906	0.16291290521621704	-0.19578233361244202
80	0.3584993779659271	0.16252118349075317	-0.19597819447517395
81	0.35833385586738586	0.16219013929367065	-0.1961437165737152
82	0.35821306705474854	0.161948561668396	-0.19626450538635254
83	0.35801273584365845	0.16154789924621582	-0.19646483659744263
84	0.35791894793510437	0.16136032342910767	-0.1965586245059967
85	0.3578698933124542	0.16126221418380737	-0.19660767912864685
86	0.35766875743865967	0.16085994243621826	-0.1968088150024414
87	0.35759931802749634	0.1607210636138916	-0.19687825441360474
88	0.35753217339515686	0.16058677434921265	-0.1969453990459442
89	0.35736188292503357	0.16024619340896606	-0.1971156895160675
90	0.35727405548095703	0.160070538520813	-0.19720351696014404
91	0.3571864664554596	0.15989536046981812	-0.19729110598564148
92	0.3570795953273773	0.15968161821365356	-0.19739797711372375
93	0.3570370376110077	0.1595965027809143	-0.19744053483009338
94	0.3570067286491394	0.15953588485717773	-0.19747084379196167
95	0.3569052517414093	0.15933293104171753	-0.19757232069969177
96	0.3566836714744568	0.1588897705078125	-0.1977939009666443
97	0.35621100664138794	0.1579444408416748	-0.19826656579971313
98	0.3557727634906769	0.15706795454025269	-0.1987048089504242
99	0.3556603491306305	0.1568431258201599	-0.19881722331047058
100	0.3555890917778015	0.15670061111450195	-0.19888848066329956
101	0.35546743869781494	0.1564573049545288	-0.19901013374328613
102	0.3554377257823944	0.15639787912368774	-0.19903984665870667
103	0.3553216755390167	0.15616577863693237	-0.19915589690208435
104	0.35527777671813965	0.15607798099517822	-0.19919979572296143
105	0.35521814227104187	0.15595871210098267	-0.1992594301700592
106	0.3551599681377411	0.1558423638343811	-0.19931760430335999
107	0.3551173806190491	0.15575718879699707	-0.199360191822052
108	0.3550701439380646	0.15566271543502808	-0.1994074285030365
109	0.35502344369888306	0.15556931495666504	-0.19945412874221802
110	0.35495007038116455	0.15542256832122803	-0.19952750205993652
111	0.3549284040927887	0.15537923574447632	-0.19954916834831238
112	0.35486656427383423	0.15525555610656738	-0.19961100816726685
113	0.3548251986503601	0.15517282485961914	-0.19965237379074097
114	0.35480573773384094	0.1551339030265808	-0.19967183470726013
115	0.35478895902633667	0.15510034561157227	-0.1996886134147644
116	0.3547533452510834	0.15502911806106567	-0.1997242271900177
117	0.35471832752227783	0.1549590826034546	-0.19975924491882324
118	0.35470420122146606	0.15493083000183105	-0.199773371219635
119	0.35469159483909607	0.15490561723709106	-0.199785977602005
120	0.35466936230659485	0.15486115217208862	-0.19980821013450623
121	0.3546581566333771	0.15483874082565308	-0.199819415807724
122	0.35463520884513855	0.15479284524917603	-0.19984236359596252
123	0.3545796871185303	0.15468180179595947	-0.1998978853225708
124	0.35454535484313965	0.15461313724517822	-0.19993221759796143
125	0.35453343391418457	0.15458929538726807	-0.1999441385269165
126	0.35451480746269226	0.15455204248428345	-0.1999627649784088
127	0.3544977605342865	0.15451794862747192	-0.19997981190681458
128	0.35448068380355835	0.15448379516601562	-0.19999688863754272
129	0.3544710874557495	0.15446460247039795	-0.20000648498535156
130	0.35446155071258545	0.15444552898406982	-0.20001602172851562
131	0.3544609546661377	0.15444433689117432	-0.20001661777496338
132	0.3544606864452362	0.15444380044937134	-0.20001688599586487
133	0.3544604182243347	0.15444326400756836	-0.20001715421676636
134	0.3544602692127228	0.15444296598434448	-0.2000173032283783
135	0.354460209608078	0.15444284677505493	-0.20001736283302307
136	0.35445988178253174	0.1544421911239624	-0.20001769065856934
137	0.3544597923755646	0.15444201231002808	-0.2000177800655365
138	0.3544595241546631	0.1544414758682251	-0.200018048286438
139	0.35445931553840637	0.15444105863571167	-0.2000182569026947
140	0.35445931553840637	0.15444105863571167	-0.2000182569026947
141	0.35445931553840637	0.15444105863571167	-0.2000182569026947
142	0.35445931553840637	0.15444105863571167	-0.2000182569026947
143	0.35445931553840637	0.15444105863571167	-0.2000182569026947
144	0.35445931553840637	0.15444105863571167	-0.2000182569026947
145	0.35445931553840637	0.15444105863571167	-0.2000182569026947
146	0.35445916652679443	0.1544407606124878	-0.20001840591430664
147	0.35445883870124817	0.15444010496139526	-0.2000187337398529
148	0.3544580340385437	0.15443849563598633	-0.20001953840255737
149	0.3544577956199646	0.15443801879882812	-0.20001977682113647
150	0.35445764660835266	0.15443772077560425	-0.2000199258327484
151	0.3544574975967407	0.15443742275238037	-0.20002007484436035
152	0.35445713996887207	0.15443670749664307	-0.200020432472229
153	0.35445636510849	0.1544351577758789	-0.20002120733261108
154	0.3544561266899109	0.1544346809387207	-0.20002144575119019
155	0.3544560670852661	0.15443456172943115	-0.20002150535583496
156	0.3544560372829437	0.15443450212478638	-0.20002153515815735
157	0.3544559180736542	0.15443426370620728	-0.2000216543674469
158	0.3544548749923706	0.15443217754364014	-0.20002269744873047
159	0.35445117950439453	0.154424786567688	-0.20002639293670654
160	0.35442954301834106	0.15438151359558105	-0.20004802942276
161	0.35442906618118286	0.15438055992126465	-0.2000485062599182
162	0.354428768157959	0.1543799638748169	-0.2000488042831421
163	0.3544285297393799	0.1543794870376587	-0.2000490427017212
164	0.354428231716156	0.15437889099121094	-0.20004934072494507
165	0.3544178903102875	0.15435820817947388	-0.2000596821308136
166	0.35441625118255615	0.15435492992401123	-0.20006132125854492
167	0.35441604256629944	0.1543545126914978	-0.20006152987480164
168	0.3544158339500427	0.15435409545898438	-0.20006173849105835
169	0.3544156849384308	0.1543537974357605	-0.2000618875026703
170	0.35441553592681885	0.15435349941253662	-0.20006203651428223
171	0.3544153869152069	0.15435320138931274	-0.20006218552589417
172	0.35441529750823975	0.15435302257537842	-0.20006227493286133
173	0.3544149696826935	0.1543523669242859	-0.2000626027584076
174	0.35441485047340393	0.1543521285057068	-0.20006272196769714
175	0.3544147312641144	0.15435189008712769	-0.2000628411769867
176	0.3544144630432129	0.1543513536453247	-0.20006310939788818
177	0.35441330075263977	0.15434902906417847	-0.2000642716884613
178	0.3544127345085144	0.15434789657592773	-0.20006483793258667
179	0.3544124364852905	0.15434730052947998	-0.20006513595581055
180	0.35441234707832336	0.15434712171554565	-0.2000652253627777
181	0.35441234707832336	0.15434712171554565	-0.2000652253627777
182	0.35441234707832336	0.15434712171554565	-0.2000652253627777
183	0.35441234707832336	0.15434712171554565	-0.2000652253627777
184	0.35441234707832336	0.15434712171554565	-0.2000652253627777
185	0.35441234707832336	0.15434712171554565	-0.2000652253627777
186	0.35441234707832336	0.15434712171554565	-0.2000652253627777
187	0.35441234707832336	0.15434712171554565	-0.2000652253627777
188	0.35441234707832336	0.15434712171554565	-0.2000652253627777
189	0.35441234707832336	0.15434712171554565	-0.2000652253627777
190	0.35441234707832336	0.15434712171554565	-0.2000652253627777
191	0.35441234707832336	0.15434712171554565	-0.2000652253627777
192	0.35441234707832336	0.15434712171554565	-0.2000652253627777
193	0.35441234707832336	0.15434712171554565	-0.2000652253627777
194	0.35441234707832336	0.15434712171554565	-0.2000652253627777
195	0.35441234707832336	0.15434712171554565	-0.2000652253627777
196	0.35441234707832336	0.15434712171554565	-0.2000652253627777
197	0.35441234707832336	0.15434712171554565	-0.2000652253627777
198	0.35441234707832336	0.15434712171554565	-0.2000652253627777
199	0.35441234707832336	0.15434712171554565	-0.2000652253627777
200	0.35441234707832336	0.15434712171554565	-0.2000652253627777
201	0.35441234707832336	0.15434712171554565	-0.2000652253627777
202	0.35441234707832336	0.15434712171554565	-0.2000652253627777
203	0.35441234707832336	0.15434712171554565	-0.2000652253627777
204	0.35441234707832336	0.15434712171554565	-0.2000652253627777
205	0.35441234707832336	0.15434712171554565	-0.2000652253627777
206	0.35441234707832336	0.15434712171554565	-0.2000652253627777
207	0.35441234707832336	0.15434712171554565	-0.2000652253627777
208	0.35441234707832336	0.15434712171554565	-0.2000652253627777
209	0.35441234707832336	0.15434712171554565	-0.2000652253627777
210	0.35441234707832336	0.15434712171554565	-0.2000652253627777
211	0.35441234707832336	0.15434712171554565	-0.2000652253627777
212	0.35441234707832336	0.15434712171554565	-0.2000652253627777
213	0.35441234707832336	0.15434712171554565	-0.2000652253627777
214	0.35441234707832336	0.15434712171554565	-0.2000652253627777
215	0.35441234707832336	0.15434712171554565	-0.2000652253627777
216	0.35441234707832336	0.15434712171554565	-0.2000652253627777
217	0.35441234707832336	0.15434712171554565	-0.2000652253627777
218	0.35441234707832336	0.15434712171554565	-0.2000652253627777
219	0.35441234707832336	0.15434712171554565	-0.2000652253627777
220	0.35441234707832336	0.15434712171554565	-0.2000652253627777
221	0.35441234707832336	0.15434712171554565	-0.2000652253627777
222	0.35441234707832336	0.15434712171554565	-0.2000652253627777
223	0.35441234707832336	0.15434712171554565	-0.2000652253627777
224	0.35441234707832336	0.15434712171554565	-0.2000652253627777
225	0.35441234707832336	0.15434712171554565	-0.2000652253627777
226	0.35441234707832336	0.15434712171554565	-0.2000652253627777
227	0.35441234707832336	0.15434712171554565	-0.2000652253627777
228	0.35441234707832336	0.15434712171554565	-0.2000652253627777
229	0.35441234707832336	0.15434712171554565	-0.2000652253627777
230	0.35441234707832336	0.15434712171554565	-0.2000652253627777
231	0.35441234707832336	0.15434712171554565	-0.2000652253627777
232	0.35441234707832336	0.15434712171554565	-0.2000652253627777
233	0.35441234707832336	0.15434712171554565	-0.2000652253627777
234	0.35441234707832336	0.15434712171554565	-0.2000652253627777
235	0.35441234707832336	0.15434712171554565	-0.2000652253627777
236	0.35441234707832336	0.15434712171554565	-0.2000652253627777
237	0.35441234707832336	0.15434712171554565	-0.2000652253627777
238	0.35441234707832336	0.15434712171554565	-0.2000652253627777
239	0.35441234707832336	0.15434712171554565	-0.2000652253627777
240	0.35441234707832336	0.15434712171554565	-0.2000652253627777
241	0.35441234707832336	0.15434712171554565	-0.2000652253627777
242	0.35441234707832336	0.15434712171554565	-0.2000652253627777
243	0.35441234707832336	0.15434712171554565	-0.2000652253627777
244	0.35441234707832336	0.15434712171554565	-0.2000652253627777
245	0.35441234707832336	0.15434712171554565	-0.2000652253627777
246	0.35441234707832336	0.15434712171554565	-0.2000652253627777
247	0.35441234707832336	0.15434712171554565	-0.2000652253627777
248	0.35441234707832336	0.15434712171554565	-0.2000652253627777
249	0.35441234707832336	0.15434712171554565	-0.2000652253627777
250	0.35441234707832336	0.15434712171554565	-0.2000652253627777
251	0.35441234707832336	0.15434712171554565	-0.2000652253627777
252	0.35441234707832336	0.15434712171554565	-0.2000652253627777
253	0.35441234707832336	0.15434712171554565	-0.2000652253627777
254	0.35441234707832336	0.15434712171554565	-0.2000652253627777
255	0.35441234707832336	0.15434712171554565	-0.2000652253627777
256	0.35441234707832336	0.15434712171554565	-0.2000652253627777
257	0.35441234707832336	0.15434712171554565	-0.2000652253627777
258	0.35441234707832336	0.15434712171554565	-0.2000652253627777
259	0.35441234707832336	0.15434712171554565	-0.2000652253627777
260	0.35441234707832336	0.15434712171554565	-0.2000652253627777
261	0.35441234707832336	0.15434712171554565	-0.2000652253627777
262	0.35441234707832336	0.15434712171554565	-0.2000652253627777
263	0.35441234707832336	0.15434712171554565	-0.2000652253627777
264	0.35441234707832336	0.15434712171554565	-0.2000652253627777
265	0.35441234707832336	0.15434712171554565	-0.2000652253627777
266	0.35441234707832336	0.15434712171554565	-0.2000652253627777
267	0.35441234707832336	0.15434712171554565	-0.2000652253627777
268	0.35441234707832336	0.15434712171554565	-0.2000652253627777
269	0.35441234707832336	0.15434712171554565	-0.2000652253627777
270	0.35441234707832336	0.15434712171554565	-0.2000652253627777
271	0.35441234707832336	0.15434712171554565	-0.2000652253627777
272	0.35441234707832336	0.15434712171554565	-0.2000652253627777
273	0.35441234707832336	0.15434712171554565	-0.2000652253627777
274	0.35441234707832336	0.15434712171554565	-0.2000652253627777
275	0.35441234707832336	0.15434712171554565	-0.2000652253627777
276	0.35441234707832336	0.15434712171554565	-0.2000652253627777
277	0.35441234707832336	0.15434712171554565	-0.2000652253627777
278	0.35441234707832336	0.15434712171554565	-0.2000652253627777
279	0.35441234707832336	0.15434712171554565	-0.2000652253627777
280	0.35441234707832336	0.15434712171554565	-0.2000652253627777
281	0.35441234707832336	0.15434712171554565	-0.2000652253627777
282	0.35441234707832336	0.15434712171554565	-0.2000652253627777
283	0.35441234707832336	0.15434712171554565	-0.2000652253627777
284	0.35441234707832336	0.15434712171554565	-0.2000652253627777
285	0.35441234707832336	0.15434712171554565	-0.2000652253627777
286	0.35441234707832336	0.15434712171554565	-0.2000652253627777
287	0.35441234707832336	0.15434712171554565	-0.2000652253627777
288	0.35441234707832336	0.15434712171554565	-0.2000652253627777
289	0.35441234707832336	0.15434712171554565	-0.2000652253627777
290	0.35441234707832336	0.15434712171554565	-0.2000652253627777
291	0.35441234707832336	0.15434712171554565	-0.2000652253627777
292	0.35441234707832336	0.15434712171554565	-0.2000652253627777
293	0.35441234707832336	0.15434712171554565	-0.2000652253627777
294	0.35441234707832336	0.15434712171554565	-0.2000652253627777
295	0.35441234707832336	0.15434712171554565	-0.2000652253627777
296	0.35441234707832336	0.15434712171554565	-0.2000652253627777
297	0.35441234707832336	0.15434712171554565	-0.2000652253627777
298	0.35441234707832336	0.15434712171554565	-0.2000652253627777
299	0.35441234707832336	0.15434712171554565	-0.2000652253627777
300	0.35441234707832336	0.15434712171554565	-0.2000652253627777
301	0.35441234707832336	0.15434712171554565	-0.2000652253627777
302	0.35441234707832336	0.15434712171554565	-0.2000652253627777
303	0.35441234707832336	0.15434712171554565	-0.2000652253627777
304	0.35441234707832336	0.15434712171554565	-0.2000652253627777
305	0.35441234707832336	0.15434712171554565	-0.2000652253627777
306	0.35441234707832336	0.15434712171554565	-0.2000652253627777
307	0.35441234707832336	0.15434712171554565	-0.2000652253627777
308	0.35441234707832336	0.15434712171554565	-0.2000652253627777
309	0.35441234707832336	0.15434712171554565	-0.2000652253627777
310	0.35441234707832336	0.15434712171554565	-0.2000652253627777
311	0.35441234707832336	0.15434712171554565	-0.2000652253627777
312	0.35441234707832336	0.15434712171554565	-0.2000652253627777
313	0.35441234707832336	0.15434712171554565	-0.2000652253627777
314	0.35441234707832336	0.15434712171554565	-0.2000652253627777
315	0.35441234707832336	0.15434712171554565	-0.2000652253627777
316	0.35441234707832336	0.15434712171554565	-0.2000652253627777
317	0.35441234707832336	0.15434712171554565	-0.2000652253627777
318	0.35441234707832336	0.15434712171554565	-0.2000652253627777
319	0.35441234707832336	0.15434712171554565	-0.2000652253627777
320	0.35441234707832336	0.15434712171554565	-0.2000652253627777
321	0.35441234707832336	0.15434712171554565	-0.2000652253627777
322	0.35441234707832336	0.15434712171554565	-0.2000652253627777
323	0.35441234707832336	0.15434712171554565	-0.2000652253627777
324	0.35441234707832336	0.15434712171554565	-0.2000652253627777
325	0.35441234707832336	0.15434712171554565	-0.2000652253627777
326	0.35441234707832336	0.15434712171554565	-0.2000652253627777
327	0.35441234707832336	0.15434712171554565	-0.2000652253627777
328	0.35441234707832336	0.15434712171554565	-0.2000652253627777
329	0.35441234707832336	0.15434712171554565	-0.2000652253627777
330	0.35441234707832336	0.15434712171554565	-0.2000652253627777
331	0.35441234707832336	0.15434712171554565	-0.2000652253627777
332	0.35441234707832336	0.15434712171554565	-0.2000652253627777
333	0.35441234707832336	0.15434712171554565	-0.2000652253627777
334	0.35441234707832336	0.15434712171554565	-0.2000652253627777
335	0.35441234707832336	0.15434712171554565	-0.2000652253627777
336	0.35441234707832336	0.15434712171554565	-0.2000652253627777
337	0.35441234707832336	0.15434712171554565	-0.2000652253627777
338	0.35441234707832336	0.15434712171554565	-0.2000652253627777
339	0.35441234707832336	0.15434712171554565	-0.2000652253627777
340	0.35441234707832336	0.15434712171554565	-0.2000652253627777
341	0.35441234707832336	0.15434712171554565	-0.2000652253627777
342	0.35441234707832336	0.15434712171554565	-0.2000652253627777
343	0.35441234707832336	0.15434712171554565	-0.2000652253627777
344	0.35441234707832336	0.15434712171554565	-0.2000652253627777
345	0.35441234707832336	0.15434712171554565	-0.2000652253627777
346	0.35441234707832336	0.15434712171554565	-0.2000652253627777
347	0.35441234707832336	0.15434712171554565	-0.2000652253627777
348	0.35441234707832336	0.15434712171554565	-0.2000652253627777
349	0.35441234707832336	0.15434712171554565	-0.2000652253627777
350	0.35441234707832336	0.15434712171554565	-0.2000652253627777
351	0.35441234707832336	0.15434712171554565	-0.2000652253627777
352	0.35441234707832336	0.15434712171554565	-0.2000652253627777
353	0.35441234707832336	0.15434712171554565	-0.2000652253627777
354	0.35441234707832336	0.15434712171554565	-0.2000652253627777
355	0.35441234707832336	0.15434712171554565	-0.2000652253627777
356	0.35441234707832336	0.15434712171554565	-0.2000652253627777
357	0.35441234707832336	0.15434712171554565	-0.2000652253627777
358	0.35441234707832336	0.15434712171554565	-0.2000652253627777
359	0.35441234707832336	0.15434712171554565	-0.2000652253627777
360	0.35441234707832336	0.15434712171554565	-0.2000652253627777
361	0.35441234707832336	0.15434712171554565	-0.2000652253627777
362	0.35441234707832336	0.15434712171554565	-0.2000652253627777
363	0.35441234707832336	0.15434712171554565	-0.2000652253627777
364	0.35441234707832336	0.15434712171554565	-0.2000652253627777
365	0.35441234707832336	0.15434712171554565	-0.2000652253627777
366	0.35441234707832336	0.15434712171554565	-0.2000652253627777
367	0.35441234707832336	0.15434712171554565	-0.2000652253627777
368	0.35441234707832336	0.15434712171554565	-0.2000652253627777
369	0.35441234707832336	0.15434712171554565	-0.2000652253627777
370	0.35441234707832336	0.15434712171554565	-0.2000652253627777
371	0.35441234707832336	0.15434712171554565	-0.2000652253627777
372	0.35441234707832336	0.15434712171554565	-0.2000652253627777
373	0.35441234707832336	0.15434712171554565	-0.2000652253627777
374	0.35441234707832336	0.15434712171554565	-0.2000652253627777
375	0.35441234707832336	0.15434712171554565	-0.2000652253627777
376	0.35441234707832336	0.15434712171554565	-0.2000652253627777
377	0.35441234707832336	0.15434712171554565	-0.2000652253627777
378	0.35441234707832336	0.15434712171554565	-0.2000652253627777
379	0.35441234707832336	0.15434712171554565	-0.2000652253627777
380	0.35441234707832336	0.15434712171554565	-0.2000652253627777
381	0.35441234707832336	0.15434712171554565	-0.2000652253627777
382	0.35441234707832336	0.15434712171554565	-0.2000652253627777
383	0.35441234707832336	0.15434712171554565	-0.2000652253627777
384	0.35441234707832336	0.15434712171554565	-0.2000652253627777
385	0.35441234707832336	0.15434712171554565	-0.2000652253627777
386	0.35441234707832336	0.15434712171554565	-0.2000652253627777
387	0.35441234707832336	0.15434712171554565	-0.2000652253627777
388	0.35441234707832336	0.15434712171554565	-0.2000652253627777
389	0.35441234707832336	0.15434712171554565	-0.2000652253627777
390	0.35441234707832336	0.15434712171554565	-0.2000652253627777
391	0.35441234707832336	0.15434712171554565	-0.2000652253627777
392	0.35441234707832336	0.15434712171554565	-0.2000652253627777
393	0.35441234707832336	0.15434712171554565	-0.2000652253627777
394	0.35441234707832336	0.15434712171554565	-0.2000652253627777
395	0.35441234707832336	0.15434712171554565	-0.2000652253627777
396	0.35441234707832336	0.15434712171554565	-0.2000652253627777
397	0.35441234707832336	0.15434712171554565	-0.2000652253627777
398	0.35441234707832336	0.15434712171554565	-0.2000652253627777
399	0.35441234707832336	0.15434712171554565	-0.2000652253627777
400	0.35441234707832336	0.15434712171554565	-0.2000652253627777
401	0.35441234707832336	0.15434712171554565	-0.2000652253627777
402	0.35441234707832336	0.15434712171554565	-0.2000652253627777
403	0.35441234707832336	0.15434712171554565	-0.2000652253627777
404	0.35441234707832336	0.15434712171554565	-0.2000652253627777
405	0.35441234707832336	0.15434712171554565	-0.2000652253627777
406	0.35441234707832336	0.15434712171554565	-0.2000652253627777
407	0.35441234707832336	0.15434712171554565	-0.2000652253627777
408	0.35441234707832336	0.15434712171554565	-0.2000652253627777
409	0.35441234707832336	0.15434712171554565	-0.2000652253627777
410	0.35441234707832336	0.15434712171554565	-0.2000652253627777
411	0.35441234707832336	0.15434712171554565	-0.2000652253627777
412	0.35441234707832336	0.15434712171554565	-0.2000652253627777
413	0.35441234707832336	0.15434712171554565	-0.2000652253627777
414	0.35441234707832336	0.15434712171554565	-0.2000652253627777
415	0.35441234707832336	0.15434712171554565	-0.2000652253627777
416	0.35441234707832336	0.15434712171554565	-0.2000652253627777
417	0.35441234707832336	0.15434712171554565	-0.2000652253627777
418	0.35441234707832336	0.15434712171554565	-0.2000652253627777
419	0.35441234707832336	0.15434712171554565	-0.2000652253627777
420	0.35441234707832336	0.15434712171554565	-0.2000652253627777
421	0.35441234707832336	0.15434712171554565	-0.2000652253627777
422	0.35441234707832336	0.15434712171554565	-0.2000652253627777
423	0.35441234707832336	0.15434712171554565	-0.2000652253627777
424	0.35441234707832336	0.15434712171554565	-0.2000652253627777
425	0.35441234707832336	0.15434712171554565	-0.2000652253627777
426	0.35441234707832336	0.15434712171554565	-0.2000652253627777
427	0.35441234707832336	0.15434712171554565	-0.2000652253627777
428	0.35441234707832336	0.15434712171554565	-0.2000652253627777
429	0.35441234707832336	0.15434712171554565	-0.2000652253627777
430	0.35441234707832336	0.15434712171554565	-0.2000652253627777
431	0.35441234707832336	0.15434712171554565	-0.2000652253627777
432	0.35441234707832336	0.15434712171554565	-0.2000652253627777
433	0.35441234707832336	0.15434712171554565	-0.2000652253627777
434	0.35441234707832336	0.15434712171554565	-0.2000652253627777
435	0.35441234707832336	0.15434712171554565	-0.2000652253627777
436	0.35441234707832336	0.15434712171554565	-0.2000652253627777
437	0.35441234707832336	0.15434712171554565	-0.2000652253627777
438	0.35441234707832336	0.15434712171554565	-0.2000652253627777
439	0.35441234707832336	0.15434712171554565	-0.2000652253627777
440	0.35441234707832336	0.15434712171554565	-0.2000652253627777
441	0.35441234707832336	0.15434712171554565	-0.2000652253627777
442	0.35441234707832336	0.15434712171554565	-0.2000652253627777
443	0.35441234707832336	0.15434712171554565	-0.2000652253627777
444	0.35441234707832336	0.15434712171554565	-0.2000652253627777
445	0.35441234707832336	0.15434712171554565	-0.2000652253627777
446	0.35441234707832336	0.15434712171554565	-0.2000652253627777
447	0.35441234707832336	0.15434712171554565	-0.2000652253627777
448	0.35441234707832336	0.15434712171554565	-0.2000652253627777
449	0.35441234707832336	0.15434712171554565	-0.2000652253627777
450	0.35441234707832336	0.15434712171554565	-0.2000652253627777
451	0.35441234707832336	0.15434712171554565	-0.2000652253627777
452	0.35441234707832336	0.15434712171554565	-0.2000652253627777
453	0.35441234707832336	0.15434712171554565	-0.2000652253627777
454	0.35441234707832336	0.15434712171554565	-0.2000652253627777
455	0.35441234707832336	0.15434712171554565	-0.2000652253627777
456	0.35441234707832336	0.15434712171554565	-0.2000652253627777
457	0.35441234707832336	0.15434712171554565	-0.2000652253627777
458	0.35441234707832336	0.15434712171554565	-0.2000652253627777
459	0.35441234707832336	0.15434712171554565	-0.2000652253627777
460	0.35441234707832336	0.15434712171554565	-0.2000652253627777
461	0.35441234707832336	0.15434712171554565	-0.2000652253627777
462	0.35441234707832336	0.15434712171554565	-0.2000652253627777
463	0.35441234707832336	0.15434712171554565	-0.2000652253627777
464	0.35441234707832336	0.15434712171554565	-0.2000652253627777
465	0.35441234707832336	0.15434712171554565	-0.2000652253627777
466	0.35441234707832336	0.15434712171554565	-0.2000652253627777
467	0.35441234707832336	0.15434712171554565	-0.2000652253627777
468	0.35441234707832336	0.15434712171554565	-0.2000652253627777
469	0.35441234707832336	0.15434712171554565	-0.2000652253627777
470	0.35441234707832336	0.15434712171554565	-0.2000652253627777
471	0.35441234707832336	0.15434712171554565	-0.2000652253627777
472	0.35441234707832336	0.15434712171554565	-0.2000652253627777
473	0.35441234707832336	0.15434712171554565	-0.2000652253627777
474	0.35441234707832336	0.15434712171554565	-0.2000652253627777
475	0.35441234707832336	0.15434712171554565	-0.2000652253627777
476	0.35441234707832336	0.15434712171554565	-0.2000652253627777
477	0.35441234707832336	0.15434712171554565	-0.2000652253627777
478	0.35441234707832336	0.15434712171554565	-0.2000652253627777
479	0.35441234707832336	0.15434712171554565	-0.2000652253627777
480	0.35441234707832336	0.15434712171554565	-0.2000652253627777
481	0.35441234707832336	0.15434712171554565	-0.2000652253627777
482	0.35441234707832336	0.15434712171554565	-0.2000652253627777
483	0.35441234707832336	0.15434712171554565	-0.2000652253627777
484	0.35441234707832336	0.15434712171554565	-0.2000652253627777
485	0.35441234707832336	0.15434712171554565	-0.2000652253627777
486	0.35441234707832336	0.15434712171554565	-0.2000652253627777
487	0.35441234707832336	0.15434712171554565	-0.2000652253627777
488	0.35441234707832336	0.15434712171554565	-0.2000652253627777
489	0.35441234707832336	0.15434712171554565	-0.2000652253627777
490	0.35441234707832336	0.15434712171554565	-0.2000652253627777
491	0.35441234707832336	0.15434712171554565	-0.2000652253627777
492	0.35441234707832336	0.15434712171554565	-0.2000652253627777
493	0.35441234707832336	0.15434712171554565	-0.2000652253627777
494	0.35441234707832336	0.15434712171554565	-0.2000652253627777
495	0.35441234707832336	0.15434712171554565	-0.2000652253627777
496	0.35441234707832336	0.15434712171554565	-0.2000652253627777
497	0.35441234707832336	0.15434712171554565	-0.2000652253627777
498	0.35441234707832336	0.15434712171554565	-0.2000652253627777
499	0.35441234707832336	0.15434712171554565	-0.2000652253627777
500	0.35441234707832336	0.15434712171554565	-0.2000652253627777
501	0.35441234707832336	0.15434712171554565	-0.2000652253627777
502	0.35441234707832336	0.15434712171554565	-0.2000652253627777
503	0.35441234707832336	0.15434712171554565	-0.2000652253627777
504	0.35441234707832336	0.15434712171554565	-0.2000652253627777
505	0.35441234707832336	0.15434712171554565	-0.2000652253627777
506	0.35441234707832336	0.15434712171554565	-0.2000652253627777
507	0.35441234707832336	0.15434712171554565	-0.2000652253627777
508	0.35441234707832336	0.15434712171554565	-0.2000652253627777
509	0.35441234707832336	0.15434712171554565	-0.2000652253627777
510	0.35441234707832336	0.15434712171554565	-0.2000652253627777
511	0.35441234707832336	0.15434712171554565	-0.2000652253627777
512	0.35441234707832336	0.15434712171554565	-0.2000652253627777
513	0.35441234707832336	0.15434712171554565	-0.2000652253627777
514	0.35441234707832336	0.15434712171554565	-0.2000652253627777
515	0.35441234707832336	0.15434712171554565	-0.2000652253627777
516	0.35441234707832336	0.15434712171554565	-0.2000652253627777
517	0.35441234707832336	0.15434712171554565	-0.2000652253627777
518	0.35441234707832336	0.15434712171554565	-0.2000652253627777
519	0.35441234707832336	0.15434712171554565	-0.2000652253627777
520	0.35441234707832336	0.15434712171554565	-0.2000652253627777
521	0.35441234707832336	0.15434712171554565	-0.2000652253627777
522	0.35441234707832336	0.15434712171554565	-0.2000652253627777
523	0.35441234707832336	0.15434712171554565	-0.2000652253627777
524	0.35441234707832336	0.15434712171554565	-0.2000652253627777
525	0.35441234707832336	0.15434712171554565	-0.2000652253627777
526	0.35441234707832336	0.15434712171554565	-0.2000652253627777
527	0.35441234707832336	0.15434712171554565	-0.2000652253627777
528	0.35441234707832336	0.15434712171554565	-0.2000652253627777
529	0.35441234707832336	0.15434712171554565	-0.2000652253627777
530	0.35441234707832336	0.15434712171554565	-0.2000652253627777
531	0.35441234707832336	0.15434712171554565	-0.2000652253627777
532	0.35441234707832336	0.15434712171554565	-0.2000652253627777
533	0.35441234707832336	0.15434712171554565	-0.2000652253627777
534	0.35441234707832336	0.15434712171554565	-0.2000652253627777
535	0.35441234707832336	0.15434712171554565	-0.2000652253627777
536	0.35441234707832336	0.15434712171554565	-0.2000652253627777
537	0.35441234707832336	0.15434712171554565	-0.2000652253627777
538	0.35441234707832336	0.15434712171554565	-0.2000652253627777
539	0.35441234707832336	0.15434712171554565	-0.2000652253627777
540	0.35441234707832336	0.15434712171554565	-0.2000652253627777
541	0.35441234707832336	0.15434712171554565	-0.2000652253627777
542	0.35441234707832336	0.15434712171554565	-0.2000652253627777
543	0.35441234707832336	0.15434712171554565	-0.2000652253627777
544	0.35441234707832336	0.15434712171554565	-0.2000652253627777
545	0.35441234707832336	0.15434712171554565	-0.2000652253627777
546	0.35441234707832336	0.15434712171554565	-0.2000652253627777
547	0.35441234707832336	0.15434712171554565	-0.2000652253627777
548	0.35441234707832336	0.15434712171554565	-0.2000652253627777
549	0.35441234707832336	0.15434712171554565	-0.2000652253627777
550	0.35441234707832336	0.15434712171554565	-0.2000652253627777
551	0.35441234707832336	0.15434712171554565	-0.2000652253627777
552	0.35441234707832336	0.15434712171554565	-0.2000652253627777
553	0.35441234707832336	0.15434712171554565	-0.2000652253627777
554	0.35441234707832336	0.15434712171554565	-0.2000652253627777
555	0.35441234707832336	0.15434712171554565	-0.2000652253627777
556	0.35441234707832336	0.15434712171554565	-0.2000652253627777
557	0.35441234707832336	0.15434712171554565	-0.2000652253627777
558	0.35441234707832336	0.15434712171554565	-0.2000652253627777
559	0.35441234707832336	0.15434712171554565	-0.2000652253627777
560	0.35441234707832336	0.15434712171554565	-0.2000652253627777
561	0.35441234707832336	0.15434712171554565	-0.2000652253627777
562	0.35441234707832336	0.15434712171554565	-0.2000652253627777
563	0.35441234707832336	0.15434712171554565	-0.2000652253627777
564	0.35441234707832336	0.15434712171554565	-0.2000652253627777
565	0.35441234707832336	0.15434712171554565	-0.2000652253627777
566	0.35441234707832336	0.15434712171554565	-0.2000652253627777
567	0.35441234707832336	0.15434712171554565	-0.2000652253627777
568	0.35441234707832336	0.15434712171554565	-0.2000652253627777
569	0.35441234707832336	0.15434712171554565	-0.2000652253627777
570	0.35441234707832336	0.15434712171554565	-0.2000652253627777
571	0.35441234707832336	0.15434712171554565	-0.2000652253627777
572	0.35441234707832336	0.15434712171554565	-0.2000652253627777
573	0.35441234707832336	0.15434712171554565	-0.2000652253627777
574	0.35441234707832336	0.15434712171554565	-0.2000652253627777
575	0.35441234707832336	0.15434712171554565	-0.2000652253627777
576	0.35441234707832336	0.15434712171554565	-0.2000652253627777
577	0.35441234707832336	0.15434712171554565	-0.2000652253627777
578	0.35441234707832336	0.15434712171554565	-0.2000652253627777
579	0.35441234707832336	0.15434712171554565	-0.2000652253627777
580	0.35441234707832336	0.15434712171554565	-0.2000652253627777
581	0.35441234707832336	0.15434712171554565	-0.2000652253627777
582	0.35441234707832336	0.15434712171554565	-0.2000652253627777
583	0.35441234707832336	0.15434712171554565	-0.2000652253627777
584	0.35441234707832336	0.15434712171554565	-0.2000652253627777
585	0.35441234707832336	0.15434712171554565	-0.2000652253627777
586	0.35441234707832336	0.15434712171554565	-0.2000652253627777
587	0.35441234707832336	0.15434712171554565	-0.2000652253627777
588	0.35441234707832336	0.15434712171554565	-0.2000652253627777
589	0.35441234707832336	0.15434712171554565	-0.2000652253627777
590	0.35441234707832336	0.15434712171554565	-0.2000652253627777
591	0.35441234707832336	0.15434712171554565	-0.2000652253627777
592	0.35441234707832336	0.15434712171554565	-0.2000652253627777
593	0.35441234707832336	0.15434712171554565	-0.2000652253627777
594	0.35441234707832336	0.15434712171554565	-0.2000652253627777
595	0.35441234707832336	0.15434712171554565	-0.2000652253627777
596	0.35441234707832336	0.15434712171554565	-0.2000652253627777
597	0.35441234707832336	0.15434712171554565	-0.2000652253627777
598	0.35441234707832336	0.15434712171554565	-0.2000652253627777
599	0.35441234707832336	0.15434712171554565	-0.2000652253627777
600	0.35441234707832336	0.15434712171554565	-0.2000652253627777
601	0.35441234707832336	0.15434712171554565	-0.2000652253627777
602	0.35441234707832336	0.15434712171554565	-0.2000652253627777
603	0.35441234707832336	0.15434712171554565	-0.2000652253627777
604	0.35441234707832336	0.15434712171554565	-0.2000652253627777
605	0.35441234707832336	0.15434712171554565	-0.2000652253627777
606	0.35441234707832336	0.15434712171554565	-0.2000652253627777
607	0.35441234707832336	0.15434712171554565	-0.2000652253627777
608	0.35441234707832336	0.15434712171554565	-0.2000652253627777
609	0.35441234707832336	0.15434712171554565	-0.2000652253627777
610	0.35441234707832336	0.15434712171554565	-0.2000652253627777
611	0.35441234707832336	0.15434712171554565	-0.2000652253627777
612	0.35441234707832336	0.15434712171554565	-0.2000652253627777
613	0.35441234707832336	0.15434712171554565	-0.2000652253627777
614	0.35441234707832336	0.15434712171554565	-0.2000652253627777
615	0.35441234707832336	0.15434712171554565	-0.2000652253627777
616	0.35441234707832336	0.15434712171554565	-0.2000652253627777
617	0.35441234707832336	0.15434712171554565	-0.2000652253627777
618	0.35441234707832336	0.15434712171554565	-0.2000652253627777
619	0.35441234707832336	0.15434712171554565	-0.2000652253627777
620	0.35441234707832336	0.15434712171554565	-0.2000652253627777
621	0.35441234707832336	0.15434712171554565	-0.2000652253627777
622	0.35441234707832336	0.15434712171554565	-0.2000652253627777
623	0.35441234707832336	0.15434712171554565	-0.2000652253627777
624	0.35441234707832336	0.15434712171554565	-0.2000652253627777
625	0.35441234707832336	0.15434712171554565	-0.2000652253627777
626	0.35441234707832336	0.15434712171554565	-0.2000652253627777
627	0.35441234707832336	0.15434712171554565	-0.2000652253627777
628	0.35441234707832336	0.15434712171554565	-0.2000652253627777
629	0.35441234707832336	0.15434712171554565	-0.2000652253627777
630	0.35441234707832336	0.15434712171554565	-0.2000652253627777
631	0.35441234707832336	0.15434712171554565	-0.2000652253627777
632	0.35441234707832336	0.15434712171554565	-0.2000652253627777
633	0.35441234707832336	0.15434712171554565	-0.2000652253627777
634	0.35441234707832336	0.15434712171554565	-0.2000652253627777
635	0.35441234707832336	0.15434712171554565	-0.2000652253627777
636	0.35441234707832336	0.15434712171554565	-0.2000652253627777
637	0.35441234707832336	0.15434712171554565	-0.2000652253627777
638	0.35441234707832336	0.15434712171554565	-0.2000652253627777
639	0.35441234707832336	0.15434712171554565	-0.2000652253627777
640	0.35441234707832336	0.15434712171554565	-0.2000652253627777
641	0.35441234707832336	0.15434712171554565	-0.2000652253627777
642	0.35441234707832336	0.15434712171554565	-0.2000652253627777
643	0.35441234707832336	0.15434712171554565	-0.2000652253627777
644	0.35441234707832336	0.15434712171554565	-0.2000652253627777
645	0.35441234707832336	0.15434712171554565	-0.2000652253627777
646	0.35441234707832336	0.15434712171554565	-0.2000652253627777
647	0.35441234707832336	0.15434712171554565	-0.2000652253627777
648	0.35441234707832336	0.15434712171554565	-0.2000652253627777
649	0.35441234707832336	0.15434712171554565	-0.2000652253627777
650	0.35441234707832336	0.15434712171554565	-0.2000652253627777
651	0.35441234707832336	0.15434712171554565	-0.2000652253627777
652	0.35441234707832336	0.15434712171554565	-0.2000652253627777
653	0.35441234707832336	0.15434712171554565	-0.2000652253627777
654	0.35441234707832336	0.15434712171554565	-0.2000652253627777
655	0.35441234707832336	0.15434712171554565	-0.2000652253627777
656	0.35441234707832336	0.15434712171554565	-0.2000652253627777
657	0.35441234707832336	0.15434712171554565	-0.2000652253627777
658	0.35441234707832336	0.15434712171554565	-0.2000652253627777
659	0.35441234707832336	0.15434712171554565	-0.2000652253627777
660	0.35441234707832336	0.15434712171554565	-0.2000652253627777
661	0.35441234707832336	0.15434712171554565	-0.2000652253627777
662	0.35441234707832336	0.15434712171554565	-0.2000652253627777
663	0.35441234707832336	0.15434712171554565	-0.2000652253627777
664	0.35441234707832336	0.15434712171554565	-0.2000652253627777
665	0.35441234707832336	0.15434712171554565	-0.2000652253627777
666	0.35441234707832336	0.15434712171554565	-0.2000652253627777
667	0.35441234707832336	0.15434712171554565	-0.2000652253627777
668	0.35441234707832336	0.15434712171554565	-0.2000652253627777
669	0.35441234707832336	0.15434712171554565	-0.2000652253627777
670	0.35441234707832336	0.15434712171554565	-0.2000652253627777
671	0.35441234707832336	0.15434712171554565	-0.2000652253627777
672	0.35441234707832336	0.15434712171554565	-0.2000652253627777
673	0.35441234707832336	0.15434712171554565	-0.2000652253627777
674	0.35441234707832336	0.15434712171554565	-0.2000652253627777
675	0.35441234707832336	0.15434712171554565	-0.2000652253627777
676	0.35441234707832336	0.15434712171554565	-0.2000652253627777
677	0.35441234707832336	0.15434712171554565	-0.2000652253627777
678	0.35441234707832336	0.15434712171554565	-0.2000652253627777
679	0.35441234707832336	0.15434712171554565	-0.2000652253627777
680	0.35441234707832336	0.15434712171554565	-0.2000652253627777
681	0.35441234707832336	0.15434712171554565	-0.2000652253627777
682	0.35441234707832336	0.15434712171554565	-0.2000652253627777
683	0.35441234707832336	0.15434712171554565	-0.2000652253627777
684	0.35441234707832336	0.15434712171554565	-0.2000652253627777
685	0.35441234707832336	0.15434712171554565	-0.2000652253627777
686	0.35441234707832336	0.15434712171554565	-0.2000652253627777
687	0.35441234707832336	0.15434712171554565	-0.2000652253627777
688	0.35441234707832336	0.15434712171554565	-0.2000652253627777
689	0.35441234707832336	0.15434712171554565	-0.2000652253627777
690	0.35441234707832336	0.15434712171554565	-0.2000652253627777
691	0.35441234707832336	0.15434712171554565	-0.2000652253627777
692	0.35441234707832336	0.15434712171554565	-0.2000652253627777
693	0.35441234707832336	0.15434712171554565	-0.2000652253627777
694	0.35441234707832336	0.15434712171554565	-0.2000652253627777
695	0.35441234707832336	0.15434712171554565	-0.2000652253627777
696	0.35441234707832336	0.15434712171554565	-0.2000652253627777
697	0.35441234707832336	0.15434712171554565	-0.2000652253627777
698	0.35441234707832336	0.15434712171554565	-0.2000652253627777
699	0.35441234707832336	0.15434712171554565	-0.2000652253627777
700	0.35441234707832336	0.15434712171554565	-0.2000652253627777
701	0.35441234707832336	0.15434712171554565	-0.2000652253627777
702	0.35441234707832336	0.15434712171554565	-0.2000652253627777
703	0.35441234707832336	0.15434712171554565	-0.2000652253627777
704	0.35441234707832336	0.15434712171554565	-0.2000652253627777
705	0.35441234707832336	0.15434712171554565	-0.2000652253627777
706	0.35441234707832336	0.15434712171554565	-0.2000652253627777
707	0.35441234707832336	0.15434712171554565	-0.2000652253627777
708	0.35441234707832336	0.15434712171554565	-0.2000652253627777
709	0.35441234707832336	0.15434712171554565	-0.2000652253627777
710	0.35441234707832336	0.15434712171554565	-0.2000652253627777
711	0.35441234707832336	0.15434712171554565	-0.2000652253627777
712	0.35441234707832336	0.15434712171554565	-0.2000652253627777
713	0.35441234707832336	0.15434712171554565	-0.2000652253627777
714	0.35441234707832336	0.15434712171554565	-0.2000652253627777
715	0.35441234707832336	0.15434712171554565	-0.2000652253627777
716	0.35441234707832336	0.15434712171554565	-0.2000652253627777
717	0.35441234707832336	0.15434712171554565	-0.2000652253627777
718	0.35441234707832336	0.15434712171554565	-0.2000652253627777
719	0.35441234707832336	0.15434712171554565	-0.2000652253627777
720	0.35441234707832336	0.15434712171554565	-0.2000652253627777
721	0.35441234707832336	0.15434712171554565	-0.2000652253627777
722	0.35441234707832336	0.15434712171554565	-0.2000652253627777
723	0.35441234707832336	0.15434712171554565	-0.2000652253627777
724	0.35441234707832336	0.15434712171554565	-0.2000652253627777
725	0.35441234707832336	0.15434712171554565	-0.2000652253627777
726	0.35441234707832336	0.15434712171554565	-0.2000652253627777
727	0.35441234707832336	0.15434712171554565	-0.2000652253627777
728	0.35441234707832336	0.15434712171554565	-0.2000652253627777
729	0.35441234707832336	0.15434712171554565	-0.2000652253627777
730	0.35441234707832336	0.15434712171554565	-0.2000652253627777
731	0.35441234707832336	0.15434712171554565	-0.2000652253627777
732	0.35441234707832336	0.15434712171554565	-0.2000652253627777
733	0.35441234707832336	0.15434712171554565	-0.2000652253627777
734	0.35441234707832336	0.15434712171554565	-0.2000652253627777
735	0.35441234707832336	0.15434712171554565	-0.2000652253627777
736	0.35441234707832336	0.15434712171554565	-0.2000652253627777
737	0.35441234707832336	0.15434712171554565	-0.2000652253627777
738	0.35441234707832336	0.15434712171554565	-0.2000652253627777
739	0.35441234707832336	0.15434712171554565	-0.2000652253627777
740	0.35441234707832336	0.15434712171554565	-0.2000652253627777
741	0.35441234707832336	0.15434712171554565	-0.2000652253627777
742	0.35441234707832336	0.15434712171554565	-0.2000652253627777
743	0.35441234707832336	0.15434712171554565	-0.2000652253627777
744	0.35441234707832336	0.15434712171554565	-0.2000652253627777
745	0.35441234707832336	0.15434712171554565	-0.2000652253627777
746	0.35441234707832336	0.15434712171554565	-0.2000652253627777
747	0.35441234707832336	0.15434712171554565	-0.2000652253627777
748	0.35441234707832336	0.15434712171554565	-0.2000652253627777
749	0.35441234707832336	0.15434712171554565	-0.2000652253627777
750	0.35441234707832336	0.15434712171554565	-0.2000652253627777
751	0.35441234707832336	0.15434712171554565	-0.2000652253627777
752	0.35441234707832336	0.15434712171554565	-0.2000652253627777
753	0.35441234707832336	0.15434712171554565	-0.2000652253627777
754	0.35441234707832336	0.15434712171554565	-0.2000652253627777
755	0.35441234707832336	0.15434712171554565	-0.2000652253627777
756	0.35441234707832336	0.15434712171554565	-0.2000652253627777
757	0.35441234707832336	0.15434712171554565	-0.2000652253627777
758	0.35441234707832336	0.15434712171554565	-0.2000652253627777
759	0.35441234707832336	0.15434712171554565	-0.2000652253627777
760	0.35441234707832336	0.15434712171554565	-0.2000652253627777
761	0.35441234707832336	0.15434712171554565	-0.2000652253627777
762	0.35441234707832336	0.15434712171554565	-0.2000652253627777
763	0.35441234707832336	0.15434712171554565	-0.2000652253627777
764	0.35441234707832336	0.15434712171554565	-0.2000652253627777
765	0.35441234707832336	0.15434712171554565	-0.2000652253627777
766	0.35441234707832336	0.15434712171554565	-0.2000652253627777
767	0.35441234707832336	0.15434712171554565	-0.2000652253627777
768	0.35441234707832336	0.15434712171554565	-0.2000652253627777
769	0.35441234707832336	0.15434712171554565	-0.2000652253627777
770	0.35441234707832336	0.15434712171554565	-0.2000652253627777
771	0.35441234707832336	0.15434712171554565	-0.2000652253627777
772	0.35441234707832336	0.15434712171554565	-0.2000652253627777
773	0.35441234707832336	0.15434712171554565	-0.2000652253627777
774	0.35441234707832336	0.15434712171554565	-0.2000652253627777
775	0.35441234707832336	0.15434712171554565	-0.2000652253627777
776	0.35441234707832336	0.15434712171554565	-0.2000652253627777
777	0.35441234707832336	0.15434712171554565	-0.2000652253627777
778	0.35441234707832336	0.15434712171554565	-0.2000652253627777
779	0.35441234707832336	0.15434712171554565	-0.2000652253627777
780	0.35441234707832336	0.15434712171554565	-0.2000652253627777
781	0.35441234707832336	0.15434712171554565	-0.2000652253627777
782	0.35441234707832336	0.15434712171554565	-0.2000652253627777
783	0.35441234707832336	0.15434712171554565	-0.2000652253627777
784	0.35441234707832336	0.15434712171554565	-0.2000652253627777
785	0.35441234707832336	0.15434712171554565	-0.2000652253627777
786	0.35441234707832336	0.15434712171554565	-0.2000652253627777
787	0.35441234707832336	0.15434712171554565	-0.2000652253627777
788	0.35441234707832336	0.15434712171554565	-0.2000652253627777
789	0.35441234707832336	0.15434712171554565	-0.2000652253627777
790	0.35441234707832336	0.15434712171554565	-0.2000652253627777
791	0.35441234707832336	0.15434712171554565	-0.2000652253627777
792	0.35441234707832336	0.15434712171554565	-0.2000652253627777
793	0.35441234707832336	0.15434712171554565	-0.2000652253627777
794	0.35441234707832336	0.15434712171554565	-0.2000652253627777
795	0.35441234707832336	0.15434712171554565	-0.2000652253627777
796	0.35441234707832336	0.15434712171554565	-0.2000652253627777
797	0.35441234707832336	0.15434712171554565	-0.2000652253627777
798	0.35441234707832336	0.15434712171554565	-0.2000652253627777
799	0.35441234707832336	0.15434712171554565	-0.2000652253627777
800	0.35441234707832336	0.15434712171554565	-0.2000652253627777
801	0.35441234707832336	0.15434712171554565	-0.2000652253627777
802	0.35441234707832336	0.15434712171554565	-0.2000652253627777
803	0.35441234707832336	0.15434712171554565	-0.2000652253627777
804	0.35441234707832336	0.15434712171554565	-0.2000652253627777
805	0.35441234707832336	0.15434712171554565	-0.2000652253627777
806	0.35441234707832336	0.15434712171554565	-0.2000652253627777
807	0.35441234707832336	0.15434712171554565	-0.2000652253627777
808	0.35441234707832336	0.15434712171554565	-0.2000652253627777
809	0.35441234707832336	0.15434712171554565	-0.2000652253627777
810	0.35441234707832336	0.15434712171554565	-0.2000652253627777
811	0.35441234707832336	0.15434712171554565	-0.2000652253627777
812	0.35441234707832336	0.15434712171554565	-0.2000652253627777
813	0.35441234707832336	0.15434712171554565	-0.2000652253627777
814	0.35441234707832336	0.15434712171554565	-0.2000652253627777
815	0.35441234707832336	0.15434712171554565	-0.2000652253627777
816	0.35441234707832336	0.15434712171554565	-0.2000652253627777
817	0.35441234707832336	0.15434712171554565	-0.2000652253627777
818	0.35441234707832336	0.15434712171554565	-0.2000652253627777
819	0.35441234707832336	0.15434712171554565	-0.2000652253627777
820	0.35441234707832336	0.15434712171554565	-0.2000652253627777
821	0.35441234707832336	0.15434712171554565	-0.2000652253627777
822	0.35441234707832336	0.15434712171554565	-0.2000652253627777
823	0.35441234707832336	0.15434712171554565	-0.2000652253627777
824	0.35441234707832336	0.15434712171554565	-0.2000652253627777
825	0.35441234707832336	0.15434712171554565	-0.2000652253627777
826	0.35441234707832336	0.15434712171554565	-0.2000652253627777
827	0.35441234707832336	0.15434712171554565	-0.2000652253627777
828	0.35441234707832336	0.15434712171554565	-0.2000652253627777
829	0.35441234707832336	0.15434712171554565	-0.2000652253627777
830	0.35441234707832336	0.15434712171554565	-0.2000652253627777
831	0.35441234707832336	0.15434712171554565	-0.2000652253627777
832	0.35441234707832336	0.15434712171554565	-0.2000652253627777
833	0.35441234707832336	0.15434712171554565	-0.2000652253627777
834	0.35441234707832336	0.15434712171554565	-0.2000652253627777
835	0.35441234707832336	0.15434712171554565	-0.2000652253627777
836	0.35441234707832336	0.15434712171554565	-0.2000652253627777
837	0.35441234707832336	0.15434712171554565	-0.2000652253627777
838	0.35441234707832336	0.15434712171554565	-0.2000652253627777
839	0.35441234707832336	0.15434712171554565	-0.2000652253627777
840	0.35441234707832336	0.15434712171554565	-0.2000652253627777
841	0.35441234707832336	0.15434712171554565	-0.2000652253627777
842	0.35441234707832336	0.15434712171554565	-0.2000652253627777
843	0.35441234707832336	0.15434712171554565	-0.2000652253627777
844	0.35441234707832336	0.15434712171554565	-0.2000652253627777
845	0.35441234707832336	0.15434712171554565	-0.2000652253627777
846	0.35441234707832336	0.15434712171554565	-0.2000652253627777
847	0.35441234707832336	0.15434712171554565	-0.2000652253627777
848	0.35441234707832336	0.15434712171554565	-0.2000652253627777
849	0.35441234707832336	0.15434712171554565	-0.2000652253627777
850	0.35441234707832336	0.15434712171554565	-0.2000652253627777
851	0.35441234707832336	0.15434712171554565	-0.2000652253627777
852	0.35441234707832336	0.15434712171554565	-0.2000652253627777
853	0.35441234707832336	0.15434712171554565	-0.2000652253627777
854	0.35441234707832336	0.15434712171554565	-0.2000652253627777
855	0.35441234707832336	0.15434712171554565	-0.2000652253627777
856	0.35441234707832336	0.15434712171554565	-0.2000652253627777
857	0.35441234707832336	0.15434712171554565	-0.2000652253627777
858	0.35441234707832336	0.15434712171554565	-0.2000652253627777
859	0.35441234707832336	0.15434712171554565	-0.2000652253627777
860	0.35441234707832336	0.15434712171554565	-0.2000652253627777
861	0.35441234707832336	0.15434712171554565	-0.2000652253627777
862	0.35441234707832336	0.15434712171554565	-0.2000652253627777
863	0.35441234707832336	0.15434712171554565	-0.2000652253627777
864	0.35441234707832336	0.15434712171554565	-0.2000652253627777
865	0.35441234707832336	0.15434712171554565	-0.2000652253627777
866	0.35441234707832336	0.15434712171554565	-0.2000652253627777
867	0.35441234707832336	0.15434712171554565	-0.2000652253627777
868	0.35441234707832336	0.15434712171554565	-0.2000652253627777
869	0.35441234707832336	0.15434712171554565	-0.2000652253627777
870	0.35441234707832336	0.15434712171554565	-0.2000652253627777
871	0.35441234707832336	0.15434712171554565	-0.2000652253627777
872	0.35441234707832336	0.15434712171554565	-0.2000652253627777
873	0.35441234707832336	0.15434712171554565	-0.2000652253627777
874	0.35441234707832336	0.15434712171554565	-0.2000652253627777
875	0.35441234707832336	0.15434712171554565	-0.2000652253627777
876	0.35441234707832336	0.15434712171554565	-0.2000652253627777
877	0.35441234707832336	0.15434712171554565	-0.2000652253627777
878	0.35441234707832336	0.15434712171554565	-0.2000652253627777
879	0.35441234707832336	0.15434712171554565	-0.2000652253627777
880	0.35441234707832336	0.15434712171554565	-0.2000652253627777
881	0.35441234707832336	0.15434712171554565	-0.2000652253627777
882	0.35441234707832336	0.15434712171554565	-0.2000652253627777
883	0.35441234707832336	0.15434712171554565	-0.2000652253627777
884	0.35441234707832336	0.15434712171554565	-0.2000652253627777
885	0.35441234707832336	0.15434712171554565	-0.2000652253627777
886	0.35441234707832336	0.15434712171554565	-0.2000652253627777
887	0.35441234707832336	0.15434712171554565	-0.2000652253627777
888	0.35441234707832336	0.15434712171554565	-0.2000652253627777
889	0.35441234707832336	0.15434712171554565	-0.2000652253627777
890	0.35441234707832336	0.15434712171554565	-0.2000652253627777
891	0.35441234707832336	0.15434712171554565	-0.2000652253627777
892	0.35441234707832336	0.15434712171554565	-0.2000652253627777
893	0.35441234707832336	0.15434712171554565	-0.2000652253627777
894	0.35441234707832336	0.15434712171554565	-0.2000652253627777
895	0.35441234707832336	0.15434712171554565	-0.2000652253627777
896	0.35441234707832336	0.15434712171554565	-0.2000652253627777
897	0.35441234707832336	0.15434712171554565	-0.2000652253627777
898	0.35441234707832336	0.15434712171554565	-0.2000652253627777
899	0.35441234707832336	0.15434712171554565	-0.2000652253627777
900	0.35441234707832336	0.15434712171554565	-0.2000652253627777
901	0.35441234707832336	0.15434712171554565	-0.2000652253627777
902	0.35441234707832336	0.15434712171554565	-0.2000652253627777
903	0.35441234707832336	0.15434712171554565	-0.2000652253627777
904	0.35441234707832336	0.15434712171554565	-0.2000652253627777
905	0.35441234707832336	0.15434712171554565	-0.2000652253627777
906	0.35441234707832336	0.15434712171554565	-0.2000652253627777
907	0.35441234707832336	0.15434712171554565	-0.2000652253627777
908	0.35441234707832336	0.15434712171554565	-0.2000652253627777
909	0.35441234707832336	0.15434712171554565	-0.2000652253627777
910	0.35441234707832336	0.15434712171554565	-0.2000652253627777
911	0.35441234707832336	0.15434712171554565	-0.2000652253627777
912	0.35441234707832336	0.15434712171554565	-0.2000652253627777
913	0.35441234707832336	0.15434712171554565	-0.2000652253627777
914	0.35441234707832336	0.15434712171554565	-0.2000652253627777
915	0.35441234707832336	0.15434712171554565	-0.2000652253627777
916	0.35441234707832336	0.15434712171554565	-0.2000652253627777
917	0.35441234707832336	0.15434712171554565	-0.2000652253627777
918	0.35441234707832336	0.15434712171554565	-0.2000652253627777
919	0.35441234707832336	0.15434712171554565	-0.2000652253627777
920	0.35441234707832336	0.15434712171554565	-0.2000652253627777
921	0.35441234707832336	0.15434712171554565	-0.2000652253627777
922	0.35441234707832336	0.15434712171554565	-0.2000652253627777
923	0.35441234707832336	0.15434712171554565	-0.2000652253627777
924	0.35441234707832336	0.15434712171554565	-0.2000652253627777
925	0.35441234707832336	0.15434712171554565	-0.2000652253627777
926	0.35441234707832336	0.15434712171554565	-0.2000652253627777
927	0.35441234707832336	0.15434712171554565	-0.2000652253627777
928	0.35441234707832336	0.15434712171554565	-0.2000652253627777
929	0.35441234707832336	0.15434712171554565	-0.2000652253627777
930	0.35441234707832336	0.15434712171554565	-0.2000652253627777
931	0.35441234707832336	0.15434712171554565	-0.2000652253627777
932	0.35441234707832336	0.15434712171554565	-0.2000652253627777
933	0.35441234707832336	0.15434712171554565	-0.2000652253627777
934	0.35441234707832336	0.15434712171554565	-0.2000652253627777
935	0.35441234707832336	0.15434712171554565	-0.2000652253627777
936	0.35441234707832336	0.15434712171554565	-0.2000652253627777
937	0.35441234707832336	0.15434712171554565	-0.2000652253627777
938	0.35441234707832336	0.15434712171554565	-0.2000652253627777
939	0.35441234707832336	0.15434712171554565	-0.2000652253627777
940	0.35441234707832336	0.15434712171554565	-0.2000652253627777
941	0.35441234707832336	0.15434712171554565	-0.2000652253627777
942	0.35441234707832336	0.15434712171554565	-0.2000652253627777
943	0.35441234707832336	0.15434712171554565	-0.2000652253627777
944	0.35441234707832336	0.15434712171554565	-0.2000652253627777
945	0.35441234707832336	0.15434712171554565	-0.2000652253627777
946	0.35441234707832336	0.15434712171554565	-0.2000652253627777
947	0.35441234707832336	0.15434712171554565	-0.2000652253627777
948	0.35441234707832336	0.15434712171554565	-0.2000652253627777
949	0.35441234707832336	0.15434712171554565	-0.2000652253627777
950	0.35441234707832336	0.15434712171554565	-0.2000652253627777
951	0.35441234707832336	0.15434712171554565	-0.2000652253627777
952	0.35441234707832336	0.15434712171554565	-0.2000652253627777
953	0.35441234707832336	0.15434712171554565	-0.2000652253627777
954	0.35441234707832336	0.15434712171554565	-0.2000652253627777
955	0.35441234707832336	0.15434712171554565	-0.2000652253627777
956	0.35441234707832336	0.15434712171554565	-0.2000652253627777
957	0.35441234707832336	0.15434712171554565	-0.2000652253627777
958	0.35441234707832336	0.15434712171554565	-0.2000652253627777
959	0.35441234707832336	0.15434712171554565	-0.2000652253627777
960	0.35441234707832336	0.15434712171554565	-0.2000652253627777
961	0.35441234707832336	0.15434712171554565	-0.2000652253627777
962	0.35441234707832336	0.15434712171554565	-0.2000652253627777
963	0.35441234707832336	0.15434712171554565	-0.2000652253627777
964	0.35441234707832336	0.15434712171554565	-0.2000652253627777
965	0.35441234707832336	0.15434712171554565	-0.2000652253627777
966	0.35441234707832336	0.15434712171554565	-0.2000652253627777
967	0.35441234707832336	0.15434712171554565	-0.2000652253627777
968	0.35441234707832336	0.15434712171554565	-0.2000652253627777
969	0.35441234707832336	0.15434712171554565	-0.2000652253627777
970	0.35441234707832336	0.15434712171554565	-0.2000652253627777
971	0.35441234707832336	0.15434712171554565	-0.2000652253627777
972	0.35441234707832336	0.15434712171554565	-0.2000652253627777
973	0.35441234707832336	0.15434712171554565	-0.2000652253627777
974	0.35441234707832336	0.15434712171554565	-0.2000652253627777
975	0.35441234707832336	0.15434712171554565	-0.2000652253627777
976	0.35441234707832336	0.15434712171554565	-0.2000652253627777
977	0.35441234707832336	0.15434712171554565	-0.2000652253627777
978	0.35441234707832336	0.15434712171554565	-0.2000652253627777
979	0.35441234707832336	0.15434712171554565	-0.2000652253627777
980	0.35441234707832336	0.15434712171554565	-0.2000652253627777
981	0.35441234707832336	0.15434712171554565	-0.2000652253627777
982	0.35441234707832336	0.15434712171554565	-0.2000652253627777
983	0.35441234707832336	0.15434712171554565	-0.2000652253627777
984	0.35441234707832336	0.15434712171554565	-0.2000652253627777
985	0.35441234707832336	0.15434712171554565	-0.2000652253627777
986	0.35441234707832336	0.15434712171554565	-0.2000652253627777
987	0.35441234707832336	0.15434712171554565	-0.2000652253627777
988	0.35441234707832336	0.15434712171554565	-0.2000652253627777
989	0.35441234707832336	0.15434712171554565	-0.2000652253627777
990	0.35441234707832336	0.15434712171554565	-0.2000652253627777
991	0.35441234707832336	0.15434712171554565	-0.2000652253627777
992	0.35441234707832336	0.15434712171554565	-0.2000652253627777
993	0.35441234707832336	0.15434712171554565	-0.2000652253627777
994	0.35441234707832336	0.15434712171554565	-0.2000652253627777
995	0.35441234707832336	0.15434712171554565	-0.2000652253627777
996	0.35441234707832336	0.15434712171554565	-0.2000652253627777
997	0.35441234707832336	0.15434712171554565	-0.2000652253627777
998	0.35441234707832336	0.15434712171554565	-0.2000652253627777
999	0.35441234707832336	0.15434712171554565	-0.2000652253627777
1000	0.35441234707832336	0.15434712171554565	-0.2000652253627777
1001	0.35441234707832336	0.15434712171554565	-0.2000652253627777
1002	0.35441234707832336	0.15434712171554565	-0.2000652253627777
1003	0.35441234707832336	0.15434712171554565	-0.2000652253627777
1004	0.35441234707832336	0.15434712171554565	-0.2000652253627777
1005	0.35441234707832336	0.15434712171554565	-0.2000652253627777
1006	0.35441234707832336	0.15434712171554565	-0.2000652253627777
1007	0.35441234707832336	0.15434712171554565	-0.2000652253627777
1008	0.35441234707832336	0.15434712171554565	-0.2000652253627777
1009	0.35441234707832336	0.15434712171554565	-0.2000652253627777
1010	0.35441234707832336	0.15434712171554565	-0.2000652253627777
1011	0.35441234707832336	0.15434712171554565	-0.2000652253627777
1012	0.35441234707832336	0.15434712171554565	-0.2000652253627777
1013	0.35441234707832336	0.15434712171554565	-0.2000652253627777
1014	0.35441234707832336	0.15434712171554565	-0.2000652253627777
1015	0.35441234707832336	0.15434712171554565	-0.2000652253627777
1016	0.35441234707832336	0.15434712171554565	-0.2000652253627777
1017	0.35441234707832336	0.15434712171554565	-0.2000652253627777
1018	0.35441234707832336	0.15434712171554565	-0.2000652253627777
1019	0.35441234707832336	0.15434712171554565	-0.2000652253627777
1020	0.35441234707832336	0.15434712171554565	-0.2000652253627777
1021	0.35441234707832336	0.15434712171554565	-0.2000652253627777
1022	0.35441234707832336	0.15434712171554565	-0.2000652253627777
1023	0.35441234707832336	0.15434712171554565	-0.2000652253627777
1024	0.35441234707832336	0.15434712171554565	-0.2000652253627777
1025	0.35441234707832336	0.15434712171554565	-0.2000652253627777
1026	0.35441234707832336	0.15434712171554565	-0.2000652253627777
1027	0.35441234707832336	0.15434712171554565	-0.2000652253627777
1028	0.35441234707832336	0.15434712171554565	-0.2000652253627777
1029	0.35441234707832336	0.15434712171554565	-0.2000652253627777
1030	0.35441234707832336	0.15434712171554565	-0.2000652253627777
1031	0.35441234707832336	0.15434712171554565	-0.2000652253627777
1032	0.35441234707832336	0.15434712171554565	-0.2000652253627777
1033	0.35441234707832336	0.15434712171554565	-0.2000652253627777
1034	0.35441234707832336	0.15434712171554565	-0.2000652253627777
1035	0.35441234707832336	0.15434712171554565	-0.2000652253627777
1036	0.35441234707832336	0.15434712171554565	-0.2000652253627777
1037	0.35441234707832336	0.15434712171554565	-0.2000652253627777
1038	0.35441234707832336	0.15434712171554565	-0.2000652253627777
1039	0.35441234707832336	0.15434712171554565	-0.2000652253627777
1040	0.35441234707832336	0.15434712171554565	-0.2000652253627777
1041	0.35441234707832336	0.15434712171554565	-0.2000652253627777
1042	0.35441234707832336	0.15434712171554565	-0.2000652253627777
1043	0.35441234707832336	0.15434712171554565	-0.2000652253627777
1044	0.35441234707832336	0.15434712171554565	-0.2000652253627777
1045	0.35441234707832336	0.15434712171554565	-0.2000652253627777
1046	0.35441234707832336	0.15434712171554565	-0.2000652253627777
1047	0.35441234707832336	0.15434712171554565	-0.2000652253627777
1048	0.35441234707832336	0.15434712171554565	-0.2000652253627777
1049	0.35441234707832336	0.15434712171554565	-0.2000652253627777
1050	0.35441234707832336	0.15434712171554565	-0.2000652253627777
1051	0.35441234707832336	0.15434712171554565	-0.2000652253627777
1052	0.35441234707832336	0.15434712171554565	-0.2000652253627777
1053	0.35441234707832336	0.15434712171554565	-0.2000652253627777
1054	0.35441234707832336	0.15434712171554565	-0.2000652253627777
1055	0.35441234707832336	0.15434712171554565	-0.2000652253627777
1056	0.35441234707832336	0.15434712171554565	-0.2000652253627777
1057	0.35441234707832336	0.15434712171554565	-0.2000652253627777
1058	0.35441234707832336	0.15434712171554565	-0.2000652253627777
1059	0.35441234707832336	0.15434712171554565	-0.2000652253627777
1060	0.35441234707832336	0.15434712171554565	-0.2000652253627777
1061	0.35441234707832336	0.15434712171554565	-0.2000652253627777
1062	0.35441234707832336	0.15434712171554565	-0.2000652253627777
1063	0.35441234707832336	0.15434712171554565	-0.2000652253627777
1064	0.35441234707832336	0.15434712171554565	-0.2000652253627777
1065	0.35441234707832336	0.15434712171554565	-0.2000652253627777
1066	0.35441234707832336	0.15434712171554565	-0.2000652253627777
1067	0.35441234707832336	0.15434712171554565	-0.2000652253627777
1068	0.35441234707832336	0.15434712171554565	-0.2000652253627777
1069	0.35441234707832336	0.15434712171554565	-0.2000652253627777
1070	0.35441234707832336	0.15434712171554565	-0.2000652253627777
1071	0.35441234707832336	0.15434712171554565	-0.2000652253627777
1072	0.35441234707832336	0.15434712171554565	-0.2000652253627777
1073	0.35441234707832336	0.15434712171554565	-0.2000652253627777
1074	0.35441234707832336	0.15434712171554565	-0.2000652253627777
1075	0.35441234707832336	0.15434712171554565	-0.2000652253627777
1076	0.35441234707832336	0.15434712171554565	-0.2000652253627777
1077	0.35441234707832336	0.15434712171554565	-0.2000652253627777
1078	0.35441234707832336	0.15434712171554565	-0.2000652253627777
1079	0.35441234707832336	0.15434712171554565	-0.2000652253627777
1080	0.35441234707832336	0.15434712171554565	-0.2000652253627777
1081	0.35441234707832336	0.15434712171554565	-0.2000652253627777
1082	0.35441234707832336	0.15434712171554565	-0.2000652253627777
1083	0.35441234707832336	0.15434712171554565	-0.2000652253627777
1084	0.35441234707832336	0.15434712171554565	-0.2000652253627777
1085	0.35441234707832336	0.15434712171554565	-0.2000652253627777
1086	0.35441234707832336	0.15434712171554565	-0.2000652253627777
1087	0.35441234707832336	0.15434712171554565	-0.2000652253627777
1088	0.35441234707832336	0.15434712171554565	-0.2000652253627777
1089	0.35441234707832336	0.15434712171554565	-0.2000652253627777
1090	0.35441234707832336	0.15434712171554565	-0.2000652253627777
1091	0.35441234707832336	0.15434712171554565	-0.2000652253627777
1092	0.35441234707832336	0.15434712171554565	-0.2000652253627777
1093	0.35441234707832336	0.15434712171554565	-0.2000652253627777
1094	0.35441234707832336	0.15434712171554565	-0.2000652253627777
1095	0.35441234707832336	0.15434712171554565	-0.2000652253627777
1096	0.35441234707832336	0.15434712171554565	-0.2000652253627777
1097	0.35441234707832336	0.15434712171554565	-0.2000652253627777
1098	0.35441234707832336	0.15434712171554565	-0.2000652253627777
1099	0.35441234707832336	0.15434712171554565	-0.2000652253627777
1100	0.35441234707832336	0.15434712171554565	-0.2000652253627777
1101	0.35441234707832336	0.15434712171554565	-0.2000652253627777
1102	0.35441234707832336	0.15434712171554565	-0.2000652253627777
1103	0.35441234707832336	0.15434712171554565	-0.2000652253627777
1104	0.35441234707832336	0.15434712171554565	-0.2000652253627777
1105	0.35441234707832336	0.15434712171554565	-0.2000652253627777
1106	0.35441234707832336	0.15434712171554565	-0.2000652253627777
1107	0.35441234707832336	0.15434712171554565	-0.2000652253627777
1108	0.35441234707832336	0.15434712171554565	-0.2000652253627777
1109	0.35441234707832336	0.15434712171554565	-0.2000652253627777
1110	0.35441234707832336	0.15434712171554565	-0.2000652253627777
1111	0.35441234707832336	0.15434712171554565	-0.2000652253627777
1112	0.35441234707832336	0.15434712171554565	-0.2000652253627777
1113	0.35441234707832336	0.15434712171554565	-0.2000652253627777
1114	0.35441234707832336	0.15434712171554565	-0.2000652253627777
1115	0.35441234707832336	0.15434712171554565	-0.2000652253627777
1116	0.35441234707832336	0.15434712171554565	-0.2000652253627777
1117	0.35441234707832336	0.15434712171554565	-0.2000652253627777
1118	0.35441234707832336	0.15434712171554565	-0.2000652253627777
1119	0.35441234707832336	0.15434712171554565	-0.2000652253627777
1120	0.35441234707832336	0.15434712171554565	-0.2000652253627777
1121	0.35441234707832336	0.15434712171554565	-0.2000652253627777
1122	0.35441234707832336	0.15434712171554565	-0.2000652253627777
1123	0.35441234707832336	0.15434712171554565	-0.2000652253627777
1124	0.35441234707832336	0.15434712171554565	-0.2000652253627777
1125	0.35441234707832336	0.15434712171554565	-0.2000652253627777
1126	0.35441234707832336	0.15434712171554565	-0.2000652253627777
1127	0.35441234707832336	0.15434712171554565	-0.2000652253627777
1128	0.35441234707832336	0.15434712171554565	-0.2000652253627777
1129	0.35441234707832336	0.15434712171554565	-0.2000652253627777
1130	0.35441234707832336	0.15434712171554565	-0.2000652253627777
1131	0.35441234707832336	0.15434712171554565	-0.2000652253627777
1132	0.35441234707832336	0.15434712171554565	-0.2000652253627777
1133	0.35441234707832336	0.15434712171554565	-0.2000652253627777
1134	0.35441234707832336	0.15434712171554565	-0.2000652253627777
1135	0.35441234707832336	0.15434712171554565	-0.2000652253627777
1136	0.35441234707832336	0.15434712171554565	-0.2000652253627777
1137	0.35441234707832336	0.15434712171554565	-0.2000652253627777
1138	0.35441234707832336	0.15434712171554565	-0.2000652253627777
1139	0.35441234707832336	0.15434712171554565	-0.2000652253627777
1140	0.35441234707832336	0.15434712171554565	-0.2000652253627777
1141	0.35441234707832336	0.15434712171554565	-0.2000652253627777
1142	0.35441234707832336	0.15434712171554565	-0.2000652253627777
1143	0.35441234707832336	0.15434712171554565	-0.2000652253627777
1144	0.35441234707832336	0.15434712171554565	-0.2000652253627777
1145	0.35441234707832336	0.15434712171554565	-0.2000652253627777
1146	0.35441234707832336	0.15434712171554565	-0.2000652253627777
1147	0.35441234707832336	0.15434712171554565	-0.2000652253627777
1148	0.35441234707832336	0.15434712171554565	-0.2000652253627777
1149	0.35441234707832336	0.15434712171554565	-0.2000652253627777
1150	0.35441234707832336	0.15434712171554565	-0.2000652253627777
1151	0.35441234707832336	0.15434712171554565	-0.2000652253627777
1152	0.35441234707832336	0.15434712171554565	-0.2000652253627777
1153	0.35441234707832336	0.15434712171554565	-0.2000652253627777
1154	0.35441234707832336	0.15434712171554565	-0.2000652253627777
1155	0.35441234707832336	0.15434712171554565	-0.2000652253627777
1156	0.35441234707832336	0.15434712171554565	-0.2000652253627777
1157	0.35441234707832336	0.15434712171554565	-0.2000652253627777
1158	0.35441234707832336	0.15434712171554565	-0.2000652253627777
1159	0.35441234707832336	0.15434712171554565	-0.2000652253627777
1160	0.35441234707832336	0.15434712171554565	-0.2000652253627777
1161	0.35441234707832336	0.15434712171554565	-0.2000652253627777
1162	0.35441234707832336	0.15434712171554565	-0.2000652253627777
1163	0.35441234707832336	0.15434712171554565	-0.2000652253627777
1164	0.35441234707832336	0.15434712171554565	-0.2000652253627777
1165	0.35441234707832336	0.15434712171554565	-0.2000652253627777
1166	0.35441234707832336	0.15434712171554565	-0.2000652253627777
1167	0.35441234707832336	0.15434712171554565	-0.2000652253627777
1168	0.35441234707832336	0.15434712171554565	-0.2000652253627777
1169	0.35441234707832336	0.15434712171554565	-0.2000652253627777
1170	0.35441234707832336	0.15434712171554565	-0.2000652253627777
1171	0.35441234707832336	0.15434712171554565	-0.2000652253627777
1172	0.35441234707832336	0.15434712171554565	-0.2000652253627777
1173	0.35441234707832336	0.15434712171554565	-0.2000652253627777
1174	0.35441234707832336	0.15434712171554565	-0.2000652253627777
1175	0.35441234707832336	0.15434712171554565	-0.2000652253627777
1176	0.35441234707832336	0.15434712171554565	-0.2000652253627777
1177	0.35441234707832336	0.15434712171554565	-0.2000652253627777
1178	0.35441234707832336	0.15434712171554565	-0.2000652253627777
1179	0.35441234707832336	0.15434712171554565	-0.2000652253627777
1180	0.35441234707832336	0.15434712171554565	-0.2000652253627777
1181	0.35441234707832336	0.15434712171554565	-0.2000652253627777
1182	0.35441234707832336	0.15434712171554565	-0.2000652253627777
1183	0.35441234707832336	0.15434712171554565	-0.2000652253627777
1184	0.35441234707832336	0.15434712171554565	-0.2000652253627777
1185	0.35441234707832336	0.15434712171554565	-0.2000652253627777
1186	0.35441234707832336	0.15434712171554565	-0.2000652253627777
1187	0.35441234707832336	0.15434712171554565	-0.2000652253627777
1188	0.35441234707832336	0.15434712171554565	-0.2000652253627777
1189	0.35441234707832336	0.15434712171554565	-0.2000652253627777
1190	0.35441234707832336	0.15434712171554565	-0.2000652253627777
1191	0.35441234707832336	0.15434712171554565	-0.2000652253627777
1192	0.35441234707832336	0.15434712171554565	-0.2000652253627777
1193	0.35441234707832336	0.15434712171554565	-0.2000652253627777
1194	0.35441234707832336	0.15434712171554565	-0.2000652253627777
1195	0.35441234707832336	0.15434712171554565	-0.2000652253627777
1196	0.35441234707832336	0.15434712171554565	-0.2000652253627777
1197	0.35441234707832336	0.15434712171554565	-0.2000652253627777
1198	0.35441234707832336	0.15434712171554565	-0.2000652253627777
1199	0.35441234707832336	0.15434712171554565	-0.2000652253627777
1200	0.35441234707832336	0.15434712171554565	-0.2000652253627777
1201	0.35441234707832336	0.15434712171554565	-0.2000652253627777
1202	0.35441234707832336	0.15434712171554565	-0.2000652253627777
1203	0.35441234707832336	0.15434712171554565	-0.2000652253627777
1204	0.35441234707832336	0.15434712171554565	-0.2000652253627777
1205	0.35441234707832336	0.15434712171554565	-0.2000652253627777
1206	0.35441234707832336	0.15434712171554565	-0.2000652253627777
1207	0.35441234707832336	0.15434712171554565	-0.2000652253627777
1208	0.35441234707832336	0.15434712171554565	-0.2000652253627777
1209	0.35441234707832336	0.15434712171554565	-0.2000652253627777
1210	0.35441234707832336	0.15434712171554565	-0.2000652253627777
1211	0.35441234707832336	0.15434712171554565	-0.2000652253627777
1212	0.35441234707832336	0.15434712171554565	-0.2000652253627777
1213	0.35441234707832336	0.15434712171554565	-0.2000652253627777
1214	0.35441234707832336	0.15434712171554565	-0.2000652253627777
1215	0.35441234707832336	0.15434712171554565	-0.2000652253627777
1216	0.35441234707832336	0.15434712171554565	-0.2000652253627777
1217	0.35441234707832336	0.15434712171554565	-0.2000652253627777
1218	0.35441234707832336	0.15434712171554565	-0.2000652253627777
1219	0.35441234707832336	0.15434712171554565	-0.2000652253627777
1220	0.35441234707832336	0.15434712171554565	-0.2000652253627777
1221	0.35441234707832336	0.15434712171554565	-0.2000652253627777
1222	0.35441234707832336	0.15434712171554565	-0.2000652253627777
1223	0.35441234707832336	0.15434712171554565	-0.2000652253627777
1224	0.35441234707832336	0.15434712171554565	-0.2000652253627777
1225	0.35441234707832336	0.15434712171554565	-0.2000652253627777
1226	0.35441234707832336	0.15434712171554565	-0.2000652253627777
1227	0.35441234707832336	0.15434712171554565	-0.2000652253627777
1228	0.35441234707832336	0.15434712171554565	-0.2000652253627777
1229	0.35441234707832336	0.15434712171554565	-0.2000652253627777
1230	0.35441234707832336	0.15434712171554565	-0.2000652253627777
1231	0.35441234707832336	0.15434712171554565	-0.2000652253627777
1232	0.35441234707832336	0.15434712171554565	-0.2000652253627777
1233	0.35441234707832336	0.15434712171554565	-0.2000652253627777
1234	0.35441234707832336	0.15434712171554565	-0.2000652253627777
1235	0.35441234707832336	0.15434712171554565	-0.2000652253627777
1236	0.35441234707832336	0.15434712171554565	-0.2000652253627777
1237	0.35441234707832336	0.15434712171554565	-0.2000652253627777
1238	0.35441234707832336	0.15434712171554565	-0.2000652253627777
1239	0.35441234707832336	0.15434712171554565	-0.2000652253627777
1240	0.35441234707832336	0.15434712171554565	-0.2000652253627777
1241	0.35441234707832336	0.15434712171554565	-0.2000652253627777
1242	0.35441234707832336	0.15434712171554565	-0.2000652253627777
1243	0.35441234707832336	0.15434712171554565	-0.2000652253627777
1244	0.35441234707832336	0.15434712171554565	-0.2000652253627777
1245	0.35441234707832336	0.15434712171554565	-0.2000652253627777
1246	0.35441234707832336	0.15434712171554565	-0.2000652253627777
1247	0.35441234707832336	0.15434712171554565	-0.2000652253627777
1248	0.35441234707832336	0.15434712171554565	-0.2000652253627777
1249	0.35441234707832336	0.15434712171554565	-0.2000652253627777
1250	0.35441234707832336	0.15434712171554565	-0.2000652253627777
1251	0.35441234707832336	0.15434712171554565	-0.2000652253627777
1252	0.35441234707832336	0.15434712171554565	-0.2000652253627777
1253	0.35441234707832336	0.15434712171554565	-0.2000652253627777
1254	0.35441234707832336	0.15434712171554565	-0.2000652253627777
1255	0.35441234707832336	0.15434712171554565	-0.2000652253627777
1256	0.35441234707832336	0.15434712171554565	-0.2000652253627777
1257	0.35441234707832336	0.15434712171554565	-0.2000652253627777
1258	0.35441234707832336	0.15434712171554565	-0.2000652253627777
1259	0.35441234707832336	0.15434712171554565	-0.2000652253627777
1260	0.35441234707832336	0.15434712171554565	-0.2000652253627777
1261	0.35441234707832336	0.15434712171554565	-0.2000652253627777
1262	0.35441234707832336	0.15434712171554565	-0.2000652253627777
1263	0.3544122874736786	0.1543470025062561	-0.20006528496742249
1264	0.35441234707832336	0.15434712171554565	-0.2000652253627777
1265	0.35441234707832336	0.15434712171554565	-0.2000652253627777
1266	0.35441234707832336	0.15434712171554565	-0.2000652253627777
1267	0.35441234707832336	0.15434712171554565	-0.2000652253627777
1268	0.35441234707832336	0.15434712171554565	-0.2000652253627777
1269	0.3544122278690338	0.15434688329696655	-0.20006534457206726
1270	0.3544113337993622	0.1543450951576233	-0.2000662386417389
1271	0.3544105589389801	0.15434354543685913	-0.20006701350212097
1272	0.3544100224971771	0.15434247255325317	-0.20006754994392395
1273	0.3544098138809204	0.15434205532073975	-0.20006775856018066
1274	0.3544096350669861	0.1543416976928711	-0.200067937374115
1275	0.3544096350669861	0.1543416976928711	-0.200067937374115
1276	0.3544096052646637	0.15434163808822632	-0.20006796717643738
1277	0.35440948605537415	0.15434139966964722	-0.20006808638572693
1278	0.3544096052646637	0.15434163808822632	-0.20006796717643738
1279	0.3544096052646637	0.15434163808822632	-0.20006796717643738
1280	0.3544096052646637	0.15434163808822632	-0.20006796717643738
1281	0.3544093668460846	0.15434116125106812	-0.20006820559501648
1282	0.35440945625305176	0.15434134006500244	-0.20006811618804932
1283	0.35440948605537415	0.15434139966964722	-0.20006808638572693
1284	0.35440948605537415	0.15434139966964722	-0.20006808638572693
1285	0.35440948605537415	0.15434139966964722	-0.20006808638572693
1286	0.35440951585769653	0.154341459274292	-0.20006805658340454
1287	0.3544093668460846	0.15434116125106812	-0.20006820559501648
1288	0.3544093072414398	0.15434104204177856	-0.20006826519966125
1289	0.3544093668460846	0.15434116125106812	-0.20006820559501648
1290	0.35440942645072937	0.15434128046035767	-0.2000681459903717
1291	0.3544093072414398	0.15434104204177856	-0.20006826519966125
1292	0.3544093370437622	0.15434110164642334	-0.20006823539733887
1293	0.35440924763679504	0.154340922832489	-0.20006832480430603
1294	0.35440927743911743	0.1543409824371338	-0.20006829500198364
1295	0.35440921783447266	0.15434086322784424	-0.20006835460662842
1296	0.3544091582298279	0.1543407440185547	-0.2000684142112732
1297	0.35440924763679504	0.154340922832489	-0.20006832480430603
1298	0.35440921783447266	0.15434086322784424	-0.20006835460662842
1299	0.3544091582298279	0.1543407440185547	-0.2000684142112732
1300	0.35440918803215027	0.15434080362319946	-0.2000683844089508
1301	0.35440918803215027	0.15434080362319946	-0.2000683844089508
1302	0.35440921783447266	0.15434086322784424	-0.20006835460662842
1303	0.3544090688228607	0.15434056520462036	-0.20006850361824036
1304	0.3544091284275055	0.1543406844139099	-0.20006844401359558
1305	0.3544091582298279	0.1543407440185547	-0.2000684142112732
1306	0.3544091582298279	0.1543407440185547	-0.2000684142112732
1307	0.35440918803215027	0.15434080362319946	-0.2000683844089508
1308	0.3544091582298279	0.1543407440185547	-0.2000684142112732
1309	0.3544090986251831	0.15434062480926514	-0.20006847381591797
1310	0.3544090986251831	0.15434062480926514	-0.20006847381591797
1311	0.3544091284275055	0.1543406844139099	-0.20006844401359558
1312	0.3544090688228607	0.15434056520462036	-0.20006850361824036
1313	0.3544090986251831	0.15434062480926514	-0.20006847381591797
1314	0.3544090986251831	0.15434062480926514	-0.20006847381591797
1315	0.3544090688228607	0.15434056520462036	-0.20006850361824036
1316	0.3544091284275055	0.1543406844139099	-0.20006844401359558
1317	0.3544091582298279	0.1543407440185547	-0.2000684142112732
1318	0.3544091582298279	0.1543407440185547	-0.2000684142112732
1319	0.3544091582298279	0.1543407440185547	-0.2000684142112732
1320	0.3544091582298279	0.1543407440185547	-0.2000684142112732
1321	0.3544090986251831	0.15434062480926514	-0.20006847381591797
1322	0.3544090986251831	0.15434062480926514	-0.20006847381591797
1323	0.3544090986251831	0.15434062480926514	-0.20006847381591797
1324	0.3544091284275055	0.1543406844139099	-0.20006844401359558
1325	0.3544090986251831	0.15434062480926514	-0.20006847381591797
1326	0.3544091284275055	0.1543406844139099	-0.20006844401359558
1327	0.3544091284275055	0.1543406844139099	-0.20006844401359558
1328	0.3544090986251831	0.15434062480926514	-0.20006847381591797
1329	0.3544091284275055	0.1543406844139099	-0.20006844401359558
1330	0.3544090986251831	0.15434062480926514	-0.20006847381591797
1331	0.3544091582298279	0.1543407440185547	-0.2000684142112732
1332	0.3544091284275055	0.1543406844139099	-0.20006844401359558
1333	0.3544090986251831	0.15434062480926514	-0.20006847381591797
1334	0.3544091284275055	0.1543406844139099	-0.20006844401359558
1335	0.3544091284275055	0.1543406844139099	-0.20006844401359558
1336	0.3544091582298279	0.1543407440185547	-0.2000684142112732
1337	0.3544091582298279	0.1543407440185547	-0.2000684142112732
1338	0.3544091284275055	0.1543406844139099	-0.20006844401359558
1339	0.3544091582298279	0.1543407440185547	-0.2000684142112732
1340	0.3544091582298279	0.1543407440185547	-0.2000684142112732
1341	0.3544091582298279	0.1543407440185547	-0.2000684142112732
1342	0.3544090986251831	0.15434062480926514	-0.20006847381591797
1343	0.3544090986251831	0.15434062480926514	-0.20006847381591797
1344	0.3544091284275055	0.1543406844139099	-0.20006844401359558
1345	0.3544090986251831	0.15434062480926514	-0.20006847381591797
1346	0.3544090986251831	0.15434062480926514	-0.20006847381591797
1347	0.3544090986251831	0.15434062480926514	-0.20006847381591797
1348	0.3544090986251831	0.15434062480926514	-0.20006847381591797
1349	0.3544090986251831	0.15434062480926514	-0.20006847381591797
1350	0.3544090986251831	0.15434062480926514	-0.20006847381591797
1351	0.3544090986251831	0.15434062480926514	-0.20006847381591797
1352	0.3544090688228607	0.15434056520462036	-0.20006850361824036
1353	0.3544090688228607	0.15434056520462036	-0.20006850361824036
1354	0.3544091284275055	0.1543406844139099	-0.20006844401359558
1355	0.3544091284275055	0.1543406844139099	-0.20006844401359558
1356	0.3544091582298279	0.1543407440185547	-0.2000684142112732
1357	0.3544091582298279	0.1543407440185547	-0.2000684142112732
1358	0.3544090688228607	0.15434056520462036	-0.20006850361824036
1359	0.3544090986251831	0.15434062480926514	-0.20006847381591797
1360	0.3544091284275055	0.1543406844139099	-0.20006844401359558
1361	0.3544091284275055	0.1543406844139099	-0.20006844401359558
1362	0.3544091582298279	0.1543407440185547	-0.2000684142112732
1363	0.3544091582298279	0.1543407440185547	-0.2000684142112732
1364	0.3544091582298279	0.1543407440185547	-0.2000684142112732
1365	0.35440900921821594	0.1543404459953308	-0.20006856322288513
1366	0.3544090986251831	0.15434062480926514	-0.20006847381591797
1367	0.3544090986251831	0.15434062480926514	-0.20006847381591797
1368	0.3544091284275055	0.1543406844139099	-0.20006844401359558
1369	0.3544091284275055	0.1543406844139099	-0.20006844401359558
1370	0.3544091284275055	0.1543406844139099	-0.20006844401359558
1371	0.3544091582298279	0.1543407440185547	-0.2000684142112732
1372	0.3544091582298279	0.1543407440185547	-0.2000684142112732
1373	0.3544090688228607	0.15434056520462036	-0.20006850361824036
1374	0.3544090688228607	0.15434056520462036	-0.20006850361824036
1375	0.3544091582298279	0.1543407440185547	-0.2000684142112732
1376	0.3544091582298279	0.1543407440185547	-0.2000684142112732
1377	0.3544091582298279	0.1543407440185547	-0.2000684142112732
1378	0.3544091582298279	0.1543407440185547	-0.2000684142112732
1379	0.3544091582298279	0.1543407440185547	-0.2000684142112732
1380	0.3544091582298279	0.1543407440185547	-0.2000684142112732
1381	0.3544090986251831	0.15434062480926514	-0.20006847381591797
1382	0.3544090688228607	0.15434056520462036	-0.20006850361824036
1383	0.3544090986251831	0.15434062480926514	-0.20006847381591797
1384	0.3544091284275055	0.1543406844139099	-0.20006844401359558
1385	0.3544091284275055	0.1543406844139099	-0.20006844401359558
1386	0.3544091284275055	0.1543406844139099	-0.20006844401359558
1387	0.3544091284275055	0.1543406844139099	-0.20006844401359558
1388	0.3544090688228607	0.15434056520462036	-0.20006850361824036
1389	0.3544091582298279	0.1543407440185547	-0.2000684142112732
1390	0.3544091582298279	0.1543407440185547	-0.2000684142112732
1391	0.3544091582298279	0.1543407440185547	-0.2000684142112732
1392	0.3544090688228607	0.15434056520462036	-0.20006850361824036
1393	0.35440897941589355	0.15434038639068604	-0.20006859302520752
1394	0.3544090986251831	0.15434062480926514	-0.20006847381591797
1395	0.3544090986251831	0.15434062480926514	-0.20006847381591797
1396	0.3544090986251831	0.15434062480926514	-0.20006847381591797
1397	0.3544090986251831	0.15434062480926514	-0.20006847381591797
1398	0.3544091284275055	0.1543406844139099	-0.20006844401359558
1399	0.3544091284275055	0.1543406844139099	-0.20006844401359558
1400	0.3544090986251831	0.15434062480926514	-0.20006847381591797
1401	0.35440903902053833	0.15434050559997559	-0.20006853342056274
1402	0.3544091284275055	0.1543406844139099	-0.20006844401359558
1403	0.3544091284275055	0.1543406844139099	-0.20006844401359558
1404	0.3544090688228607	0.15434056520462036	-0.20006850361824036
1405	0.3544091284275055	0.1543406844139099	-0.20006844401359558
1406	0.3544090986251831	0.15434062480926514	-0.20006847381591797
1407	0.3544090986251831	0.15434062480926514	-0.20006847381591797
1408	0.3544090986251831	0.15434062480926514	-0.20006847381591797
1409	0.3544090688228607	0.15434056520462036	-0.20006850361824036
1410	0.3544090688228607	0.15434056520462036	-0.20006850361824036
1411	0.3544091284275055	0.1543406844139099	-0.20006844401359558
1412	0.35440900921821594	0.1543404459953308	-0.20006856322288513
1413	0.3544090986251831	0.15434062480926514	-0.20006847381591797
1414	0.3544091284275055	0.1543406844139099	-0.20006844401359558
1415	0.3544091284275055	0.1543406844139099	-0.20006844401359558
1416	0.35440903902053833	0.15434050559997559	-0.20006853342056274
1417	0.3544090688228607	0.15434056520462036	-0.20006850361824036
1418	0.3544090986251831	0.15434062480926514	-0.20006847381591797
1419	0.3544090986251831	0.15434062480926514	-0.20006847381591797
1420	0.3544091284275055	0.1543406844139099	-0.20006844401359558
1421	0.3544091284275055	0.1543406844139099	-0.20006844401359558
1422	0.3544091284275055	0.1543406844139099	-0.20006844401359558
1423	0.3544090688228607	0.15434056520462036	-0.20006850361824036
1424	0.3544091284275055	0.1543406844139099	-0.20006844401359558
1425	0.3544091284275055	0.1543406844139099	-0.20006844401359558
1426	0.3544091284275055	0.1543406844139099	-0.20006844401359558
1427	0.3544091284275055	0.1543406844139099	-0.20006844401359558
1428	0.35440903902053833	0.15434050559997559	-0.20006853342056274
1429	0.3544090986251831	0.15434062480926514	-0.20006847381591797
1430	0.3544090688228607	0.15434056520462036	-0.20006850361824036
1431	0.3544090688228607	0.15434056520462036	-0.20006850361824036
1432	0.3544090986251831	0.15434062480926514	-0.20006847381591797
1433	0.3544090986251831	0.15434062480926514	-0.20006847381591797
1434	0.3544091284275055	0.1543406844139099	-0.20006844401359558
1435	0.3544091284275055	0.1543406844139099	-0.20006844401359558
1436	0.3544091284275055	0.1543406844139099	-0.20006844401359558
1437	0.3544091284275055	0.1543406844139099	-0.20006844401359558
1438	0.3544090688228607	0.15434056520462036	-0.20006850361824036
1439	0.3544090688228607	0.15434056520462036	-0.20006850361824036
1440	0.3544090986251831	0.15434062480926514	-0.20006847381591797
1441	0.3544090688228607	0.15434056520462036	-0.20006850361824036
1442	0.3544091284275055	0.1543406844139099	-0.20006844401359558
1443	0.3544090986251831	0.15434062480926514	-0.20006847381591797
1444	0.35440903902053833	0.15434050559997559	-0.20006853342056274
1445	0.3544091284275055	0.1543406844139099	-0.20006844401359558
1446	0.3544090986251831	0.15434062480926514	-0.20006847381591797
1447	0.3544091284275055	0.1543406844139099	-0.20006844401359558
1448	0.3544090688228607	0.15434056520462036	-0.20006850361824036
1449	0.3544091284275055	0.1543406844139099	-0.20006844401359558
1450	0.3544091284275055	0.1543406844139099	-0.20006844401359558
1451	0.3544091284275055	0.1543406844139099	-0.20006844401359558
1452	0.3544091284275055	0.1543406844139099	-0.20006844401359558
1453	0.3544090688228607	0.15434056520462036	-0.20006850361824036
1454	0.3544091284275055	0.1543406844139099	-0.20006844401359558
1455	0.3544091284275055	0.1543406844139099	-0.20006844401359558
1456	0.3544091284275055	0.1543406844139099	-0.20006844401359558
1457	0.3544090986251831	0.15434062480926514	-0.20006847381591797
1458	0.3544091284275055	0.1543406844139099	-0.20006844401359558
1459	0.35440903902053833	0.15434050559997559	-0.20006853342056274
1460	0.3544090986251831	0.15434062480926514	-0.20006847381591797
1461	0.3544090986251831	0.15434062480926514	-0.20006847381591797
1462	0.3544090986251831	0.15434062480926514	-0.20006847381591797
1463	0.3544091284275055	0.1543406844139099	-0.20006844401359558
1464	0.3544091284275055	0.1543406844139099	-0.20006844401359558
1465	0.3544090688228607	0.15434056520462036	-0.20006850361824036
1466	0.3544090986251831	0.15434062480926514	-0.20006847381591797
1467	0.3544091284275055	0.1543406844139099	-0.20006844401359558
1468	0.35440900921821594	0.1543404459953308	-0.20006856322288513
1469	0.3544090986251831	0.15434062480926514	-0.20006847381591797
1470	0.3544090986251831	0.15434062480926514	-0.20006847381591797
1471	0.3544091284275055	0.1543406844139099	-0.20006844401359558
1472	0.35440903902053833	0.15434050559997559	-0.20006853342056274
1473	0.3544090688228607	0.15434056520462036	-0.20006850361824036
1474	0.3544090986251831	0.15434062480926514	-0.20006847381591797
1475	0.3544090688228607	0.15434056520462036	-0.20006850361824036
1476	0.3544090688228607	0.15434056520462036	-0.20006850361824036
1477	0.3544090688228607	0.15434056520462036	-0.20006850361824036
1478	0.3544090986251831	0.15434062480926514	-0.20006847381591797
1479	0.3544091284275055	0.1543406844139099	-0.20006844401359558
1480	0.3544091284275055	0.1543406844139099	-0.20006844401359558
1481	0.3544090688228607	0.15434056520462036	-0.20006850361824036
1482	0.3544090688228607	0.15434056520462036	-0.20006850361824036
1483	0.3544091284275055	0.1543406844139099	-0.20006844401359558
1484	0.3544091284275055	0.1543406844139099	-0.20006844401359558
1485	0.3544090986251831	0.15434062480926514	-0.20006847381591797
1486	0.3544090688228607	0.15434056520462036	-0.20006850361824036
1487	0.3544090688228607	0.15434056520462036	-0.20006850361824036
1488	0.3544091284275055	0.1543406844139099	-0.20006844401359558
1489	0.3544091284275055	0.1543406844139099	-0.20006844401359558
1490	0.3544091284275055	0.1543406844139099	-0.20006844401359558
1491	0.3544091284275055	0.1543406844139099	-0.20006844401359558
1492	0.3544091284275055	0.1543406844139099	-0.20006844401359558
1493	0.3544091284275055	0.1543406844139099	-0.20006844401359558
1494	0.3544091284275055	0.1543406844139099	-0.20006844401359558
1495	0.3544091284275055	0.1543406844139099	-0.20006844401359558
1496	0.3544090986251831	0.15434062480926514	-0.20006847381591797
1497	0.3544091284275055	0.1543406844139099	-0.20006844401359558
1498	0.35440903902053833	0.15434050559997559	-0.20006853342056274
1499	0.3544090688228607	0.15434056520462036	-0.20006850361824036
1500	0.3544090688228607	0.15434056520462036	-0.20006850361824036
1501	0.3544090688228607	0.15434056520462036	-0.20006850361824036
1502	0.3544090986251831	0.15434062480926514	-0.20006847381591797
1503	0.3544091284275055	0.1543406844139099	-0.20006844401359558
1504	0.3544091284275055	0.1543406844139099	-0.20006844401359558
1505	0.3544091284275055	0.1543406844139099	-0.20006844401359558
1506	0.3544091284275055	0.1543406844139099	-0.20006844401359558
1507	0.3544091284275055	0.1543406844139099	-0.20006844401359558
1508	0.35440903902053833	0.15434050559997559	-0.20006853342056274
1509	0.3544090688228607	0.15434056520462036	-0.20006850361824036
1510	0.3544090986251831	0.15434062480926514	-0.20006847381591797
1511	0.3544091284275055	0.1543406844139099	-0.20006844401359558
1512	0.3544091284275055	0.1543406844139099	-0.20006844401359558
1513	0.3544091284275055	0.1543406844139099	-0.20006844401359558
1514	0.3544091284275055	0.1543406844139099	-0.20006844401359558
1515	0.3544090688228607	0.15434056520462036	-0.20006850361824036
1516	0.3544091284275055	0.1543406844139099	-0.20006844401359558
1517	0.3544091284275055	0.1543406844139099	-0.20006844401359558
1518	0.3544091284275055	0.1543406844139099	-0.20006844401359558
1519	0.35440903902053833	0.15434050559997559	-0.20006853342056274
1520	0.3544090986251831	0.15434062480926514	-0.20006847381591797
1521	0.3544090688228607	0.15434056520462036	-0.20006850361824036
1522	0.3544090986251831	0.15434062480926514	-0.20006847381591797
1523	0.3544090986251831	0.15434062480926514	-0.20006847381591797
1524	0.3544090986251831	0.15434062480926514	-0.20006847381591797
1525	0.3544091284275055	0.1543406844139099	-0.20006844401359558
1526	0.3544091284275055	0.1543406844139099	-0.20006844401359558
1527	0.3544090688228607	0.15434056520462036	-0.20006850361824036
1528	0.35440903902053833	0.15434050559997559	-0.20006853342056274
1529	0.3544091284275055	0.1543406844139099	-0.20006844401359558
1530	0.3544090986251831	0.15434062480926514	-0.20006847381591797
1531	0.3544091284275055	0.1543406844139099	-0.20006844401359558
1532	0.3544091284275055	0.1543406844139099	-0.20006844401359558
1533	0.3544091284275055	0.1543406844139099	-0.20006844401359558
1534	0.35440900921821594	0.1543404459953308	-0.20006856322288513
1535	0.3544091284275055	0.1543406844139099	-0.20006844401359558
1536	0.3544091284275055	0.1543406844139099	-0.20006844401359558
1537	0.3544091284275055	0.1543406844139099	-0.20006844401359558
1538	0.3544091284275055	0.1543406844139099	-0.20006844401359558
1539	0.3544090986251831	0.15434062480926514	-0.20006847381591797
1540	0.35440903902053833	0.15434050559997559	-0.20006853342056274
1541	0.3544091284275055	0.1543406844139099	-0.20006844401359558
1542	0.3544090986251831	0.15434062480926514	-0.20006847381591797
1543	0.3544091284275055	0.1543406844139099	-0.20006844401359558
1544	0.3544091284275055	0.1543406844139099	-0.20006844401359558
1545	0.3544091284275055	0.1543406844139099	-0.20006844401359558
1546	0.35440903902053833	0.15434050559997559	-0.20006853342056274
1547	0.3544091284275055	0.1543406844139099	-0.20006844401359558
1548	0.3544090688228607	0.15434056520462036	-0.20006850361824036
1549	0.3544090986251831	0.15434062480926514	-0.20006847381591797
1550	0.3544090688228607	0.15434056520462036	-0.20006850361824036
1551	0.3544090688228607	0.15434056520462036	-0.20006850361824036
1552	0.3544091284275055	0.1543406844139099	-0.20006844401359558
1553	0.3544091284275055	0.1543406844139099	-0.20006844401359558
1554	0.3544091284275055	0.1543406844139099	-0.20006844401359558
1555	0.3544091284275055	0.1543406844139099	-0.20006844401359558
1556	0.3544090986251831	0.15434062480926514	-0.20006847381591797
1557	0.35440903902053833	0.15434050559997559	-0.20006853342056274
1558	0.3544090986251831	0.15434062480926514	-0.20006847381591797
1559	0.3544090986251831	0.15434062480926514	-0.20006847381591797
1560	0.3544091284275055	0.1543406844139099	-0.20006844401359558
1561	0.3544091284275055	0.1543406844139099	-0.20006844401359558
1562	0.3544091284275055	0.1543406844139099	-0.20006844401359558
1563	0.3544091284275055	0.1543406844139099	-0.20006844401359558
1564	0.3544090688228607	0.15434056520462036	-0.20006850361824036
1565	0.3544090688228607	0.15434056520462036	-0.20006850361824036
1566	0.3544090986251831	0.15434062480926514	-0.20006847381591797
1567	0.3544091284275055	0.1543406844139099	-0.20006844401359558
1568	0.3544091284275055	0.1543406844139099	-0.20006844401359558
1569	0.3544091284275055	0.1543406844139099	-0.20006844401359558
1570	0.3544090986251831	0.15434062480926514	-0.20006847381591797
1571	0.3544091284275055	0.1543406844139099	-0.20006844401359558
1572	0.3544091284275055	0.1543406844139099	-0.20006844401359558
1573	0.3544091284275055	0.1543406844139099	-0.20006844401359558
1574	0.35440903902053833	0.15434050559997559	-0.20006853342056274
1575	0.3544090688228607	0.15434056520462036	-0.20006850361824036
1576	0.3544090986251831	0.15434062480926514	-0.20006847381591797
1577	0.3544090986251831	0.15434062480926514	-0.20006847381591797
1578	0.3544090986251831	0.15434062480926514	-0.20006847381591797
1579	0.3544090986251831	0.15434062480926514	-0.20006847381591797
1580	0.3544090688228607	0.15434056520462036	-0.20006850361824036
1581	0.3544091284275055	0.1543406844139099	-0.20006844401359558
1582	0.3544091284275055	0.1543406844139099	-0.20006844401359558
1583	0.35440903902053833	0.15434050559997559	-0.20006853342056274
1584	0.3544090986251831	0.15434062480926514	-0.20006847381591797
1585	0.3544091284275055	0.1543406844139099	-0.20006844401359558
1586	0.3544090688228607	0.15434056520462036	-0.20006850361824036
1587	0.3544090986251831	0.15434062480926514	-0.20006847381591797
1588	0.3544090688228607	0.15434056520462036	-0.20006850361824036
1589	0.3544090986251831	0.15434062480926514	-0.20006847381591797
1590	0.3544091284275055	0.1543406844139099	-0.20006844401359558
1591	0.3544090986251831	0.15434062480926514	-0.20006847381591797
1592	0.35440897941589355	0.15434038639068604	-0.20006859302520752
1593	0.35440903902053833	0.15434050559997559	-0.20006853342056274
1594	0.3544090986251831	0.15434062480926514	-0.20006847381591797
1595	0.3544091284275055	0.1543406844139099	-0.20006844401359558
1596	0.3544091284275055	0.1543406844139099	-0.20006844401359558
1597	0.3544091284275055	0.1543406844139099	-0.20006844401359558
1598	0.3544091284275055	0.1543406844139099	-0.20006844401359558
1599	0.3544091284275055	0.1543406844139099	-0.20006844401359558
1600	0.3544091284275055	0.1543406844139099	-0.20006844401359558
1601	0.3544091284275055	0.1543406844139099	-0.20006844401359558
1602	0.3544090688228607	0.15434056520462036	-0.20006850361824036
1603	0.3544090986251831	0.15434062480926514	-0.20006847381591797
1604	0.3544090688228607	0.15434056520462036	-0.20006850361824036
1605	0.3544090986251831	0.15434062480926514	-0.20006847381591797
1606	0.35440903902053833	0.15434050559997559	-0.20006853342056274
1607	0.35440903902053833	0.15434050559997559	-0.20006853342056274
1608	0.3544090986251831	0.15434062480926514	-0.20006847381591797
1609	0.3544090986251831	0.15434062480926514	-0.20006847381591797
1610	0.3544091284275055	0.1543406844139099	-0.20006844401359558
1611	0.3544091284275055	0.1543406844139099	-0.20006844401359558
1612	0.3544091284275055	0.1543406844139099	-0.20006844401359558
1613	0.3544091284275055	0.1543406844139099	-0.20006844401359558
1614	0.3544091284275055	0.1543406844139099	-0.20006844401359558
1615	0.3544091284275055	0.1543406844139099	-0.20006844401359558
1616	0.3544091284275055	0.1543406844139099	-0.20006844401359558
1617	0.3544091284275055	0.1543406844139099	-0.20006844401359558
1618	0.3544091284275055	0.1543406844139099	-0.20006844401359558
1619	0.3544090688228607	0.15434056520462036	-0.20006850361824036
1620	0.3544090688228607	0.15434056520462036	-0.20006850361824036
1621	0.3544090688228607	0.15434056520462036	-0.20006850361824036
1622	0.3544090986251831	0.15434062480926514	-0.20006847381591797
1623	0.3544090986251831	0.15434062480926514	-0.20006847381591797
1624	0.3544090986251831	0.15434062480926514	-0.20006847381591797
1625	0.3544090986251831	0.15434062480926514	-0.20006847381591797
1626	0.3544090986251831	0.15434062480926514	-0.20006847381591797
1627	0.3544090986251831	0.15434062480926514	-0.20006847381591797
1628	0.3544091284275055	0.1543406844139099	-0.20006844401359558
1629	0.3544090688228607	0.15434056520462036	-0.20006850361824036
1630	0.3544090688228607	0.15434056520462036	-0.20006850361824036
1631	0.35440903902053833	0.15434050559997559	-0.20006853342056274
1632	0.3544090688228607	0.15434056520462036	-0.20006850361824036
1633	0.3544090986251831	0.15434062480926514	-0.20006847381591797
1634	0.3544090986251831	0.15434062480926514	-0.20006847381591797
1635	0.3544091284275055	0.1543406844139099	-0.20006844401359558
1636	0.3544090986251831	0.15434062480926514	-0.20006847381591797
1637	0.3544090688228607	0.15434056520462036	-0.20006850361824036
1638	0.3544090986251831	0.15434062480926514	-0.20006847381591797
1639	0.3544090986251831	0.15434062480926514	-0.20006847381591797
1640	0.3544091284275055	0.1543406844139099	-0.20006844401359558
1641	0.3544091284275055	0.1543406844139099	-0.20006844401359558
1642	0.3544091284275055	0.1543406844139099	-0.20006844401359558
1643	0.3544091284275055	0.1543406844139099	-0.20006844401359558
1644	0.3544091284275055	0.1543406844139099	-0.20006844401359558
1645	0.3544091284275055	0.1543406844139099	-0.20006844401359558
1646	0.3544091284275055	0.1543406844139099	-0.20006844401359558
1647	0.3544090688228607	0.15434056520462036	-0.20006850361824036
1648	0.3544090986251831	0.15434062480926514	-0.20006847381591797
1649	0.3544090986251831	0.15434062480926514	-0.20006847381591797
1650	0.3544090986251831	0.15434062480926514	-0.20006847381591797
1651	0.3544090688228607	0.15434056520462036	-0.20006850361824036
1652	0.3544090986251831	0.15434062480926514	-0.20006847381591797
1653	0.3544090986251831	0.15434062480926514	-0.20006847381591797
1654	0.3544091284275055	0.1543406844139099	-0.20006844401359558
1655	0.35440903902053833	0.15434050559997559	-0.20006853342056274
1656	0.3544090986251831	0.15434062480926514	-0.20006847381591797
1657	0.3544091284275055	0.1543406844139099	-0.20006844401359558
1658	0.3544091284275055	0.1543406844139099	-0.20006844401359558
1659	0.3544091284275055	0.1543406844139099	-0.20006844401359558
1660	0.3544091284275055	0.1543406844139099	-0.20006844401359558
1661	0.3544091284275055	0.1543406844139099	-0.20006844401359558
1662	0.3544091284275055	0.1543406844139099	-0.20006844401359558
1663	0.3544091284275055	0.1543406844139099	-0.20006844401359558
1664	0.3544091284275055	0.1543406844139099	-0.20006844401359558
1665	0.3544091284275055	0.1543406844139099	-0.20006844401359558
1666	0.3544091284275055	0.1543406844139099	-0.20006844401359558
1667	0.3544090688228607	0.15434056520462036	-0.20006850361824036
1668	0.3544091284275055	0.1543406844139099	-0.20006844401359558
1669	0.3544091284275055	0.1543406844139099	-0.20006844401359558
1670	0.3544091284275055	0.1543406844139099	-0.20006844401359558
1671	0.3544091284275055	0.1543406844139099	-0.20006844401359558
1672	0.3544091284275055	0.1543406844139099	-0.20006844401359558
1673	0.3544091284275055	0.1543406844139099	-0.20006844401359558
1674	0.3544091284275055	0.1543406844139099	-0.20006844401359558
1675	0.35440900921821594	0.1543404459953308	-0.20006856322288513
1676	0.3544090986251831	0.15434062480926514	-0.20006847381591797
1677	0.3544090688228607	0.15434056520462036	-0.20006850361824036
1678	0.3544090986251831	0.15434062480926514	-0.20006847381591797
1679	0.3544091284275055	0.1543406844139099	-0.20006844401359558
1680	0.3544091284275055	0.1543406844139099	-0.20006844401359558
1681	0.3544090688228607	0.15434056520462036	-0.20006850361824036
1682	0.3544090688228607	0.15434056520462036	-0.20006850361824036
1683	0.3544090688228607	0.15434056520462036	-0.20006850361824036
1684	0.3544091284275055	0.1543406844139099	-0.20006844401359558
1685	0.3544091284275055	0.1543406844139099	-0.20006844401359558
1686	0.3544091284275055	0.1543406844139099	-0.20006844401359558
1687	0.3544090688228607	0.15434056520462036	-0.20006850361824036
1688	0.3544090688228607	0.15434056520462036	-0.20006850361824036
1689	0.3544090688228607	0.15434056520462036	-0.20006850361824036
1690	0.3544090688228607	0.15434056520462036	-0.20006850361824036
1691	0.3544090688228607	0.15434056520462036	-0.20006850361824036
1692	0.3544091284275055	0.1543406844139099	-0.20006844401359558
1693	0.3544091284275055	0.1543406844139099	-0.20006844401359558
1694	0.35440900921821594	0.1543404459953308	-0.20006856322288513
1695	0.3544090986251831	0.15434062480926514	-0.20006847381591797
1696	0.3544091284275055	0.1543406844139099	-0.20006844401359558
1697	0.3544091284275055	0.1543406844139099	-0.20006844401359558
1698	0.3544090688228607	0.15434056520462036	-0.20006850361824036
1699	0.3544090688228607	0.15434056520462036	-0.20006850361824036
1700	0.3544091284275055	0.1543406844139099	-0.20006844401359558
1701	0.3544090986251831	0.15434062480926514	-0.20006847381591797
1702	0.3544091284275055	0.1543406844139099	-0.20006844401359558
1703	0.3544091284275055	0.1543406844139099	-0.20006844401359558
1704	0.35440903902053833	0.15434050559997559	-0.20006853342056274
1705	0.3544090986251831	0.15434062480926514	-0.20006847381591797
1706	0.3544090986251831	0.15434062480926514	-0.20006847381591797
1707	0.3544091284275055	0.1543406844139099	-0.20006844401359558
1708	0.3544091284275055	0.1543406844139099	-0.20006844401359558
1709	0.3544091284275055	0.1543406844139099	-0.20006844401359558
1710	0.3544091284275055	0.1543406844139099	-0.20006844401359558
1711	0.3544091284275055	0.1543406844139099	-0.20006844401359558
1712	0.3544091284275055	0.1543406844139099	-0.20006844401359558
1713	0.3544090986251831	0.15434062480926514	-0.20006847381591797
1714	0.35440903902053833	0.15434050559997559	-0.20006853342056274
1715	0.35440900921821594	0.1543404459953308	-0.20006856322288513
1716	0.3544090688228607	0.15434056520462036	-0.20006850361824036
1717	0.3544091284275055	0.1543406844139099	-0.20006844401359558
1718	0.3544091284275055	0.1543406844139099	-0.20006844401359558
1719	0.3544090688228607	0.15434056520462036	-0.20006850361824036
1720	0.3544090688228607	0.15434056520462036	-0.20006850361824036
1721	0.35440900921821594	0.1543404459953308	-0.20006856322288513
1722	0.35440903902053833	0.15434050559997559	-0.20006853342056274
1723	0.3544090986251831	0.15434062480926514	-0.20006847381591797
1724	0.3544090986251831	0.15434062480926514	-0.20006847381591797
1725	0.3544091284275055	0.1543406844139099	-0.20006844401359558
1726	0.3544090688228607	0.15434056520462036	-0.20006850361824036
1727	0.3544090688228607	0.15434056520462036	-0.20006850361824036
1728	0.3544090986251831	0.15434062480926514	-0.20006847381591797
1729	0.3544091284275055	0.1543406844139099	-0.20006844401359558
1730	0.3544091284275055	0.1543406844139099	-0.20006844401359558
1731	0.3544090688228607	0.15434056520462036	-0.20006850361824036
1732	0.3544091284275055	0.1543406844139099	-0.20006844401359558
1733	0.3544090688228607	0.15434056520462036	-0.20006850361824036
1734	0.3544091284275055	0.1543406844139099	-0.20006844401359558
1735	0.3544091284275055	0.1543406844139099	-0.20006844401359558
1736	0.3544091284275055	0.1543406844139099	-0.20006844401359558
1737	0.3544090688228607	0.15434056520462036	-0.20006850361824036
1738	0.3544090986251831	0.15434062480926514	-0.20006847381591797
1739	0.3544091284275055	0.1543406844139099	-0.20006844401359558
1740	0.3544091284275055	0.1543406844139099	-0.20006844401359558
1741	0.35440903902053833	0.15434050559997559	-0.20006853342056274
1742	0.3544091284275055	0.1543406844139099	-0.20006844401359558
1743	0.3544090986251831	0.15434062480926514	-0.20006847381591797
1744	0.3544091284275055	0.1543406844139099	-0.20006844401359558
1745	0.3544091284275055	0.1543406844139099	-0.20006844401359558
1746	0.3544090688228607	0.15434056520462036	-0.20006850361824036
1747	0.3544091284275055	0.1543406844139099	-0.20006844401359558
1748	0.3544091284275055	0.1543406844139099	-0.20006844401359558
1749	0.3544091284275055	0.1543406844139099	-0.20006844401359558
1750	0.35440903902053833	0.15434050559997559	-0.20006853342056274
1751	0.3544091284275055	0.1543406844139099	-0.20006844401359558
1752	0.3544091284275055	0.1543406844139099	-0.20006844401359558
1753	0.3544090986251831	0.15434062480926514	-0.20006847381591797
1754	0.3544090688228607	0.15434056520462036	-0.20006850361824036
1755	0.3544090688228607	0.15434056520462036	-0.20006850361824036
1756	0.3544090688228607	0.15434056520462036	-0.20006850361824036
1757	0.3544090688228607	0.15434056520462036	-0.20006850361824036
1758	0.3544090688228607	0.15434056520462036	-0.20006850361824036
1759	0.3544090986251831	0.15434062480926514	-0.20006847381591797
1760	0.3544090986251831	0.15434062480926514	-0.20006847381591797
1761	0.3544090986251831	0.15434062480926514	-0.20006847381591797
1762	0.3544091284275055	0.1543406844139099	-0.20006844401359558
1763	0.3544090688228607	0.15434056520462036	-0.20006850361824036
1764	0.3544090986251831	0.15434062480926514	-0.20006847381591797
1765	0.3544091284275055	0.1543406844139099	-0.20006844401359558
1766	0.3544090688228607	0.15434056520462036	-0.20006850361824036
1767	0.35440900921821594	0.1543404459953308	-0.20006856322288513
1768	0.3544090986251831	0.15434062480926514	-0.20006847381591797
1769	0.3544090986251831	0.15434062480926514	-0.20006847381591797
1770	0.3544091284275055	0.1543406844139099	-0.20006844401359558
1771	0.3544091284275055	0.1543406844139099	-0.20006844401359558
1772	0.3544090986251831	0.15434062480926514	-0.20006847381591797
1773	0.3544091284275055	0.1543406844139099	-0.20006844401359558
1774	0.3544091284275055	0.1543406844139099	-0.20006844401359558
1775	0.3544090688228607	0.15434056520462036	-0.20006850361824036
1776	0.35440903902053833	0.15434050559997559	-0.20006853342056274
1777	0.35440894961357117	0.15434032678604126	-0.2000686228275299
1778	0.3544089198112488	0.15434026718139648	-0.2000686526298523
1779	0.35440894961357117	0.15434032678604126	-0.2000686228275299
1780	0.3544089198112488	0.15434026718139648	-0.2000686526298523
1781	0.3544088304042816	0.15434008836746216	-0.20006874203681946
1782	0.3544088304042816	0.15434008836746216	-0.20006874203681946
1783	0.354408860206604	0.15434014797210693	-0.20006871223449707
1784	0.3544088304042816	0.15434008836746216	-0.20006874203681946
1785	0.35440874099731445	0.15433990955352783	-0.20006883144378662
1786	0.35440877079963684	0.1543399691581726	-0.20006880164146423
1787	0.3544088304042816	0.15434008836746216	-0.20006874203681946
1788	0.3544088304042816	0.15434008836746216	-0.20006874203681946
1789	0.35440880060195923	0.15434002876281738	-0.20006877183914185
1790	0.35440874099731445	0.15433990955352783	-0.20006883144378662
1791	0.35440880060195923	0.15434002876281738	-0.20006877183914185
1792	0.35440880060195923	0.15434002876281738	-0.20006877183914185
1793	0.35440880060195923	0.15434002876281738	-0.20006877183914185
1794	0.35440871119499207	0.15433984994888306	-0.200068861246109
1795	0.35440877079963684	0.1543399691581726	-0.20006880164146423
1796	0.35440877079963684	0.1543399691581726	-0.20006880164146423
1797	0.35440877079963684	0.1543399691581726	-0.20006880164146423
1798	0.35440880060195923	0.15434002876281738	-0.20006877183914185
1799	0.35440880060195923	0.15434002876281738	-0.20006877183914185
1800	0.35440880060195923	0.15434002876281738	-0.20006877183914185
1801	0.35440880060195923	0.15434002876281738	-0.20006877183914185
1802	0.35440880060195923	0.15434002876281738	-0.20006877183914185
1803	0.35440871119499207	0.15433984994888306	-0.200068861246109
1804	0.35440874099731445	0.15433990955352783	-0.20006883144378662
1805	0.35440880060195923	0.15434002876281738	-0.20006877183914185
1806	0.35440880060195923	0.15434002876281738	-0.20006877183914185
1807	0.35440877079963684	0.1543399691581726	-0.20006880164146423
1808	0.35440880060195923	0.15434002876281738	-0.20006877183914185
1809	0.35440880060195923	0.15434002876281738	-0.20006877183914185
1810	0.35440880060195923	0.15434002876281738	-0.20006877183914185
1811	0.35440880060195923	0.15434002876281738	-0.20006877183914185
1812	0.35440877079963684	0.1543399691581726	-0.20006880164146423
1813	0.35440880060195923	0.15434002876281738	-0.20006877183914185
1814	0.3544088304042816	0.15434008836746216	-0.20006874203681946
1815	0.3544088304042816	0.15434008836746216	-0.20006874203681946
1816	0.35440877079963684	0.1543399691581726	-0.20006880164146423
1817	0.3544088304042816	0.15434008836746216	-0.20006874203681946
1818	0.3544088304042816	0.15434008836746216	-0.20006874203681946
1819	0.3544088304042816	0.15434008836746216	-0.20006874203681946
1820	0.3544088304042816	0.15434008836746216	-0.20006874203681946
1821	0.3544088304042816	0.15434008836746216	-0.20006874203681946
1822	0.3544088304042816	0.15434008836746216	-0.20006874203681946
1823	0.35440871119499207	0.15433984994888306	-0.200068861246109
1824	0.35440880060195923	0.15434002876281738	-0.20006877183914185
1825	0.35440874099731445	0.15433990955352783	-0.20006883144378662
1826	0.35440874099731445	0.15433990955352783	-0.20006883144378662
1827	0.35440877079963684	0.1543399691581726	-0.20006880164146423
1828	0.35440874099731445	0.15433990955352783	-0.20006883144378662
1829	0.35440880060195923	0.15434002876281738	-0.20006877183914185
1830	0.35440880060195923	0.15434002876281738	-0.20006877183914185
1831	0.35440880060195923	0.15434002876281738	-0.20006877183914185
1832	0.35440880060195923	0.15434002876281738	-0.20006877183914185
1833	0.35440880060195923	0.15434002876281738	-0.20006877183914185
1834	0.35440871119499207	0.15433984994888306	-0.200068861246109
1835	0.35440880060195923	0.15434002876281738	-0.20006877183914185
1836	0.35440880060195923	0.15434002876281738	-0.20006877183914185
1837	0.35440880060195923	0.15434002876281738	-0.20006877183914185
1838	0.35440877079963684	0.1543399691581726	-0.20006880164146423
1839	0.35440877079963684	0.1543399691581726	-0.20006880164146423
1840	0.35440880060195923	0.15434002876281738	-0.20006877183914185
1841	0.35440877079963684	0.1543399691581726	-0.20006880164146423
1842	0.35440880060195923	0.15434002876281738	-0.20006877183914185
1843	0.35440880060195923	0.15434002876281738	-0.20006877183914185
1844	0.35440874099731445	0.15433990955352783	-0.20006883144378662
1845	0.35440880060195923	0.15434002876281738	-0.20006877183914185
1846	0.35440880060195923	0.15434002876281738	-0.20006877183914185
1847	0.35440880060195923	0.15434002876281738	-0.20006877183914185
1848	0.35440877079963684	0.1543399691581726	-0.20006880164146423
1849	0.35440880060195923	0.15434002876281738	-0.20006877183914185
1850	0.35440880060195923	0.15434002876281738	-0.20006877183914185
1851	0.35440871119499207	0.15433984994888306	-0.200068861246109
1852	0.35440877079963684	0.1543399691581726	-0.20006880164146423
1853	0.35440877079963684	0.1543399691581726	-0.20006880164146423
1854	0.3544086813926697	0.15433979034423828	-0.2000688910484314
1855	0.35440877079963684	0.1543399691581726	-0.20006880164146423
1856	0.35440877079963684	0.1543399691581726	-0.20006880164146423
1857	0.35440877079963684	0.1543399691581726	-0.20006880164146423
1858	0.35440880060195923	0.15434002876281738	-0.20006877183914185
1859	0.35440871119499207	0.15433984994888306	-0.200068861246109
1860	0.35440880060195923	0.15434002876281738	-0.20006877183914185
1861	0.35440877079963684	0.1543399691581726	-0.20006880164146423
1862	0.35440880060195923	0.15434002876281738	-0.20006877183914185
1863	0.35440880060195923	0.15434002876281738	-0.20006877183914185
1864	0.35440880060195923	0.15434002876281738	-0.20006877183914185
1865	0.35440880060195923	0.15434002876281738	-0.20006877183914185
1866	0.35440880060195923	0.15434002876281738	-0.20006877183914185
1867	0.35440880060195923	0.15434002876281738	-0.20006877183914185
1868	0.35440880060195923	0.15434002876281738	-0.20006877183914185
1869	0.35440880060195923	0.15434002876281738	-0.20006877183914185
1870	0.35440880060195923	0.15434002876281738	-0.20006877183914185
1871	0.35440880060195923	0.15434002876281738	-0.20006877183914185
1872	0.35440880060195923	0.15434002876281738	-0.20006877183914185
1873	0.35440880060195923	0.15434002876281738	-0.20006877183914185
1874	0.35440880060195923	0.15434002876281738	-0.20006877183914185
1875	0.35440880060195923	0.15434002876281738	-0.20006877183914185
1876	0.35440874099731445	0.15433990955352783	-0.20006883144378662
1877	0.35440880060195923	0.15434002876281738	-0.20006877183914185
1878	0.35440880060195923	0.15434002876281738	-0.20006877183914185
1879	0.35440880060195923	0.15434002876281738	-0.20006877183914185
1880	0.35440880060195923	0.15434002876281738	-0.20006877183914185
1881	0.35440880060195923	0.15434002876281738	-0.20006877183914185
1882	0.35440880060195923	0.15434002876281738	-0.20006877183914185
1883	0.35440880060195923	0.15434002876281738	-0.20006877183914185
1884	0.3544088304042816	0.15434008836746216	-0.20006874203681946
1885	0.3544088304042816	0.15434008836746216	-0.20006874203681946
1886	0.3544088304042816	0.15434008836746216	-0.20006874203681946
1887	0.3544088304042816	0.15434008836746216	-0.20006874203681946
1888	0.3544088304042816	0.15434008836746216	-0.20006874203681946
1889	0.3544088304042816	0.15434008836746216	-0.20006874203681946
1890	0.3544088304042816	0.15434008836746216	-0.20006874203681946
1891	0.3544088304042816	0.15434008836746216	-0.20006874203681946
1892	0.3544088304042816	0.15434008836746216	-0.20006874203681946
1893	0.3544088304042816	0.15434008836746216	-0.20006874203681946
1894	0.3544088304042816	0.15434008836746216	-0.20006874203681946
1895	0.3544088304042816	0.15434008836746216	-0.20006874203681946
1896	0.35440880060195923	0.15434002876281738	-0.20006877183914185
1897	0.35440880060195923	0.15434002876281738	-0.20006877183914185
1898	0.3544088304042816	0.15434008836746216	-0.20006874203681946
1899	0.35440877079963684	0.1543399691581726	-0.20006880164146423
1900	0.3544088304042816	0.15434008836746216	-0.20006874203681946
1901	0.35440880060195923	0.15434002876281738	-0.20006877183914185
1902	0.3544088304042816	0.15434008836746216	-0.20006874203681946
1903	0.3544088304042816	0.15434008836746216	-0.20006874203681946
1904	0.3544088304042816	0.15434008836746216	-0.20006874203681946
1905	0.3544088304042816	0.15434008836746216	-0.20006874203681946
1906	0.3544088304042816	0.15434008836746216	-0.20006874203681946
1907	0.3544088304042816	0.15434008836746216	-0.20006874203681946
1908	0.35440874099731445	0.15433990955352783	-0.20006883144378662
1909	0.35440874099731445	0.15433990955352783	-0.20006883144378662
1910	0.35440877079963684	0.1543399691581726	-0.20006880164146423
1911	0.35440877079963684	0.1543399691581726	-0.20006880164146423
1912	0.35440877079963684	0.1543399691581726	-0.20006880164146423
1913	0.35440877079963684	0.1543399691581726	-0.20006880164146423
1914	0.35440877079963684	0.1543399691581726	-0.20006880164146423
1915	0.35440877079963684	0.1543399691581726	-0.20006880164146423
1916	0.35440874099731445	0.15433990955352783	-0.20006883144378662
1917	0.35440874099731445	0.15433990955352783	-0.20006883144378662
1918	0.35440874099731445	0.15433990955352783	-0.20006883144378662
1919	0.35440874099731445	0.15433990955352783	-0.20006883144378662
1920	0.35440877079963684	0.1543399691581726	-0.20006880164146423
1921	0.35440880060195923	0.15434002876281738	-0.20006877183914185
1922	0.35440871119499207	0.15433984994888306	-0.200068861246109
1923	0.35440877079963684	0.1543399691581726	-0.20006880164146423
1924	0.35440880060195923	0.15434002876281738	-0.20006877183914185
1925	0.35440880060195923	0.15434002876281738	-0.20006877183914185
1926	0.35440880060195923	0.15434002876281738	-0.20006877183914185
1927	0.35440880060195923	0.15434002876281738	-0.20006877183914185
1928	0.35440880060195923	0.15434002876281738	-0.20006877183914185
1929	0.35440874099731445	0.15433990955352783	-0.20006883144378662
1930	0.35440877079963684	0.1543399691581726	-0.20006880164146423
1931	0.35440877079963684	0.1543399691581726	-0.20006880164146423
1932	0.35440877079963684	0.1543399691581726	-0.20006880164146423
1933	0.35440877079963684	0.1543399691581726	-0.20006880164146423
1934	0.35440880060195923	0.15434002876281738	-0.20006877183914185
1935	0.35440880060195923	0.15434002876281738	-0.20006877183914185
1936	0.35440880060195923	0.15434002876281738	-0.20006877183914185
1937	0.35440880060195923	0.15434002876281738	-0.20006877183914185
1938	0.35440880060195923	0.15434002876281738	-0.20006877183914185
1939	0.35440880060195923	0.15434002876281738	-0.20006877183914185
1940	0.35440880060195923	0.15434002876281738	-0.20006877183914185
1941	0.35440880060195923	0.15434002876281738	-0.20006877183914185
1942	0.35440874099731445	0.15433990955352783	-0.20006883144378662
1943	0.35440877079963684	0.1543399691581726	-0.20006880164146423
1944	0.35440877079963684	0.1543399691581726	-0.20006880164146423
1945	0.35440880060195923	0.15434002876281738	-0.20006877183914185
1946	0.35440877079963684	0.1543399691581726	-0.20006880164146423
1947	0.35440877079963684	0.1543399691581726	-0.20006880164146423
1948	0.35440874099731445	0.15433990955352783	-0.20006883144378662
1949	0.35440877079963684	0.1543399691581726	-0.20006880164146423
1950	0.35440874099731445	0.15433990955352783	-0.20006883144378662
1951	0.35440877079963684	0.1543399691581726	-0.20006880164146423
1952	0.35440877079963684	0.1543399691581726	-0.20006880164146423
1953	0.35440880060195923	0.15434002876281738	-0.20006877183914185
1954	0.35440880060195923	0.15434002876281738	-0.20006877183914185
1955	0.35440880060195923	0.15434002876281738	-0.20006877183914185
1956	0.35440880060195923	0.15434002876281738	-0.20006877183914185
1957	0.35440880060195923	0.15434002876281738	-0.20006877183914185
1958	0.35440880060195923	0.15434002876281738	-0.20006877183914185
1959	0.35440880060195923	0.15434002876281738	-0.20006877183914185
1960	0.35440877079963684	0.1543399691581726	-0.20006880164146423
1961	0.35440880060195923	0.15434002876281738	-0.20006877183914185
1962	0.35440880060195923	0.15434002876281738	-0.20006877183914185
1963	0.35440880060195923	0.15434002876281738	-0.20006877183914185
1964	0.35440880060195923	0.15434002876281738	-0.20006877183914185
1965	0.35440880060195923	0.15434002876281738	-0.20006877183914185
1966	0.35440880060195923	0.15434002876281738	-0.20006877183914185
1967	0.35440880060195923	0.15434002876281738	-0.20006877183914185
1968	0.35440880060195923	0.15434002876281738	-0.20006877183914185
1969	0.35440880060195923	0.15434002876281738	-0.20006877183914185
1970	0.35440871119499207	0.15433984994888306	-0.200068861246109
1971	0.35440877079963684	0.1543399691581726	-0.20006880164146423
1972	0.35440880060195923	0.15434002876281738	-0.20006877183914185
1973	0.35440880060195923	0.15434002876281738	-0.20006877183914185
1974	0.35440880060195923	0.15434002876281738	-0.20006877183914185
1975	0.35440880060195923	0.15434002876281738	-0.20006877183914185
1976	0.35440880060195923	0.15434002876281738	-0.20006877183914185
1977	0.35440877079963684	0.1543399691581726	-0.20006880164146423
1978	0.35440880060195923	0.15434002876281738	-0.20006877183914185
1979	0.35440877079963684	0.1543399691581726	-0.20006880164146423
1980	0.35440874099731445	0.15433990955352783	-0.20006883144378662
1981	0.35440874099731445	0.15433990955352783	-0.20006883144378662
1982	0.35440877079963684	0.1543399691581726	-0.20006880164146423
1983	0.35440874099731445	0.15433990955352783	-0.20006883144378662
1984	0.35440880060195923	0.15434002876281738	-0.20006877183914185
1985	0.35440880060195923	0.15434002876281738	-0.20006877183914185
1986	0.35440880060195923	0.15434002876281738	-0.20006877183914185
1987	0.35440880060195923	0.15434002876281738	-0.20006877183914185
1988	0.35440874099731445	0.15433990955352783	-0.20006883144378662
1989	0.35440880060195923	0.15434002876281738	-0.20006877183914185
1990	0.35440880060195923	0.15434002876281738	-0.20006877183914185
1991	0.35440880060195923	0.15434002876281738	-0.20006877183914185
1992	0.35440874099731445	0.15433990955352783	-0.20006883144378662
1993	0.35440877079963684	0.1543399691581726	-0.20006880164146423
1994	0.35440877079963684	0.1543399691581726	-0.20006880164146423
1995	0.35440880060195923	0.15434002876281738	-0.20006877183914185
1996	0.35440880060195923	0.15434002876281738	-0.20006877183914185
1997	0.35440880060195923	0.15434002876281738	-0.20006877183914185
1998	0.35440880060195923	0.15434002876281738	-0.20006877183914185
1999	0.35440880060195923	0.15434002876281738	-0.20006877183914185
2000	0.35440880060195923	0.15434002876281738	-0.20006877183914185

Best Loss: 0.3544086813926697

Training Time (seconds): 524.5207035889907
