Iteration	Loss (h)	Total Cost (f)	Cost g
1	0.48322752118110657	0.48322752118110657	0
2	0.47034528851509094	0.4574630558490753	-0.012882232666015625
3	0.46701860427856445	0.45080968737602234	-0.016208916902542114
4	0.4592372179031372	0.43524691462516785	-0.02399030327796936
5	0.4515376687049866	0.4198478162288666	-0.031689852476119995
6	0.44666585326194763	0.4101041853427887	-0.036561667919158936
7	0.4415571987628937	0.3998868763446808	-0.04167032241821289
8	0.4408038258552551	0.3983801305294037	-0.04242369532585144
9	0.4404136538505554	0.3975997865200043	-0.04281386733055115
10	0.43985411524772644	0.3964807093143463	-0.04337340593338013
11	0.43791189789772034	0.3925962746143341	-0.04531562328338623
12	0.4376651346683502	0.39210274815559387	-0.04556238651275635
13	0.4372781813144684	0.3913288414478302	-0.045949339866638184
14	0.43715667724609375	0.39108583331108093	-0.04607084393501282
15	0.4369635581970215	0.3906995952129364	-0.04626396298408508
16	0.43672415614128113	0.3902207911014557	-0.04650336503982544
17	0.436641126871109	0.39005473256111145	-0.04658639430999756
18	0.4363301396369934	0.38943275809288025	-0.04689738154411316
19	0.43614983558654785	0.38907214999198914	-0.047077685594558716
20	0.4359361529350281	0.3886447846889496	-0.04729136824607849
21	0.4357757866382599	0.3883240520954132	-0.04745173454284668
22	0.43558186292648315	0.38793620467185974	-0.04764565825462341
23	0.4354516267776489	0.3876757323741913	-0.04777589440345764
24	0.4353722333908081	0.38751694560050964	-0.04785528779029846
25	0.4335411787033081	0.38385483622550964	-0.04968634247779846
26	0.43279317021369934	0.3823588192462921	-0.05043435096740723
27	0.43181920051574707	0.3804108798503876	-0.0514083206653595
28	0.430484414100647	0.3777413070201874	-0.052743107080459595
29	0.43010321259498596	0.37697890400886536	-0.053124308586120605
30	0.42983192205429077	0.376436322927475	-0.053395599126815796
31	0.4281299412250519	0.3730323612689972	-0.05509757995605469
32	0.4274587333202362	0.37168994545936584	-0.05576878786087036
33	0.4266420006752014	0.37005648016929626	-0.05658552050590515
34	0.42555925250053406	0.36789098381996155	-0.05766826868057251
35	0.42520350217819214	0.3671794831752777	-0.05802401900291443
36	0.4248967170715332	0.36656591296195984	-0.058330804109573364
37	0.4240904748439789	0.3649534285068512	-0.059137046337127686
38	0.42354634404182434	0.3638651669025421	-0.05968117713928223
39	0.42316386103630066	0.36310020089149475	-0.06006366014480591
40	0.42293086647987366	0.36263421177864075	-0.06029665470123291
41	0.42259514331817627	0.36196276545524597	-0.0606323778629303
42	0.42208051681518555	0.3609335124492645	-0.06114700436592102
43	0.42154833674430847	0.3598691523075104	-0.061679184436798096
44	0.4213201403617859	0.3594127595424652	-0.06190738081932068
45	0.42105233669281006	0.35887715220451355	-0.06217518448829651
46	0.42064714431762695	0.35806676745414734	-0.06258037686347961
47	0.42019563913345337	0.35716375708580017	-0.0630318820476532
48	0.41972339153289795	0.35621926188468933	-0.06350412964820862
49	0.4194645881652832	0.35570165514945984	-0.06376293301582336
50	0.4191789925098419	0.35513046383857727	-0.06404852867126465
51	0.41890808939933777	0.35458865761756897	-0.0643194317817688
52	0.4183197319507599	0.3534119427204132	-0.06490778923034668
53	0.41805195808410645	0.3528763949871063	-0.06517556309700012
54	0.41774892807006836	0.35227033495903015	-0.06547859311103821
55	0.4175216257572174	0.35181573033332825	-0.06570589542388916
56	0.41720113158226013	0.3511747419834137	-0.06602638959884644
57	0.41689178347587585	0.35055604577064514	-0.06633573770523071
58	0.41660112142562866	0.34997472167015076	-0.0666263997554779
59	0.41626250743865967	0.34929749369621277	-0.0669650137424469
60	0.4160494804382324	0.3488714396953583	-0.06717804074287415
61	0.41566628217697144	0.3481050431728363	-0.06756123900413513
62	0.41536155343055725	0.34749558568000793	-0.06786596775054932
63	0.4150790274143219	0.34693053364753723	-0.06814849376678467
64	0.4148697257041931	0.34651193022727966	-0.06835779547691345
65	0.414666086435318	0.3461046516895294	-0.06856143474578857
66	0.41426700353622437	0.34530648589134216	-0.0689605176448822
67	0.4139972925186157	0.3447670638561249	-0.06923022866249084
68	0.4137249290943146	0.3442223370075226	-0.06950259208679199
69	0.41347476840019226	0.34372201561927795	-0.0697527527809143
70	0.4130614995956421	0.3428954780101776	-0.07016602158546448
71	0.41259390115737915	0.34196028113365173	-0.07063362002372742
72	0.4121648073196411	0.34110209345817566	-0.07106271386146545
73	0.41187041997909546	0.34051331877708435	-0.07135710120201111
74	0.411672443151474	0.34011736512184143	-0.07155507802963257
75	0.4114571213722229	0.33968672156333923	-0.07177039980888367
76	0.4113265573978424	0.33942559361457825	-0.07190096378326416
77	0.411085844039917	0.3389441668987274	-0.07214167714118958
78	0.41073665022850037	0.33824577927589417	-0.0724908709526062
79	0.41055628657341003	0.3378850519657135	-0.07267123460769653
80	0.4103245735168457	0.33742162585258484	-0.07290294766426086
81	0.41008076071739197	0.33693400025367737	-0.0731467604637146
82	0.4098314642906189	0.3364354074001312	-0.07339605689048767
83	0.40963760018348694	0.3360476791858673	-0.07358992099761963
84	0.40941107273101807	0.33559462428092957	-0.0738164484500885
85	0.4092682898044586	0.33530905842781067	-0.07395923137664795
86	0.4090552031993866	0.3348828852176666	-0.07417231798171997
87	0.40893152356147766	0.33463552594184875	-0.0742959976196289
88	0.4087687134742737	0.3343099057674408	-0.07445880770683289
89	0.4085756242275238	0.33392372727394104	-0.07465189695358276
90	0.4084145128726959	0.3336015045642853	-0.07481300830841064
91	0.4083162248134613	0.33340492844581604	-0.07491129636764526
92	0.4080885648727417	0.33294960856437683	-0.07513895630836487
93	0.40770283341407776	0.33217814564704895	-0.07552468776702881
94	0.405386358499527	0.3275451958179474	-0.07784116268157959
95	0.4048830568790436	0.3265385925769806	-0.07834446430206299
96	0.40450581908226013	0.3257841169834137	-0.07872170209884644
97	0.40412598848342896	0.32502445578575134	-0.07910153269767761
98	0.40376466512680054	0.3243018090724945	-0.07946285605430603
99	0.403170108795166	0.32311269640922546	-0.08005741238594055
100	0.40248221158981323	0.3217369019985199	-0.08074530959129333
101	0.40194642543792725	0.3206653296947479	-0.08128109574317932
102	0.4014691710472107	0.3197108209133148	-0.08175835013389587
103	0.40063562989234924	0.3180437386035919	-0.08259189128875732
104	0.39989304542541504	0.3165585696697235	-0.08333447575569153
105	0.3993266522884369	0.3154257833957672	-0.08390086889266968
106	0.3989333510398865	0.3146391808986664	-0.08429417014122009
107	0.3987099230289459	0.3141923248767853	-0.08451759815216064
108	0.3985375463962555	0.3138475716114044	-0.08468997478485107
109	0.3981570303440094	0.31308653950691223	-0.08507049083709717
110	0.3979127109050751	0.3125979006290436	-0.0853148102760315
111	0.3977816104888916	0.31233569979667664	-0.08544591069221497
112	0.3976609408855438	0.3120943605899811	-0.08556658029556274
113	0.3973926901817322	0.3115578591823578	-0.08583483099937439
114	0.397165983915329	0.3111044466495514	-0.08606153726577759
115	0.39703401923179626	0.31084051728248596	-0.0861935019493103
116	0.3968074321746826	0.31038734316825867	-0.08642008900642395
117	0.396681547164917	0.3101355731487274	-0.08654597401618958
118	0.3965151309967041	0.30980274081230164	-0.08671239018440247
119	0.3963575065135956	0.3094874918460846	-0.08687001466751099
120	0.39620932936668396	0.30919113755226135	-0.08701819181442261
121	0.39605873823165894	0.3088899552822113	-0.08716878294944763
122	0.39589637517929077	0.308565229177475	-0.0873311460018158
123	0.3957878649234772	0.3083482086658478	-0.0874396562576294
124	0.3956225514411926	0.3080175817012787	-0.08760496973991394
125	0.3955516517162323	0.30787578225135803	-0.08767586946487427
126	0.3953838050365448	0.30754008889198303	-0.08784371614456177
127	0.3953458368778229	0.3074641525745392	-0.08788168430328369
128	0.3952341079711914	0.30724069476127625	-0.08799341320991516
129	0.39513546228408813	0.3070434033870697	-0.08809205889701843
130	0.39505743980407715	0.30688735842704773	-0.08817008137702942
131	0.3949528932571411	0.30667826533317566	-0.08827462792396545
132	0.3948931396007538	0.306558758020401	-0.08833438158035278
133	0.39475372433662415	0.3062799274921417	-0.08847379684448242
134	0.3940723240375519	0.3049171268939972	-0.08915519714355469
135	0.3935522735118866	0.3038770258426666	-0.08967524766921997
136	0.3931967616081238	0.303166002035141	-0.09003075957298279
137	0.3930094540119171	0.30279138684272766	-0.09021806716918945
138	0.392926961183548	0.3026264011859894	-0.0903005599975586
139	0.3928217887878418	0.302416056394577	-0.09040573239326477
140	0.3927667438983917	0.3023059666156769	-0.09046077728271484
141	0.3926556706428528	0.302083820104599	-0.09057185053825378
142	0.39261165261268616	0.30199578404426575	-0.09061586856842041
143	0.3924776017665863	0.30172768235206604	-0.09074991941452026
144	0.3924059569835663	0.301584392786026	-0.09082156419754028
145	0.39233946800231934	0.3014514148235321	-0.09088805317878723
146	0.39226239919662476	0.30129727721214294	-0.09096512198448181
147	0.3921951353549957	0.3011627495288849	-0.09103238582611084
148	0.3921378254890442	0.3010481297969818	-0.09108969569206238
149	0.39205774664878845	0.30088797211647034	-0.09116977453231812
150	0.39202025532722473	0.3008129894733429	-0.09120726585388184
151	0.3919351100921631	0.3006426990032196	-0.09129241108894348
152	0.3919125497341156	0.30059757828712463	-0.09131497144699097
153	0.3918881118297577	0.3005487024784088	-0.09133940935134888
154	0.3911837935447693	0.299140065908432	-0.09204372763633728
155	0.3906388282775879	0.2980501353740692	-0.09258869290351868
156	0.3902021050453186	0.29717668890953064	-0.09302541613578796
157	0.3899814188480377	0.29673531651496887	-0.09324610233306885
158	0.38985371589660645	0.2964799106121063	-0.09337380528450012
159	0.38972368836402893	0.2962198555469513	-0.09350383281707764
160	0.3895983099937439	0.2959690988063812	-0.09362921118736267
161	0.3894777297973633	0.29572793841362	-0.09374979138374329
162	0.38937804102897644	0.2955285608768463	-0.09384948015213013
163	0.3892650902271271	0.2953026592731476	-0.09396243095397949
164	0.3891604542732239	0.2950933873653412	-0.09406706690788269
165	0.38905373215675354	0.2948799431324005	-0.09417378902435303
166	0.3889211416244507	0.2946147620677948	-0.09430637955665588
167	0.3887534439563751	0.2942793667316437	-0.09447407722473145
168	0.3886275589466095	0.2940275967121124	-0.09459996223449707
169	0.3884188234806061	0.2936101257801056	-0.09480869770050049
170	0.3883140981197357	0.29340067505836487	-0.09491342306137085
171	0.38811713457107544	0.2930067479610443	-0.09511038661003113
172	0.3879610300064087	0.2926945388317108	-0.09526649117469788
173	0.3878118097782135	0.29239609837532043	-0.09541571140289307
174	0.3876246511936188	0.292021781206131	-0.09560286998748779
175	0.3874534070491791	0.2916792929172516	-0.09577411413192749
176	0.38727349042892456	0.29131945967674255	-0.095954030752182
177	0.38703420758247375	0.29084089398384094	-0.09619331359863281
178	0.38678812980651855	0.29034873843193054	-0.09643939137458801
179	0.38650885224342346	0.28979018330574036	-0.0967186689376831
180	0.38586315512657166	0.28849878907203674	-0.09736436605453491
181	0.3849826157093048	0.28673771023750305	-0.09824490547180176
182	0.38439738750457764	0.2855672538280487	-0.09883013367652893
183	0.384001225233078	0.28477492928504944	-0.09922629594802856
184	0.3834724724292755	0.28371742367744446	-0.09975504875183105
185	0.382952481508255	0.28267744183540344	-0.10027503967285156
186	0.3827148973941803	0.28220227360725403	-0.10051262378692627
187	0.38097819685935974	0.2787288725376129	-0.10224932432174683
188	0.3800071179866791	0.2767867147922516	-0.10322040319442749
189	0.3795371353626251	0.2758467495441437	-0.10369038581848145
190	0.3791804313659668	0.275133341550827	-0.10404708981513977
191	0.37873542308807373	0.2742433249950409	-0.10449209809303284
192	0.3784058392047882	0.27358415722846985	-0.10482168197631836
193	0.3780728280544281	0.27291813492774963	-0.10515469312667847
194	0.37779998779296875	0.27237245440483093	-0.10542753338813782
195	0.3775676488876343	0.271907776594162	-0.10565987229347229
196	0.37734705209732056	0.27146658301353455	-0.10588046908378601
197	0.3771151900291443	0.271002858877182	-0.10611233115196228
198	0.37695181369781494	0.2706761062145233	-0.10627570748329163
199	0.37670403718948364	0.2701805531978607	-0.10652348399162292
200	0.3764530122280121	0.2696785032749176	-0.10677450895309448
201	0.3762737810611725	0.2693200409412384	-0.10695374011993408
202	0.3761233389377594	0.26901915669441223	-0.10710418224334717
203	0.3758942782878876	0.2685610353946686	-0.107333242893219
204	0.3756646513938904	0.2681017816066742	-0.10756286978721619
205	0.3755235970020294	0.26781967282295227	-0.10770392417907715
206	0.3753169775009155	0.2674064338207245	-0.10791054368019104
207	0.37503284215927124	0.2668381631374359	-0.10819467902183533
208	0.374834269285202	0.2664410173892975	-0.10839325189590454
209	0.3747096657752991	0.2661918103694916	-0.1085178554058075
210	0.37449830770492554	0.2657690942287445	-0.10872921347618103
211	0.3743111193180084	0.2653947174549103	-0.10891640186309814
212	0.37419119477272034	0.2651548683643341	-0.10903632640838623
213	0.37404507398605347	0.26486262679100037	-0.1091824471950531
214	0.37386733293533325	0.26450714468955994	-0.10936018824577332
215	0.37375110387802124	0.2642746865749359	-0.10947641730308533
216	0.3736441731452942	0.2640608251094818	-0.10958334803581238
217	0.37347880005836487	0.26373007893562317	-0.1097487211227417
218	0.3732571303844452	0.2632867395877838	-0.10997039079666138
219	0.37307968735694885	0.26293185353279114	-0.11014783382415771
220	0.37291932106018066	0.26261112093925476	-0.1103082001209259
221	0.37281376123428345	0.2624000012874603	-0.11041375994682312
222	0.37270742654800415	0.26218733191490173	-0.11052009463310242
223	0.37242406606674194	0.2616206109523773	-0.11080345511436462
224	0.3719532787799835	0.2606790363788605	-0.11127424240112305
225	0.3716159760951996	0.2600044310092926	-0.11161154508590698
226	0.3713969588279724	0.25956639647483826	-0.11183056235313416
227	0.3712162673473358	0.25920501351356506	-0.11201125383377075
228	0.3710388243198395	0.2588501274585724	-0.11218869686126709
229	0.37091144919395447	0.25859537720680237	-0.1123160719871521
230	0.3708021938800812	0.2583768665790558	-0.11242532730102539
231	0.37066128849983215	0.25809505581855774	-0.11256623268127441
232	0.3703097999095917	0.2573920786380768	-0.11291772127151489
233	0.3699638247489929	0.2567001283168793	-0.11326369643211365
234	0.36898818612098694	0.2547488510608673	-0.11423933506011963
235	0.3688257336616516	0.25442394614219666	-0.11440178751945496
236	0.368669331073761	0.2541111409664154	-0.11455819010734558
237	0.3685121536254883	0.25379678606987	-0.11471536755561829
238	0.36836764216423035	0.2535077631473541	-0.11485987901687622
239	0.36825042963027954	0.2532733380794525	-0.11497709155082703
240	0.36815884709358215	0.25309017300605774	-0.11506867408752441
241	0.3680451214313507	0.25286272168159485	-0.11518239974975586
242	0.3678448796272278	0.252462238073349	-0.11538264155387878
243	0.3673684298992157	0.25150933861732483	-0.11585909128189087
244	0.3670114576816559	0.2507953941822052	-0.11621606349945068
245	0.3666744530200958	0.2501213848590851	-0.11655306816101074
246	0.3665001094341278	0.24977269768714905	-0.11672741174697876
247	0.3663828670978546	0.24953821301460266	-0.11684465408325195
248	0.3662087917327881	0.2491900622844696	-0.11701872944831848
249	0.3660607933998108	0.24889406561851501	-0.11716672778129578
250	0.3659372329711914	0.24864694476127625	-0.11729028820991516
251	0.36583152413368225	0.24843552708625793	-0.11739599704742432
252	0.36573129892349243	0.2482350766658783	-0.11749622225761414
253	0.36558350920677185	0.24793949723243713	-0.11764401197433472
254	0.3654513657093048	0.24767521023750305	-0.11777615547180176
255	0.36534178256988525	0.24745604395866394	-0.11788573861122131
256	0.3652527332305908	0.24727794528007507	-0.11797478795051575
257	0.3651580810546875	0.24708864092826843	-0.11806944012641907
258	0.365039587020874	0.24685165286064148	-0.11818793416023254
259	0.3649417757987976	0.24665603041648865	-0.11828574538230896
260	0.3648601174354553	0.24649271368980408	-0.11836740374565125
261	0.3647582232952118	0.24628892540931702	-0.11846929788589478
262	0.3646111488342285	0.24599477648735046	-0.11861637234687805
263	0.36446595191955566	0.24570438265800476	-0.1187615692615509
264	0.36434003710746765	0.24545255303382874	-0.11888748407363892
265	0.36423423886299133	0.2452409565448761	-0.11899328231811523
266	0.36414629220962524	0.24506506323814392	-0.11908122897148132
267	0.3640504479408264	0.24487337470054626	-0.11917707324028015
268	0.3637007474899292	0.24417397379875183	-0.11952677369117737
269	0.36358895897865295	0.24395039677619934	-0.11963856220245361
270	0.36349207162857056	0.24375662207603455	-0.11973544955253601
271	0.3633973300457001	0.24356713891029358	-0.1198301911354065
272	0.363311767578125	0.24339601397514343	-0.11991575360298157
273	0.363228976726532	0.2432304322719574	-0.11999854445457458
274	0.3631257712841034	0.24302402138710022	-0.12010174989700317
275	0.36296290159225464	0.2426982820034027	-0.12026461958885193
276	0.3628169894218445	0.2424064576625824	-0.12041053175926208
277	0.36268720030784607	0.24214687943458557	-0.1205403208732605
278	0.36257320642471313	0.2419188916683197	-0.12065431475639343
279	0.3624728322029114	0.2417181432247162	-0.12075468897819519
280	0.3623853325843811	0.24154314398765564	-0.12084218859672546
281	0.3623107075691223	0.24139389395713806	-0.12091681361198425
282	0.362210750579834	0.2411939799785614	-0.12101677060127258
283	0.36131080985069275	0.23939409852027893	-0.12191671133041382
284	0.35880541801452637	0.23438331484794617	-0.1244221031665802
285	0.3578298091888428	0.23243209719657898	-0.1253977119922638
286	0.35735416412353516	0.23148080706596375	-0.1258733570575714
287	0.3570031225681305	0.23077872395515442	-0.12622439861297607
288	0.35675230622291565	0.23027709126472473	-0.12647521495819092
289	0.35652661323547363	0.2298257052898407	-0.12670090794563293
290	0.35569238662719727	0.22815725207328796	-0.1275351345539093
291	0.3553297221660614	0.22743192315101624	-0.12789779901504517
292	0.35514456033706665	0.22706159949302673	-0.12808296084403992
293	0.3549741506576538	0.22672078013420105	-0.12825337052345276
294	0.354812353849411	0.22639718651771545	-0.12841516733169556
295	0.3546566367149353	0.22608575224876404	-0.12857088446617126
296	0.35451480746269226	0.22580209374427795	-0.1287127137184143
297	0.3543860614299774	0.22554460167884827	-0.12884145975112915
298	0.354230135679245	0.22523275017738342	-0.12899738550186157
299	0.3540809452533722	0.22493436932563782	-0.12914657592773438
300	0.35394421219825745	0.22466090321540833	-0.12928330898284912
301	0.3538077771663666	0.2243880331516266	-0.12941974401474
302	0.35368385910987854	0.2241401970386505	-0.12954366207122803
303	0.3535723090171814	0.22391709685325623	-0.12965521216392517
304	0.3534388542175293	0.22365018725395203	-0.12978866696357727
305	0.35330724716186523	0.2233869731426239	-0.12992027401924133
306	0.35318779945373535	0.22314807772636414	-0.13003972172737122
307	0.35308027267456055	0.22293302416801453	-0.13014724850654602
308	0.35297343134880066	0.22271934151649475	-0.1302540898323059
309	0.35268011689186096	0.22213271260261536	-0.1305474042892456
310	0.3522409498691559	0.2212543785572052	-0.13098657131195068
311	0.35213005542755127	0.22103258967399597	-0.1310974657535553
312	0.3520272970199585	0.22082707285881042	-0.13120022416114807
313	0.3519280254840851	0.2206285297870636	-0.13129949569702148
314	0.3518085777759552	0.22038963437080383	-0.13141894340515137
315	0.35169166326522827	0.22015580534934998	-0.1315358579158783
316	0.35157695412635803	0.2199263870716095	-0.13165056705474854
317	0.35147154331207275	0.21971556544303894	-0.1317559778690338
318	0.35137543082237244	0.2195233404636383	-0.13185209035873413
319	0.3512876033782959	0.21934768557548523	-0.13193991780281067
320	0.35113486647605896	0.21904221177101135	-0.1320926547050476
321	0.35101351141929626	0.21879950165748596	-0.1322140097618103
322	0.35090234875679016	0.21857717633247375	-0.1323251724243164
323	0.35079991817474365	0.21837231516838074	-0.13242760300636292
324	0.3507041335105896	0.21818074584007263	-0.13252338767051697
325	0.3506006598472595	0.21797379851341248	-0.13262686133384705
326	0.3504509925842285	0.21767446398735046	-0.13277652859687805
327	0.34998950362205505	0.21675148606300354	-0.1332380175590515
328	0.3498520255088806	0.21647652983665466	-0.13337549567222595
329	0.34974777698516846	0.21626803278923035	-0.1334797441959381
330	0.34957557916641235	0.21592363715171814	-0.1336519420146942
331	0.3494419753551483	0.21565642952919006	-0.13378554582595825
332	0.34931090474128723	0.2153942883014679	-0.13391661643981934
333	0.3491884171962738	0.21514931321144104	-0.13403910398483276
334	0.3490734398365021	0.21491935849189758	-0.1341540813446045
335	0.34896567463874817	0.21470382809638977	-0.1342618465423584
336	0.3488648533821106	0.21450218558311462	-0.13436266779899597
337	0.34877079725265503	0.2143140733242035	-0.13445672392845154
338	0.3486776351928711	0.21412774920463562	-0.13454988598823547
339	0.3485904633998871	0.2139534056186676	-0.13463705778121948
340	0.3484712541103363	0.21371498703956604	-0.13475626707077026
341	0.34832924604415894	0.2134309709072113	-0.13489827513694763
342	0.34530073404312134	0.2073739469051361	-0.13792678713798523
343	0.34425047039985657	0.20527341961860657	-0.13897705078125
344	0.3437773585319519	0.20432719588279724	-0.13945016264915466
345	0.3434197008609772	0.20361188054084778	-0.1398078203201294
346	0.34310483932495117	0.20298215746879578	-0.1401226818561554
347	0.3428418040275574	0.20245608687400818	-0.1403857171535492
348	0.3423762023448944	0.20152488350868225	-0.14085131883621216
349	0.3417881429195404	0.20034876465797424	-0.14143937826156616
350	0.34156280755996704	0.19989809393882751	-0.14166471362113953
351	0.34133967757225037	0.19945183396339417	-0.1418878436088562
352	0.34071874618530273	0.1982099711894989	-0.14250877499580383
353	0.34043365716934204	0.19763979315757751	-0.14279386401176453
354	0.33989277482032776	0.19655802845954895	-0.1433347463607788
355	0.33969634771347046	0.19616517424583435	-0.1435311734676361
356	0.33927568793296814	0.1953238546848297	-0.14395183324813843
357	0.3389359414577484	0.19464436173439026	-0.14429157972335815
358	0.33880993723869324	0.1943923532962799	-0.14441758394241333
359	0.3387046456336975	0.19418177008628845	-0.14452287554740906
360	0.33860456943511963	0.1939816176891327	-0.14462295174598694
361	0.3384720981121063	0.19371667504310608	-0.14475542306900024
362	0.33796748518943787	0.19270744919776917	-0.1452600359916687
363	0.337728887796402	0.1922302544116974	-0.1454986333847046
364	0.33732783794403076	0.19142815470695496	-0.1458996832370758
365	0.33694884181022644	0.1906701624393463	-0.14627867937088013
366	0.33654966950416565	0.18987181782722473	-0.14667785167694092
367	0.3360810875892639	0.18893465399742126	-0.14714643359184265
368	0.3356197476387024	0.18801197409629822	-0.14760777354240417
369	0.33521580696105957	0.18720409274101257	-0.148011714220047
370	0.3347509801387787	0.1862744390964508	-0.14847654104232788
371	0.33432886004447937	0.18543019890785217	-0.1488986611366272
372	0.33332815766334534	0.1834287941455841	-0.14989936351776123
373	0.33033859729766846	0.17744967341423035	-0.1528889238834381
374	0.32945096492767334	0.1756744086742401	-0.15377655625343323
375	0.3288539946079254	0.17448046803474426	-0.15437352657318115
376	0.32793161273002625	0.17263570427894592	-0.15529590845108032
377	0.32716241478919983	0.1710973083972931	-0.15606510639190674
378	0.3266795575618744	0.1701315939426422	-0.15654796361923218
379	0.32579147815704346	0.16835543513298035	-0.1574360430240631
380	0.3251454830169678	0.16706344485282898	-0.1580820381641388
381	0.3246998190879822	0.1661721169948578	-0.1585277020931244
382	0.32387542724609375	0.16452333331108093	-0.15935209393501282
383	0.3232709467411041	0.16331437230110168	-0.15995657444000244
384	0.322801798582077	0.16237607598304749	-0.16042572259902954
385	0.32204294204711914	0.1608583629131317	-0.16118457913398743
386	0.3214845061302185	0.15974149107933044	-0.16174301505088806
387	0.32107940316200256	0.15893128514289856	-0.162148118019104
388	0.32066115736961365	0.15809479355812073	-0.16256636381149292
389	0.3200167715549469	0.15680602192878723	-0.16321074962615967
390	0.3194490969181061	0.1556706726551056	-0.1637784242630005
391	0.3190423548221588	0.15485718846321106	-0.16418516635894775
392	0.31851205229759216	0.15379658341407776	-0.1647154688835144
393	0.318058580160141	0.15288963913917542	-0.16516894102096558
394	0.31761986017227173	0.1520121991634369	-0.16560766100883484
395	0.31712010502815247	0.15101268887519836	-0.1661074161529541
396	0.3167610466480255	0.15029457211494446	-0.16646647453308105
397	0.31620192527770996	0.14917632937431335	-0.1670255959033966
398	0.31569904088974	0.1481705605983734	-0.16752848029136658
399	0.31533169746398926	0.14743587374687195	-0.1678958237171173
400	0.31483906507492065	0.14645060896873474	-0.1683884561061859
401	0.3143317997455597	0.14543607831001282	-0.16889572143554688
402	0.3139403760433197	0.14465323090553284	-0.16928714513778687
403	0.313564658164978	0.1439017951488495	-0.16966286301612854
404	0.31307366490364075	0.14291980862617493	-0.17015385627746582
405	0.3125620484352112	0.1418965756893158	-0.17066547274589539
406	0.3121781051158905	0.14112868905067444	-0.17104941606521606
407	0.3117437958717346	0.14026007056236267	-0.17148372530937195
408	0.3113200068473816	0.13941249251365662	-0.17190751433372498
409	0.31096893548965454	0.13871034979820251	-0.17225858569145203
410	0.31050628423690796	0.13778504729270935	-0.1727212369441986
411	0.31015533208847046	0.13708314299583435	-0.1730721890926361
412	0.30972743034362793	0.1362273395061493	-0.17350009083747864
413	0.309258371591568	0.13528922200202942	-0.17396914958953857
414	0.30889788269996643	0.1345682442188263	-0.17432963848114014
415	0.30852895975112915	0.13383039832115173	-0.17469856142997742
416	0.30806753039360046	0.13290753960609436	-0.1751599907875061
417	0.3020138442516327	0.12080016732215881	-0.18121367692947388
418	0.3012647032737732	0.11930188536643982	-0.18196281790733337
419	0.3006615936756134	0.11809566617012024	-0.18256592750549316
420	0.3001616299152374	0.11709573864936829	-0.18306589126586914
421	0.29943493008613586	0.11564233899116516	-0.1837925910949707
422	0.29884687066078186	0.11446622014045715	-0.1843806505203247
423	0.298380047082901	0.11353257298469543	-0.18484747409820557
424	0.29785749316215515	0.11248746514320374	-0.18537002801895142
425	0.29728057980537415	0.11133363842964172	-0.18594694137573242
426	0.29681921005249023	0.1104108989238739	-0.18640831112861633
427	0.29645946621894836	0.10969141125679016	-0.1867680549621582
428	0.29594871401786804	0.10866990685462952	-0.18727880716323853
429	0.2954024076461792	0.10757729411125183	-0.18782511353492737
430	0.2949654161930084	0.10670331120491028	-0.18826210498809814
431	0.2946211099624634	0.10601469874382019	-0.1886064112186432
432	0.29413118958473206	0.10503485798835754	-0.1890963315963745
433	0.29361283779144287	0.10399815440177917	-0.1896146833896637
434	0.2931947410106659	0.10316196084022522	-0.19003278017044067
435	0.29286468029022217	0.10250183939933777	-0.1903628408908844
436	0.29240259528160095	0.10157766938209534	-0.19082492589950562
437	0.291908323764801	0.10058912634849548	-0.19131919741630554
438	0.29150769114494324	0.09978786110877991	-0.19171983003616333
439	0.29118871688842773	0.0991499125957489	-0.19203880429267883
440	0.29076120257377625	0.09829488396644592	-0.19246631860733032
441	0.2902880907058716	0.0973486602306366	-0.19293943047523499
442	0.2899017035961151	0.09657588601112366	-0.19332581758499146
443	0.2895919978618622	0.0959564745426178	-0.19363552331924438
444	0.28920382261276245	0.09518012404441833	-0.19402369856834412
445	0.28874826431274414	0.09426900744438171	-0.19447925686836243
446	0.2883746325969696	0.09352174401283264	-0.19485288858413696
447	0.28807350993156433	0.0929194986820221	-0.19515401124954224
448	0.2877289354801178	0.09223034977912903	-0.19549858570098877
449	0.2872883379459381	0.09134915471076965	-0.19593918323516846
450	0.2869250774383545	0.09062263369560242	-0.19630244374275208
451	0.28663256764411926	0.09003761410713196	-0.1965949535369873
452	0.28633439540863037	0.08944126963615417	-0.1968931257724762
453	0.28589296340942383	0.08855840563774109	-0.19733455777168274
454	0.27986976504325867	0.07651200890541077	-0.2033577561378479
455	0.2792756259441376	0.07532373070716858	-0.203951895236969
456	0.27869805693626404	0.07416859269142151	-0.20452946424484253
457	0.2782140374183655	0.07320055365562439	-0.2050134837627411
458	0.27780643105506897	0.07238534092903137	-0.2054210901260376
459	0.2774084508419037	0.0715893805027008	-0.20581907033920288
460	0.27692973613739014	0.0706319510936737	-0.20629778504371643
461	0.27644726634025574	0.06966701149940491	-0.20678025484085083
462	0.2760476768016815	0.06886783242225647	-0.20717984437942505
463	0.27572008967399597	0.06821265816688538	-0.2075074315071106
464	0.27531978487968445	0.06741204857826233	-0.20790773630142212
465	0.2749161720275879	0.06660482287406921	-0.20831134915351868
466	0.2745836079120636	0.06593969464302063	-0.20864391326904297
467	0.27430757880210876	0.06538763642311096	-0.2089199423789978
468	0.27394863963127136	0.06466975808143616	-0.2092788815498352
469	0.2736532688140869	0.06407901644706726	-0.20957425236701965
470	0.27333566546440125	0.06344380974769592	-0.20989185571670532
471	0.27291712164878845	0.06260672211647034	-0.21031039953231812
472	0.27256670594215393	0.061905890703201294	-0.21066081523895264
473	0.27227652072906494	0.061325520277023315	-0.21095100045204163
474	0.27196723222732544	0.06070694327354431	-0.21126028895378113
475	0.271668404340744	0.06010928750038147	-0.21155911684036255
476	0.2713768780231476	0.0595262348651886	-0.21185064315795898
477	0.2710123658180237	0.058797210454940796	-0.21221515536308289
478	0.270704060792923	0.05818060040473938	-0.2125234603881836
479	0.2704536020755768	0.057679682970047	-0.21277391910552979
480	0.27007606625556946	0.05692461133003235	-0.2131514549255371
481	0.26971447467803955	0.056201428174972534	-0.21351304650306702
482	0.2694076895713806	0.05558785796165466	-0.21381983160972595
483	0.2691575884819031	0.055087655782699585	-0.2140699326992035
484	0.2688497304916382	0.0544719398021698	-0.21437779068946838
485	0.2684900760650635	0.053752630949020386	-0.2147374451160431
486	0.26818418502807617	0.053140848875045776	-0.2150433361530304
487	0.2679347097873688	0.05264189839363098	-0.2152928113937378
488	0.26765215396881104	0.0520767867565155	-0.21557536721229553
489	0.2673838436603546	0.05154016613960266	-0.21584367752075195
490	0.267139196395874	0.05105087161064148	-0.21608832478523254
491	0.26680922508239746	0.050390928983688354	-0.2164182960987091
492	0.26653116941452026	0.04983481764793396	-0.2166963517665863
493	0.266300767660141	0.049374014139175415	-0.21692675352096558
494	0.2660042345523834	0.04878094792366028	-0.21722328662872314
495	0.2656712532043457	0.04811498522758484	-0.21755626797676086
496	0.2653907239437103	0.04755392670631409	-0.21783679723739624
497	0.26513034105300903	0.0470331609249115	-0.21809718012809753
498	0.2649139165878296	0.04660031199455261	-0.21831360459327698
499	0.2646031975746155	0.04597887396812439	-0.2186243236064911
500	0.26428839564323425	0.04534927010536194	-0.21893912553787231
501	0.26402196288108826	0.044816404581069946	-0.2192055583000183
502	0.2638002932071686	0.04437306523323059	-0.219427227973938
503	0.26356202363967896	0.04389652609825134	-0.2196654975414276
504	0.2633150517940521	0.04340258240699768	-0.21991246938705444
505	0.26309388875961304	0.04296025633811951	-0.22013363242149353
506	0.2628328502178192	0.04243817925453186	-0.22039467096328735
507	0.2626765966415405	0.04212567210197449	-0.22055092453956604
508	0.2625400125980377	0.04185250401496887	-0.22068750858306885
509	0.2624207139015198	0.04161390662193298	-0.2208068072795868
510	0.26232674717903137	0.04142597317695618	-0.2209007740020752
511	0.2622224688529968	0.041217416524887085	-0.22100505232810974
512	0.2620268166065216	0.040826112031936646	-0.22120070457458496
513	0.26024726033210754	0.03726699948310852	-0.22298026084899902
514	0.2554827928543091	0.027738064527511597	-0.22774472832679749
515	0.2549801468849182	0.02673277258872986	-0.22824737429618835
516	0.2545560896396637	0.025884658098220825	-0.22867143154144287
517	0.2542661726474762	0.025304824113845825	-0.22896134853363037
518	0.2539508044719696	0.02467408776283264	-0.22927671670913696
519	0.2536655068397522	0.024103492498397827	-0.22956201434135437
520	0.2534486949443817	0.02366986870765686	-0.22977882623672485
521	0.2532559037208557	0.02328428626060486	-0.22997161746025085
522	0.25309887528419495	0.022970229387283325	-0.23012864589691162
523	0.2529154121875763	0.02260330319404602	-0.23031210899353027
524	0.2528245747089386	0.02242162823677063	-0.23040294647216797
525	0.2527111768722534	0.02219483256340027	-0.23051634430885315
526	0.2524407207965851	0.0216539204120636	-0.23078680038452148
527	0.2522456645965576	0.021263808012008667	-0.23098185658454895
528	0.252099871635437	0.020972222089767456	-0.23112764954566956
529	0.2518051862716675	0.020382851362228394	-0.2314223349094391
530	0.2516759932041168	0.020124465227127075	-0.23155152797698975
531	0.2515218257904053	0.01981613039970398	-0.2317056953907013
532	0.25147727131843567	0.01972702145576477	-0.2317502498626709
533	0.25141796469688416	0.019608408212661743	-0.2318095564842224
534	0.25136372447013855	0.019499927759170532	-0.23186379671096802
535	0.2513236403465271	0.019419759511947632	-0.23190388083457947
536	0.251263827085495	0.019300132989883423	-0.23196369409561157
537	0.2512419819831848	0.01925644278526306	-0.23198553919792175
538	0.25117409229278564	0.01912066340446472	-0.23205342888832092
539	0.2511686086654663	0.01910969614982605	-0.23205891251564026
540	0.25109681487083435	0.018966108560562134	-0.23213070631027222
541	0.25109678506851196	0.01896604895591736	-0.2321307361125946
542	0.25109678506851196	0.01896604895591736	-0.2321307361125946
543	0.25109678506851196	0.01896604895591736	-0.2321307361125946
544	0.25109678506851196	0.01896604895591736	-0.2321307361125946
545	0.25109678506851196	0.01896604895591736	-0.2321307361125946
546	0.25109678506851196	0.01896604895591736	-0.2321307361125946
547	0.25109678506851196	0.01896604895591736	-0.2321307361125946
548	0.25109678506851196	0.01896604895591736	-0.2321307361125946
549	0.25109678506851196	0.01896604895591736	-0.2321307361125946
550	0.25109678506851196	0.01896604895591736	-0.2321307361125946
551	0.25109678506851196	0.01896604895591736	-0.2321307361125946
552	0.25109678506851196	0.01896604895591736	-0.2321307361125946
553	0.25109678506851196	0.01896604895591736	-0.2321307361125946
554	0.25109678506851196	0.01896604895591736	-0.2321307361125946
555	0.25109678506851196	0.01896604895591736	-0.2321307361125946
556	0.25109678506851196	0.01896604895591736	-0.2321307361125946
557	0.25109678506851196	0.01896604895591736	-0.2321307361125946
558	0.25109678506851196	0.01896604895591736	-0.2321307361125946
559	0.25109678506851196	0.01896604895591736	-0.2321307361125946
560	0.25109678506851196	0.01896604895591736	-0.2321307361125946
561	0.25109678506851196	0.01896604895591736	-0.2321307361125946
562	0.25109678506851196	0.01896604895591736	-0.2321307361125946
563	0.25109678506851196	0.01896604895591736	-0.2321307361125946
564	0.250838965177536	0.018450409173965454	-0.23238855600357056
565	0.23671813309192657	-0.009791254997253418	-0.24650938808918
566	0.2331102192401886	-0.01700708270072937	-0.25011730194091797
567	0.23121768236160278	-0.020792156457901	-0.2520098388195038
568	0.22982925176620483	-0.0235690176486969	-0.25339826941490173
569	0.22655077278614044	-0.030125975608825684	-0.2566767483949661
570	0.2253212034702301	-0.03258511424064636	-0.25790631771087646
571	0.22456228733062744	-0.034102946519851685	-0.2586652338504791
572	0.22206716239452362	-0.039093196392059326	-0.26116035878658295
573	0.22003158926963806	-0.043164342641830444	-0.2631959319114685
574	0.21949316561222076	-0.04424118995666504	-0.2637343555688858
575	0.2191794216632843	-0.044868677854537964	-0.26404809951782227
576	0.2188415825366974	-0.04554435610771179	-0.2643859386444092
577	0.2185053527355194	-0.04621681571006775	-0.26472216844558716
578	0.21825972199440002	-0.04670807719230652	-0.26496779918670654
579	0.21785208582878113	-0.04752334952354431	-0.26537543535232544
580	0.21575523912906647	-0.05171704292297363	-0.2674722820520401
581	0.2140553593635559	-0.05511680245399475	-0.26917216181755066
582	0.21379950642585754	-0.05562850832939148	-0.269428014755249
583	0.21347013115882874	-0.0562872588634491	-0.26975739002227783
584	0.21317368745803833	-0.05688014626502991	-0.27005383372306824
585	0.21295905113220215	-0.05730941891670227	-0.2702684700489044
586	0.21263331174850464	-0.05796089768409729	-0.27059420943260193
587	0.21233724057674408	-0.05855304002761841	-0.2708902806043625
588	0.2120819091796875	-0.05906370282173157	-0.27114561200141907
589	0.21174852550029755	-0.059730470180511475	-0.271478995680809
590	0.21145306527614594	-0.0603213906288147	-0.27177445590496063
591	0.21123676002025604	-0.06075400114059448	-0.2719907611608505
592	0.2109115719795227	-0.06140437722206116	-0.27231594920158386
593	0.2106543630361557	-0.061918795108795166	-0.27257315814495087
594	0.21045665442943573	-0.06231421232223511	-0.27277086675167084
595	0.21015940606594086	-0.06290870904922485	-0.2730681151151657
596	0.20993945002555847	-0.06334862112998962	-0.2732880711555481
597	0.2095998376607895	-0.06402784585952759	-0.2736276835203171
598	0.2079208940267563	-0.067385733127594	-0.2753066271543503
599	0.20643320679664612	-0.07036110758781433	-0.27679431438446045
600	0.20623481273651123	-0.0707578957080841	-0.27699270844459534
601	0.20600585639476776	-0.07121580839157104	-0.2772216647863388
602	0.2057698667049408	-0.07168778777122498	-0.27745765447616577
603	0.20560726523399353	-0.0720129907131195	-0.27762025594711304
604	0.20524664223194122	-0.07273423671722412	-0.27798087894916534
605	0.20408621430397034	-0.0750550925731659	-0.27914130687713623
606	0.202642023563385	-0.07794347405433655	-0.28058549761772156
607	0.20247453451156616	-0.07827845215797424	-0.2807529866695404
608	0.20219917595386505	-0.07882916927337646	-0.2810283452272415
609	0.20155610144138336	-0.08011531829833984	-0.2816714197397232
610	0.20054210722446442	-0.08214330673217773	-0.28268541395664215
611	0.20028555393218994	-0.08265641331672668	-0.2829419672489166
612	0.20003725588321686	-0.08315300941467285	-0.2831902652978897
613	0.1997433602809906	-0.08374080061912537	-0.28348416090011597
614	0.1995532363653183	-0.08412104845046997	-0.28367428481578827
615	0.19936108589172363	-0.0845053493976593	-0.28386643528938293
616	0.19803966581821442	-0.08714818954467773	-0.28518785536289215
617	0.19684045016765594	-0.08954662084579468	-0.2863870710134506
618	0.19668646156787872	-0.08985459804534912	-0.28654105961322784
619	0.19643725454807281	-0.09035301208496094	-0.28679026663303375
620	0.19625139236450195	-0.09072473645210266	-0.2869761288166046
621	0.1961217075586319	-0.09098410606384277	-0.28710581362247467
622	0.19590255618095398	-0.09142240881919861	-0.2873249650001526
623	0.19574430584907532	-0.09173890948295593	-0.28748321533203125
624	0.1955508440732956	-0.09212583303451538	-0.287676677107811
625	0.19540517032146454	-0.09241718053817749	-0.28782235085964203
626	0.19521036744117737	-0.09280678629875183	-0.2880171537399292
627	0.19427627325057983	-0.0946749746799469	-0.28895124793052673
628	0.19314545392990112	-0.09693661332130432	-0.29008206725120544
629	0.19297444820404053	-0.09727862477302551	-0.29025307297706604
630	0.1927541047334671	-0.09771931171417236	-0.29047341644763947
631	0.19203707575798035	-0.09915336966514587	-0.2911904454231262
632	0.19135497510433197	-0.10051757097244263	-0.2918725460767746
633	0.19113323092460632	-0.10096105933189392	-0.29209429025650024
634	0.19096896052360535	-0.10128960013389587	-0.2922585606575012
635	0.19077175855636597	-0.10168400406837463	-0.2924557626247406
636	0.19062037765979767	-0.10198676586151123	-0.2926071435213089
637	0.19051526486873627	-0.10219699144363403	-0.2927122563123703
638	0.1895608752965927	-0.10410577058792114	-0.29366664588451385
639	0.18858444690704346	-0.10605862736701965	-0.2946430742740631
640	0.18847273290157318	-0.1062820553779602	-0.2947547882795334
641	0.18830864131450653	-0.1066102385520935	-0.29491887986660004
642	0.18743237853050232	-0.10836276412010193	-0.29579514265060425
643	0.1869800090789795	-0.10926750302314758	-0.2962475121021271
644	0.18681637942790985	-0.10959476232528687	-0.2964111417531967
645	0.18669019639492035	-0.10984712839126587	-0.2965373247861862
646	0.1865416318178177	-0.11014425754547119	-0.2966858893632889
647	0.18576690554618835	-0.11169371008872986	-0.2974606156349182
648	0.18538470566272736	-0.11245810985565186	-0.2978428155183792
649	0.1851332187652588	-0.11296108365058899	-0.2980943024158478
650	0.184951514005661	-0.11332449316978455	-0.29827600717544556
651	0.18479084968566895	-0.11364582180976868	-0.2984366714954376
652	0.18462352454662323	-0.11398047208786011	-0.29860399663448334
653	0.18450704216957092	-0.11421343684196472	-0.29872047901153564
654	0.18433016538619995	-0.11456719040870667	-0.2988973557949066
655	0.18367621302604675	-0.11587509512901306	-0.2995513081550598
656	0.18270394206047058	-0.1178196370601654	-0.300523579120636
657	0.1826205551624298	-0.11798641085624695	-0.30060696601867676
658	0.1824694573879242	-0.11828860640525818	-0.3007580637931824
659	0.1823653131723404	-0.11849689483642578	-0.3008622080087662
660	0.18222756683826447	-0.11877238750457764	-0.3009999543428421
661	0.18166883289813995	-0.11988985538482666	-0.3015586882829666
662	0.1807694286108017	-0.12168866395950317	-0.30245809257030487
663	0.1806940883398056	-0.12183934450149536	-0.30253343284130096
664	0.18027734756469727	-0.12267282605171204	-0.3029501736164093
665	0.17962269484996796	-0.12398213148117065	-0.3036048263311386
666	0.1793617606163025	-0.12450399994850159	-0.3038657605648041
667	0.1792035698890686	-0.12482038140296936	-0.30402395129203796
668	0.179033100605011	-0.1251613199710846	-0.3041944205760956
669	0.1788870394229889	-0.12545344233512878	-0.3043404817581177
670	0.17878860235214233	-0.1256503164768219	-0.30443891882896423
671	0.17867222428321838	-0.1258830726146698	-0.3045552968978882
672	0.17843002080917358	-0.1263674795627594	-0.304797500371933
673	0.17767952382564545	-0.12786847352981567	-0.3055479973554611
674	0.17742428183555603	-0.1283789575099945	-0.30580323934555054
675	0.1770848035812378	-0.12905791401863098	-0.3061427175998688
676	0.17614877223968506	-0.13092997670173645	-0.3070787489414215
677	0.17600132524967194	-0.1312248706817627	-0.30722619593143463
678	0.17584045231342316	-0.13154661655426025	-0.3073870688676834
679	0.1751512885093689	-0.13292494416236877	-0.30807623267173767
680	0.1748223602771759	-0.13358280062675476	-0.30840516090393066
681	0.17461133003234863	-0.1340048611164093	-0.30861619114875793
682	0.17445218563079834	-0.1343231499195099	-0.3087753355503082
683	0.17432858049869537	-0.13457036018371582	-0.3088989406824112
684	0.17404936254024506	-0.13512879610061646	-0.3091781586408615
685	0.17361007630825043	-0.1360073685646057	-0.30961744487285614
686	0.17328320443630219	-0.1366611123085022	-0.3099443167448044
687	0.17306631803512573	-0.1370948851108551	-0.31016120314598083
688	0.17296350002288818	-0.1373005211353302	-0.3102640211582184
689	0.1726810485124588	-0.13786542415618896	-0.31054647266864777
690	0.17221005260944366	-0.13880741596221924	-0.3110174685716629
691	0.1719275861978531	-0.1393723487854004	-0.3112999349832535
692	0.1717524379491806	-0.13972264528274536	-0.31147508323192596
693	0.17155617475509644	-0.1401151716709137	-0.31167134642601013
694	0.17139407992362976	-0.14043936133384705	-0.3118334412574768
695	0.17127621173858643	-0.14067509770393372	-0.31195130944252014
696	0.17113524675369263	-0.1409570276737213	-0.31209227442741394
697	0.17101900279521942	-0.14118951559066772	-0.31220851838588715
698	0.17047177255153656	-0.14228397607803345	-0.31275574862957
699	0.17026826739311218	-0.1426909863948822	-0.3129592537879944
700	0.1701459139585495	-0.14293569326400757	-0.31308160722255707
701	0.16998521983623505	-0.14325708150863647	-0.3132423013448715
702	0.16974174976348877	-0.14374402165412903	-0.3134857714176178
703	0.16956844925880432	-0.14409062266349792	-0.31365907192230225
704	0.16942733526229858	-0.1443728506565094	-0.313800185918808
705	0.16927359998226166	-0.14468032121658325	-0.3139539211988449
706	0.16912710666656494	-0.14497330784797668	-0.3141004145145416
707	0.16891667246818542	-0.14539417624473572	-0.31431084871292114
708	0.16854137182235718	-0.1461447775363922	-0.3146861493587494
709	0.1676894724369049	-0.14784857630729675	-0.31553804874420166
710	0.16757558286190033	-0.1480763554573059	-0.31565193831920624
711	0.16714738309383392	-0.14893275499343872	-0.31608013808727264
712	0.16640056669712067	-0.15042638778686523	-0.3168269544839859
713	0.1663295328617096	-0.15056845545768738	-0.316897988319397
714	0.16605223715305328	-0.151123046875	-0.3171752840280533
715	0.1654118448495865	-0.1524038314819336	-0.3178156763315201
716	0.16512684524059296	-0.15297383069992065	-0.3181006759405136
717	0.1649794578552246	-0.15326860547065735	-0.31824806332588196
718	0.1648864597082138	-0.15345460176467896	-0.31834106147289276
719	0.1648225337266922	-0.15358245372772217	-0.31840498745441437
720	0.1645101010799408	-0.15420731902122498	-0.31871742010116577
721	0.16404816508293152	-0.15513119101524353	-0.31917935609817505
722	0.163785919547081	-0.15565568208694458	-0.3194416016340256
723	0.1636415421962738	-0.15594443678855896	-0.31958597898483276
724	0.16350452601909637	-0.15621846914291382	-0.3197229951620102
725	0.16341079771518707	-0.15640592575073242	-0.3198167234659195
726	0.16332177817821503	-0.1565839648246765	-0.31990574300289154
727	0.16309864819049835	-0.15703022480010986	-0.3201288729906082
728	0.16265344619750977	-0.15792062878608704	-0.3205740749835968
729	0.16237425804138184	-0.1584790050983429	-0.32085326313972473
730	0.16215571761131287	-0.15891608595848083	-0.3210718035697937
731	0.1620078831911087	-0.15921175479888916	-0.32121963798999786
732	0.1619112193584442	-0.15940508246421814	-0.32131630182266235
733	0.16184565424919128	-0.159536212682724	-0.3213818669319153
734	0.16156890988349915	-0.16008970141410828	-0.3216586112976074
735	0.16112001240253448	-0.1609874963760376	-0.3221075087785721
736	0.16099485754966736	-0.16123780608177185	-0.3222326636314392
737	0.16074144840240479	-0.161744624376297	-0.3224860727787018
738	0.16054776310920715	-0.16213199496269226	-0.3226797580718994
739	0.16045816242694855	-0.16231119632720947	-0.322769358754158
740	0.16019997000694275	-0.16282758116722107	-0.3230275511741638
741	0.15982221066951752	-0.16358309984207153	-0.32340531051158905
742	0.15954850614070892	-0.16413050889968872	-0.32367901504039764
743	0.15937502682209015	-0.16447746753692627	-0.3238524943590164
744	0.1593009978532791	-0.16462552547454834	-0.32392652332782745
745	0.15904992818832397	-0.16512766480445862	-0.3241775929927826
746	0.15857315063476562	-0.16608121991157532	-0.32465437054634094
747	0.15831583738327026	-0.16659584641456604	-0.3249116837978363
748	0.15815170109272003	-0.1669241189956665	-0.32507582008838654
749	0.158021479845047	-0.16718456149101257	-0.32520604133605957
750	0.1579390913248062	-0.16734933853149414	-0.32528842985630035
751	0.15786007046699524	-0.1675073802471161	-0.32536745071411133
752	0.15771663188934326	-0.16779425740242004	-0.3255108892917633
753	0.15765085816383362	-0.16792580485343933	-0.32557666301727295
754	0.1575699895620346	-0.16808754205703735	-0.32565753161907196
755	0.1571091115474701	-0.16900929808616638	-0.3261184096336365
756	0.15646569430828094	-0.17029613256454468	-0.3267618268728256
757	0.15642721951007843	-0.1703730821609497	-0.32680030167102814
758	0.15627546608448029	-0.170676589012146	-0.3269520550966263
759	0.1558559238910675	-0.17151567339897156	-0.32737159729003906
760	0.15551863610744476	-0.17219024896621704	-0.3277088850736618
761	0.15528731048107147	-0.17265290021896362	-0.3279402107000351
762	0.15515831112861633	-0.1729108989238739	-0.32806921005249023
763	0.15507806837558746	-0.17307138442993164	-0.3281494528055191
764	0.1550268828868866	-0.17317375540733337	-0.32820063829421997
765	0.1547117978334427	-0.1738039255142212	-0.3285157233476639
766	0.15431179106235504	-0.17460393905639648	-0.3289157301187515
767	0.15407748520374298	-0.1750725507736206	-0.3291500359773636
768	0.15390685200691223	-0.1754138171672821	-0.32932066917419434
769	0.1537991613149643	-0.17562919855117798	-0.3294283598661423
770	0.15370014309883118	-0.1758272349834442	-0.3295273780822754
771	0.15331824123859406	-0.17659103870391846	-0.3299092799425125
772	0.15303069353103638	-0.1771661341190338	-0.3301968276500702
773	0.15283694863319397	-0.17755362391471863	-0.3303905725479126
774	0.15274296700954437	-0.17774158716201782	-0.3304845541715622
775	0.15262363851070404	-0.1779802441596985	-0.3306038826704025
776	0.15254266560077667	-0.17814218997955322	-0.3306848555803299
777	0.15237562358379364	-0.1784762740135193	-0.3308518975973129
778	0.1520228534936905	-0.17918181419372559	-0.3312046676874161
779	0.1517641693353653	-0.17969918251037598	-0.33146335184574127
780	0.1515997052192688	-0.18002811074256897	-0.33162781596183777
781	0.1515350043773651	-0.18015751242637634	-0.33169251680374146
782	0.15136615931987762	-0.18049520254135132	-0.33186136186122894
783	0.15093085169792175	-0.18136581778526306	-0.3322966694831848
784	0.1506159007549286	-0.1819957196712494	-0.332611620426178
785	0.15047389268875122	-0.18227973580360413	-0.33275362849235535
786	0.15036478638648987	-0.18249794840812683	-0.3328627347946167
787	0.15029378235340118	-0.1826399564743042	-0.3329337388277054
788	0.15020643174648285	-0.18281465768814087	-0.3330210894346237
789	0.15006963908672333	-0.1830882430076599	-0.33315788209438324
790	0.14999613165855408	-0.1832352578639984	-0.3332313895225525
791	0.14983873069286346	-0.18355005979537964	-0.3333887904882431
792	0.14949935674667358	-0.1842288076877594	-0.333728164434433
793	0.14925408363342285	-0.18471935391426086	-0.3339734375476837
794	0.1490994542837143	-0.18502861261367798	-0.3341280668973923
795	0.1490388959646225	-0.18514972925186157	-0.33418862521648407
796	0.14887642860412598	-0.18547466397285461	-0.3343510925769806
797	0.14845865964889526	-0.18631020188331604	-0.3347688615322113
798	0.14814750850200653	-0.1869325041770935	-0.33508001267910004
799	0.14801813662052155	-0.18719124794006348	-0.335209384560585
800	0.14783406257629395	-0.18755939602851868	-0.3353934586048126
801	0.14743508398532867	-0.18835735321044922	-0.3357924371957779
802	0.1471976637840271	-0.18883219361305237	-0.33602985739707947
803	0.1470581591129303	-0.18911120295524597	-0.33616936206817627
804	0.14697781205177307	-0.18927189707756042	-0.3362497091293335
805	0.14683982729911804	-0.18954786658287048	-0.3363876938819885
806	0.1467752754688263	-0.18967697024345398	-0.3364522457122803
807	0.14669686555862427	-0.18983379006385803	-0.3365306556224823
808	0.14626318216323853	-0.19070115685462952	-0.33696433901786804
809	0.14567776024341583	-0.1918720006942749	-0.33754976093769073
810	0.14562419056892395	-0.19197914004325867	-0.3376033306121826
811	0.14528211951255798	-0.1926632821559906	-0.3379454016685486
812	0.14492075145244598	-0.1933860182762146	-0.3383067697286606
813	0.1446058303117752	-0.19401586055755615	-0.33862169086933136
814	0.14443665742874146	-0.19435420632362366	-0.3387908637523651
815	0.14432860910892487	-0.19457030296325684	-0.3388989120721817
816	0.14422118663787842	-0.19478514790534973	-0.33900633454322815
817	0.14412997663021088	-0.19496756792068481	-0.3390975445508957
818	0.14405985176563263	-0.1951078176498413	-0.33916766941547394
819	0.14399589598178864	-0.1952357292175293	-0.33923162519931793
820	0.14389121532440186	-0.19544509053230286	-0.3393363058567047
821	0.14384469389915466	-0.19553813338279724	-0.3393828272819519
822	0.14374715089797974	-0.1957332193851471	-0.33948037028312683
823	0.14369192719459534	-0.1958436667919159	-0.33953559398651123
824	0.14364220201969147	-0.19594311714172363	-0.3395853191614151
825	0.14359578490257263	-0.1960359513759613	-0.33963173627853394
826	0.143228679895401	-0.19677016139030457	-0.33999884128570557
827	0.14268186688423157	-0.19786378741264343	-0.340545654296875
828	0.14263229072093964	-0.1979629397392273	-0.34059523046016693
829	0.14215384423732758	-0.19891983270645142	-0.341073676943779
830	0.14193691313266754	-0.19935369491577148	-0.341290608048439
831	0.1418382227420807	-0.1995510756969452	-0.3413892984390259
832	0.14172662794589996	-0.19977426528930664	-0.3415008932352066
833	0.14165322482585907	-0.19992107152938843	-0.3415742963552475
834	0.14157846570014954	-0.2000705897808075	-0.34164905548095703
835	0.1415088176727295	-0.20020988583564758	-0.3417187035083771
836	0.1414383351802826	-0.20035085082054138	-0.341789186000824
837	0.14137929677963257	-0.20046892762184143	-0.341848224401474
838	0.14133726060390472	-0.20055299997329712	-0.34189026057720184
839	0.141291081905365	-0.2006453573703766	-0.3419364392757416
840	0.1412198692560196	-0.20078778266906738	-0.342007651925087
841	0.14111337065696716	-0.20100077986717224	-0.3421141505241394
842	0.14070293307304382	-0.20182165503501892	-0.34252458810806274
843	0.14046572148799896	-0.20229607820510864	-0.3427617996931076
844	0.1402571201324463	-0.202713280916214	-0.3429704010486603
845	0.14015281200408936	-0.20292189717292786	-0.3430747091770172
846	0.14008310437202454	-0.2030613124370575	-0.34314441680908203
847	0.14004172384738922	-0.20314407348632812	-0.34318579733371735
848	0.1400032788515091	-0.20322096347808838	-0.3432242423295975
849	0.13996736705303192	-0.20329278707504272	-0.34326015412807465
850	0.1398783028125763	-0.20347091555595398	-0.3433492183685303
851	0.13963162899017334	-0.2039642632007599	-0.3435958921909332
852	0.13908331096172333	-0.2050608992576599	-0.34414421021938324
853	0.13905203342437744	-0.20512345433235168	-0.3441754877567291
854	0.1390255242586136	-0.2051764726638794	-0.344201996922493
855	0.13871139287948608	-0.2058047354221344	-0.3445161283016205
856	0.1382465809583664	-0.20673435926437378	-0.3449809402227402
857	0.13822393119335175	-0.20677965879440308	-0.3450035899877548
858	0.13813062012195587	-0.20696628093719482	-0.3450969010591507
859	0.13799235224723816	-0.20724281668663025	-0.3452351689338684
860	0.13747714459896088	-0.20827323198318481	-0.3457503765821457
861	0.13743938505649567	-0.20834875106811523	-0.3457881361246109
862	0.13724364340305328	-0.208740234375	-0.3459838777780533
863	0.13679245114326477	-0.20964261889457703	-0.3464350700378418
864	0.13677500188350677	-0.20967751741409302	-0.3464525192975998
865	0.13673405349254608	-0.2097594141960144	-0.3464934676885605
866	0.13672074675559998	-0.20978602766990662	-0.3465067744255066
867	0.1366957575082779	-0.20983600616455078	-0.3465317636728287
868	0.1366582065820694	-0.20991110801696777	-0.34656931459903717
869	0.1366453319787979	-0.20993685722351074	-0.34658218920230865
870	0.13663215935230255	-0.20996320247650146	-0.346595361828804
871	0.13659600913524628	-0.210035502910614	-0.3466315120458603
872	0.13658176362514496	-0.21006399393081665	-0.3466457575559616
873	0.13657253980636597	-0.21008244156837463	-0.3466549813747406
874	0.13646982610225677	-0.21028786897659302	-0.3467576950788498
875	0.13637682795524597	-0.21047386527061462	-0.3468506932258606
876	0.1363126039505005	-0.2106023132801056	-0.3469149172306061
877	0.13627679646015167	-0.21067392826080322	-0.3469507247209549
878	0.136269211769104	-0.21068909764289856	-0.34695830941200256
879	0.13616842031478882	-0.21089068055152893	-0.34705910086631775
880	0.13607797026634216	-0.21107158064842224	-0.3471495509147644
881	0.13601629436016083	-0.2111949324607849	-0.34721122682094574
882	0.13598278164863586	-0.21126195788383484	-0.3472447395324707
883	0.13597699999809265	-0.21127352118492126	-0.3472505211830139
884	0.1358785480260849	-0.21147042512893677	-0.34734897315502167
885	0.13579024374485016	-0.21164703369140625	-0.3474372774362564
886	0.13573065400123596	-0.21176621317863464	-0.3474968671798706
887	0.13569918274879456	-0.21182915568351746	-0.347528338432312
888	0.13569524884223938	-0.2118370234966278	-0.3475322723388672
889	0.13559949398040771	-0.21202853322029114	-0.34762802720069885
890	0.13551348447799683	-0.21220055222511292	-0.34771403670310974
891	0.13545559346675873	-0.2123163342475891	-0.34777192771434784
892	0.13542574644088745	-0.21237602829933167	-0.3478017747402191
893	0.13542325794696808	-0.2123810052871704	-0.3478042632341385
894	0.13538488745689392	-0.21245774626731873	-0.34784263372421265
895	0.1353825479745865	-0.2124624252319336	-0.3478449732065201
896	0.13528960943222046	-0.21264830231666565	-0.3479379117488861
897	0.1352061778306961	-0.21281516551971436	-0.34802134335041046
898	0.13515016436576843	-0.2129271924495697	-0.34807735681533813
899	0.13512161374092102	-0.21298429369926453	-0.34810590744018555
900	0.1351204812526703	-0.212986558675766	-0.3481070399284363
901	0.13502955436706543	-0.2131684124469757	-0.34819796681404114
902	0.13494929671287537	-0.21332892775535583	-0.3482782244682312
903	0.1348954439163208	-0.21343663334846497	-0.34833207726478577
904	0.13486836850643158	-0.2134907841682434	-0.348359152674675
905	0.1348676234483719	-0.2134922742843628	-0.3483598977327347
906	0.13484372198581696	-0.21354007720947266	-0.3483837991952896
907	0.13482216000556946	-0.21358320116996765	-0.3484053611755371
908	0.13482056558132172	-0.21358639001846313	-0.34840695559978485
909	0.1348050981760025	-0.21361732482910156	-0.34842242300510406
910	0.13478432595729828	-0.21365886926651	-0.3484431952238083
911	0.13478343188762665	-0.21366065740585327	-0.3484440892934799
912	0.1347726732492447	-0.2136821746826172	-0.3484548479318619
913	0.13475309312343597	-0.21372133493423462	-0.3484744280576706
914	0.13475215435028076	-0.21372321248054504	-0.3484753668308258
915	0.1347464621067047	-0.21373459696769714	-0.34848105907440186
916	0.13472753763198853	-0.21377244591712952	-0.34849998354911804
917	0.13472695648670197	-0.21377360820770264	-0.3485005646944046
918	0.13472560048103333	-0.21377632021903992	-0.34850192070007324
919	0.13470757007598877	-0.21381238102912903	-0.3485199511051178
920	0.13470633327960968	-0.2138148546218872	-0.3485211879014969
921	0.13470609486103058	-0.2138153314590454	-0.348521426320076
922	0.13461878895759583	-0.21398994326591492	-0.34860873222351074
923	0.13453888893127441	-0.21414974331855774	-0.34868863224983215
924	0.13448776304721832	-0.21425199508666992	-0.34873975813388824
925	0.13446246087551117	-0.21430259943008423	-0.3487650603055954
926	0.13446244597434998	-0.21430262923240662	-0.3487650752067566
927	0.13446246087551117	-0.21430259943008423	-0.3487650603055954
928	0.13446246087551117	-0.21430259943008423	-0.3487650603055954
929	0.13446244597434998	-0.21430262923240662	-0.3487650752067566
930	0.13446244597434998	-0.21430262923240662	-0.3487650752067566
931	0.13446244597434998	-0.21430262923240662	-0.3487650752067566
932	0.13446246087551117	-0.21430259943008423	-0.3487650603055954
933	0.13446246087551117	-0.21430259943008423	-0.3487650603055954
934	0.13446246087551117	-0.21430259943008423	-0.3487650603055954
935	0.13446244597434998	-0.21430262923240662	-0.3487650752067566
936	0.13446246087551117	-0.21430259943008423	-0.3487650603055954
937	0.13446244597434998	-0.21430262923240662	-0.3487650752067566
938	0.13446246087551117	-0.21430259943008423	-0.3487650603055954
939	0.13446246087551117	-0.21430259943008423	-0.3487650603055954
940	0.13446244597434998	-0.21430262923240662	-0.3487650752067566
941	0.13446246087551117	-0.21430259943008423	-0.3487650603055954
942	0.13446244597434998	-0.21430262923240662	-0.3487650752067566
943	0.13446246087551117	-0.21430259943008423	-0.3487650603055954
944	0.13446246087551117	-0.21430259943008423	-0.3487650603055954
945	0.13446246087551117	-0.21430259943008423	-0.3487650603055954
946	0.13446244597434998	-0.21430262923240662	-0.3487650752067566
947	0.13446244597434998	-0.21430262923240662	-0.3487650752067566
948	0.13446244597434998	-0.21430262923240662	-0.3487650752067566
949	0.13446244597434998	-0.21430262923240662	-0.3487650752067566
950	0.13446244597434998	-0.21430262923240662	-0.3487650752067566
951	0.13446244597434998	-0.21430262923240662	-0.3487650752067566
952	0.13446244597434998	-0.21430262923240662	-0.3487650752067566
953	0.13446244597434998	-0.21430262923240662	-0.3487650752067566
954	0.13446244597434998	-0.21430262923240662	-0.3487650752067566
955	0.13446244597434998	-0.21430262923240662	-0.3487650752067566
956	0.13446244597434998	-0.21430262923240662	-0.3487650752067566
957	0.13446244597434998	-0.21430262923240662	-0.3487650752067566
958	0.13446244597434998	-0.21430262923240662	-0.3487650752067566
959	0.13446244597434998	-0.21430262923240662	-0.3487650752067566
960	0.13446244597434998	-0.21430262923240662	-0.3487650752067566
961	0.13446244597434998	-0.21430262923240662	-0.3487650752067566
962	0.13446244597434998	-0.21430262923240662	-0.3487650752067566
963	0.13446244597434998	-0.21430262923240662	-0.3487650752067566
964	0.13446244597434998	-0.21430262923240662	-0.3487650752067566
965	0.13446244597434998	-0.21430262923240662	-0.3487650752067566
966	0.13446244597434998	-0.21430262923240662	-0.3487650752067566
967	0.13446244597434998	-0.21430262923240662	-0.3487650752067566
968	0.13446243107318878	-0.214302659034729	-0.3487650901079178
969	0.13446243107318878	-0.214302659034729	-0.3487650901079178
970	0.13446243107318878	-0.214302659034729	-0.3487650901079178
971	0.13446243107318878	-0.214302659034729	-0.3487650901079178
972	0.13446243107318878	-0.214302659034729	-0.3487650901079178
973	0.13446244597434998	-0.21430262923240662	-0.3487650752067566
974	0.13446244597434998	-0.21430262923240662	-0.3487650752067566
975	0.13446244597434998	-0.21430262923240662	-0.3487650752067566
976	0.13446244597434998	-0.21430262923240662	-0.3487650752067566
977	0.13446244597434998	-0.21430262923240662	-0.3487650752067566
978	0.13446244597434998	-0.21430262923240662	-0.3487650752067566
979	0.13446244597434998	-0.21430262923240662	-0.3487650752067566
980	0.13446244597434998	-0.21430262923240662	-0.3487650752067566
981	0.13446244597434998	-0.21430262923240662	-0.3487650752067566
982	0.13446243107318878	-0.214302659034729	-0.3487650901079178
983	0.13446244597434998	-0.21430262923240662	-0.3487650752067566
984	0.13446244597434998	-0.21430262923240662	-0.3487650752067566
985	0.13446244597434998	-0.21430262923240662	-0.3487650752067566
986	0.13446244597434998	-0.21430262923240662	-0.3487650752067566
987	0.13446243107318878	-0.214302659034729	-0.3487650901079178
988	0.13446244597434998	-0.21430262923240662	-0.3487650752067566
989	0.13446244597434998	-0.21430262923240662	-0.3487650752067566
990	0.13446244597434998	-0.21430262923240662	-0.3487650752067566
991	0.13446243107318878	-0.214302659034729	-0.3487650901079178
992	0.13446244597434998	-0.21430262923240662	-0.3487650752067566
993	0.13446244597434998	-0.21430262923240662	-0.3487650752067566
994	0.13446244597434998	-0.21430262923240662	-0.3487650752067566
995	0.13446244597434998	-0.21430262923240662	-0.3487650752067566
996	0.13446244597434998	-0.21430262923240662	-0.3487650752067566
997	0.13446243107318878	-0.214302659034729	-0.3487650901079178
998	0.13446243107318878	-0.214302659034729	-0.3487650901079178
999	0.13446243107318878	-0.214302659034729	-0.3487650901079178
1000	0.13446243107318878	-0.214302659034729	-0.3487650901079178
1001	0.13446243107318878	-0.214302659034729	-0.3487650901079178
1002	0.13446244597434998	-0.21430262923240662	-0.3487650752067566
1003	0.13446244597434998	-0.21430262923240662	-0.3487650752067566
1004	0.13446244597434998	-0.21430262923240662	-0.3487650752067566
1005	0.13446243107318878	-0.214302659034729	-0.3487650901079178
1006	0.13446243107318878	-0.214302659034729	-0.3487650901079178
1007	0.13446243107318878	-0.214302659034729	-0.3487650901079178
1008	0.13446244597434998	-0.21430262923240662	-0.3487650752067566
1009	0.13446243107318878	-0.214302659034729	-0.3487650901079178
1010	0.13446244597434998	-0.21430262923240662	-0.3487650752067566
1011	0.13446244597434998	-0.21430262923240662	-0.3487650752067566
1012	0.13446244597434998	-0.21430262923240662	-0.3487650752067566
1013	0.13446244597434998	-0.21430262923240662	-0.3487650752067566
1014	0.13446243107318878	-0.214302659034729	-0.3487650901079178
1015	0.13446243107318878	-0.214302659034729	-0.3487650901079178
1016	0.13446243107318878	-0.214302659034729	-0.3487650901079178
1017	0.13446243107318878	-0.214302659034729	-0.3487650901079178
1018	0.13446243107318878	-0.214302659034729	-0.3487650901079178
1019	0.13446243107318878	-0.214302659034729	-0.3487650901079178
1020	0.13446243107318878	-0.214302659034729	-0.3487650901079178
1021	0.13446243107318878	-0.214302659034729	-0.3487650901079178
1022	0.13446243107318878	-0.214302659034729	-0.3487650901079178
1023	0.13446243107318878	-0.214302659034729	-0.3487650901079178
1024	0.13446244597434998	-0.21430262923240662	-0.3487650752067566
1025	0.13446243107318878	-0.214302659034729	-0.3487650901079178
1026	0.13446243107318878	-0.214302659034729	-0.3487650901079178
1027	0.13446243107318878	-0.214302659034729	-0.3487650901079178
1028	0.13446243107318878	-0.214302659034729	-0.3487650901079178
1029	0.1344624161720276	-0.2143026888370514	-0.348765105009079
1030	0.13446243107318878	-0.214302659034729	-0.3487650901079178
1031	0.13446243107318878	-0.214302659034729	-0.3487650901079178
1032	0.13446243107318878	-0.214302659034729	-0.3487650901079178
1033	0.1344624161720276	-0.2143026888370514	-0.348765105009079
1034	0.13446244597434998	-0.21430262923240662	-0.3487650752067566
1035	0.13446244597434998	-0.21430262923240662	-0.3487650752067566
1036	0.13446243107318878	-0.214302659034729	-0.3487650901079178
1037	0.13446243107318878	-0.214302659034729	-0.3487650901079178
1038	0.13446243107318878	-0.214302659034729	-0.3487650901079178
1039	0.13446243107318878	-0.214302659034729	-0.3487650901079178
1040	0.13446243107318878	-0.214302659034729	-0.3487650901079178
1041	0.13446243107318878	-0.214302659034729	-0.3487650901079178
1042	0.13446243107318878	-0.214302659034729	-0.3487650901079178
1043	0.13446244597434998	-0.21430262923240662	-0.3487650752067566
1044	0.13446244597434998	-0.21430262923240662	-0.3487650752067566
1045	0.13446244597434998	-0.21430262923240662	-0.3487650752067566
1046	0.13446243107318878	-0.214302659034729	-0.3487650901079178
1047	0.13446243107318878	-0.214302659034729	-0.3487650901079178
1048	0.13446243107318878	-0.214302659034729	-0.3487650901079178
1049	0.1344624161720276	-0.2143026888370514	-0.348765105009079
1050	0.1344624161720276	-0.2143026888370514	-0.348765105009079
1051	0.13446243107318878	-0.214302659034729	-0.3487650901079178
1052	0.13446243107318878	-0.214302659034729	-0.3487650901079178
1053	0.1344624012708664	-0.21430271863937378	-0.3487651199102402
1054	0.13446243107318878	-0.214302659034729	-0.3487650901079178
1055	0.13446243107318878	-0.214302659034729	-0.3487650901079178
1056	0.1344624161720276	-0.2143026888370514	-0.348765105009079
1057	0.13446243107318878	-0.214302659034729	-0.3487650901079178
1058	0.13446243107318878	-0.214302659034729	-0.3487650901079178
1059	0.1344624161720276	-0.2143026888370514	-0.348765105009079
1060	0.1344624161720276	-0.2143026888370514	-0.348765105009079
1061	0.1344624161720276	-0.2143026888370514	-0.348765105009079
1062	0.1344624161720276	-0.2143026888370514	-0.348765105009079
1063	0.13446243107318878	-0.214302659034729	-0.3487650901079178
1064	0.13446243107318878	-0.214302659034729	-0.3487650901079178
1065	0.13446243107318878	-0.214302659034729	-0.3487650901079178
1066	0.13446243107318878	-0.214302659034729	-0.3487650901079178
1067	0.13446243107318878	-0.214302659034729	-0.3487650901079178
1068	0.13446243107318878	-0.214302659034729	-0.3487650901079178
1069	0.1344624161720276	-0.2143026888370514	-0.348765105009079
1070	0.1344624161720276	-0.2143026888370514	-0.348765105009079
1071	0.13446243107318878	-0.214302659034729	-0.3487650901079178
1072	0.13446243107318878	-0.214302659034729	-0.3487650901079178
1073	0.1344624161720276	-0.2143026888370514	-0.348765105009079
1074	0.1344624161720276	-0.2143026888370514	-0.348765105009079
1075	0.1344624161720276	-0.2143026888370514	-0.348765105009079
1076	0.1344624161720276	-0.2143026888370514	-0.348765105009079
1077	0.1344624161720276	-0.2143026888370514	-0.348765105009079
1078	0.1344624161720276	-0.2143026888370514	-0.348765105009079
1079	0.1344624161720276	-0.2143026888370514	-0.348765105009079
1080	0.1344624161720276	-0.2143026888370514	-0.348765105009079
1081	0.13446243107318878	-0.214302659034729	-0.3487650901079178
1082	0.1344624161720276	-0.2143026888370514	-0.348765105009079
1083	0.13446243107318878	-0.214302659034729	-0.3487650901079178
1084	0.13446243107318878	-0.214302659034729	-0.3487650901079178
1085	0.13446243107318878	-0.214302659034729	-0.3487650901079178
1086	0.13446243107318878	-0.214302659034729	-0.3487650901079178
1087	0.13446243107318878	-0.214302659034729	-0.3487650901079178
1088	0.13446243107318878	-0.214302659034729	-0.3487650901079178
1089	0.1344624161720276	-0.2143026888370514	-0.348765105009079
1090	0.13446243107318878	-0.214302659034729	-0.3487650901079178
1091	0.13446243107318878	-0.214302659034729	-0.3487650901079178
1092	0.13446243107318878	-0.214302659034729	-0.3487650901079178
1093	0.1344624012708664	-0.21430271863937378	-0.3487651199102402
1094	0.13446243107318878	-0.214302659034729	-0.3487650901079178
1095	0.13446243107318878	-0.214302659034729	-0.3487650901079178
1096	0.13446243107318878	-0.214302659034729	-0.3487650901079178
1097	0.1344624012708664	-0.21430271863937378	-0.3487651199102402
1098	0.13446243107318878	-0.214302659034729	-0.3487650901079178
1099	0.13446243107318878	-0.214302659034729	-0.3487650901079178
1100	0.1344624161720276	-0.2143026888370514	-0.348765105009079
1101	0.1344624161720276	-0.2143026888370514	-0.348765105009079
1102	0.1344624161720276	-0.2143026888370514	-0.348765105009079
1103	0.1344624161720276	-0.2143026888370514	-0.348765105009079
1104	0.1344624161720276	-0.2143026888370514	-0.348765105009079
1105	0.1344624012708664	-0.21430271863937378	-0.3487651199102402
1106	0.1344624161720276	-0.2143026888370514	-0.348765105009079
1107	0.1344624161720276	-0.2143026888370514	-0.348765105009079
1108	0.1344624161720276	-0.2143026888370514	-0.348765105009079
1109	0.1344624012708664	-0.21430271863937378	-0.3487651199102402
1110	0.1344624161720276	-0.2143026888370514	-0.348765105009079
1111	0.1344624161720276	-0.2143026888370514	-0.348765105009079
1112	0.1344624161720276	-0.2143026888370514	-0.348765105009079
1113	0.1344624161720276	-0.2143026888370514	-0.348765105009079
1114	0.1344624161720276	-0.2143026888370514	-0.348765105009079
1115	0.13446243107318878	-0.214302659034729	-0.3487650901079178
1116	0.13446243107318878	-0.214302659034729	-0.3487650901079178
1117	0.1344624161720276	-0.2143026888370514	-0.348765105009079
1118	0.13446243107318878	-0.214302659034729	-0.3487650901079178
1119	0.1344624161720276	-0.2143026888370514	-0.348765105009079
1120	0.1344624161720276	-0.2143026888370514	-0.348765105009079
1121	0.1344624161720276	-0.2143026888370514	-0.348765105009079
1122	0.13446243107318878	-0.214302659034729	-0.3487650901079178
1123	0.13446243107318878	-0.214302659034729	-0.3487650901079178
1124	0.1344624161720276	-0.2143026888370514	-0.348765105009079
1125	0.13446243107318878	-0.214302659034729	-0.3487650901079178
1126	0.13446243107318878	-0.214302659034729	-0.3487650901079178
1127	0.13446243107318878	-0.214302659034729	-0.3487650901079178
1128	0.13446243107318878	-0.214302659034729	-0.3487650901079178
1129	0.13446243107318878	-0.214302659034729	-0.3487650901079178
1130	0.1344624161720276	-0.2143026888370514	-0.348765105009079
1131	0.13446243107318878	-0.214302659034729	-0.3487650901079178
1132	0.1344624161720276	-0.2143026888370514	-0.348765105009079
1133	0.1344624161720276	-0.2143026888370514	-0.348765105009079
1134	0.1344624161720276	-0.2143026888370514	-0.348765105009079
1135	0.13446243107318878	-0.214302659034729	-0.3487650901079178
1136	0.13446243107318878	-0.214302659034729	-0.3487650901079178
1137	0.1344624161720276	-0.2143026888370514	-0.348765105009079
1138	0.13446243107318878	-0.214302659034729	-0.3487650901079178
1139	0.13446243107318878	-0.214302659034729	-0.3487650901079178
1140	0.13446243107318878	-0.214302659034729	-0.3487650901079178
1141	0.1344624161720276	-0.2143026888370514	-0.348765105009079
1142	0.13446243107318878	-0.214302659034729	-0.3487650901079178
1143	0.1344624161720276	-0.2143026888370514	-0.348765105009079
1144	0.1344624012708664	-0.21430271863937378	-0.3487651199102402
1145	0.1344624161720276	-0.2143026888370514	-0.348765105009079
1146	0.13446243107318878	-0.214302659034729	-0.3487650901079178
1147	0.1344624161720276	-0.2143026888370514	-0.348765105009079
1148	0.13446243107318878	-0.214302659034729	-0.3487650901079178
1149	0.13446243107318878	-0.214302659034729	-0.3487650901079178
1150	0.13446243107318878	-0.214302659034729	-0.3487650901079178
1151	0.13446243107318878	-0.214302659034729	-0.3487650901079178
1152	0.13446243107318878	-0.214302659034729	-0.3487650901079178
1153	0.1344624161720276	-0.2143026888370514	-0.348765105009079
1154	0.1344624012708664	-0.21430271863937378	-0.3487651199102402
1155	0.1344624161720276	-0.2143026888370514	-0.348765105009079
1156	0.1344624161720276	-0.2143026888370514	-0.348765105009079
1157	0.1344624161720276	-0.2143026888370514	-0.348765105009079
1158	0.13446243107318878	-0.214302659034729	-0.3487650901079178
1159	0.1344624161720276	-0.2143026888370514	-0.348765105009079
1160	0.13446243107318878	-0.214302659034729	-0.3487650901079178
1161	0.13446243107318878	-0.214302659034729	-0.3487650901079178
1162	0.13446243107318878	-0.214302659034729	-0.3487650901079178
1163	0.13446243107318878	-0.214302659034729	-0.3487650901079178
1164	0.1344624161720276	-0.2143026888370514	-0.348765105009079
1165	0.13446243107318878	-0.214302659034729	-0.3487650901079178
1166	0.1344624161720276	-0.2143026888370514	-0.348765105009079
1167	0.13446243107318878	-0.214302659034729	-0.3487650901079178
1168	0.1344624161720276	-0.2143026888370514	-0.348765105009079
1169	0.13446243107318878	-0.214302659034729	-0.3487650901079178
1170	0.1344624012708664	-0.21430271863937378	-0.3487651199102402
1171	0.1344624161720276	-0.2143026888370514	-0.348765105009079
1172	0.1344624012708664	-0.21430271863937378	-0.3487651199102402
1173	0.1344624161720276	-0.2143026888370514	-0.348765105009079
1174	0.1344624012708664	-0.21430271863937378	-0.3487651199102402
1175	0.1344624012708664	-0.21430271863937378	-0.3487651199102402
1176	0.1344624012708664	-0.21430271863937378	-0.3487651199102402
1177	0.1344624161720276	-0.2143026888370514	-0.348765105009079
1178	0.1344624161720276	-0.2143026888370514	-0.348765105009079
1179	0.1344624161720276	-0.2143026888370514	-0.348765105009079
1180	0.1344624161720276	-0.2143026888370514	-0.348765105009079
1181	0.13446243107318878	-0.214302659034729	-0.3487650901079178
1182	0.13446243107318878	-0.214302659034729	-0.3487650901079178
1183	0.13446243107318878	-0.214302659034729	-0.3487650901079178
1184	0.13446243107318878	-0.214302659034729	-0.3487650901079178
1185	0.13446243107318878	-0.214302659034729	-0.3487650901079178
1186	0.13446243107318878	-0.214302659034729	-0.3487650901079178
1187	0.1344624161720276	-0.2143026888370514	-0.348765105009079
1188	0.13446243107318878	-0.214302659034729	-0.3487650901079178
1189	0.1344624012708664	-0.21430271863937378	-0.3487651199102402
1190	0.1344624161720276	-0.2143026888370514	-0.348765105009079
1191	0.1344624161720276	-0.2143026888370514	-0.348765105009079
1192	0.1344624012708664	-0.21430271863937378	-0.3487651199102402
1193	0.1344624161720276	-0.2143026888370514	-0.348765105009079
1194	0.13446243107318878	-0.214302659034729	-0.3487650901079178
1195	0.13446243107318878	-0.214302659034729	-0.3487650901079178
1196	0.13446243107318878	-0.214302659034729	-0.3487650901079178
1197	0.13446243107318878	-0.214302659034729	-0.3487650901079178
1198	0.1344624161720276	-0.2143026888370514	-0.348765105009079
1199	0.13446243107318878	-0.214302659034729	-0.3487650901079178
1200	0.13446243107318878	-0.214302659034729	-0.3487650901079178
1201	0.13446243107318878	-0.214302659034729	-0.3487650901079178
1202	0.13446243107318878	-0.214302659034729	-0.3487650901079178
1203	0.13446243107318878	-0.214302659034729	-0.3487650901079178
1204	0.13446243107318878	-0.214302659034729	-0.3487650901079178
1205	0.13446243107318878	-0.214302659034729	-0.3487650901079178
1206	0.13446243107318878	-0.214302659034729	-0.3487650901079178
1207	0.13446243107318878	-0.214302659034729	-0.3487650901079178
1208	0.1344624161720276	-0.2143026888370514	-0.348765105009079
1209	0.1344624161720276	-0.2143026888370514	-0.348765105009079
1210	0.1344624161720276	-0.2143026888370514	-0.348765105009079
1211	0.1344624161720276	-0.2143026888370514	-0.348765105009079
1212	0.1344624161720276	-0.2143026888370514	-0.348765105009079
1213	0.1344624161720276	-0.2143026888370514	-0.348765105009079
1214	0.13446243107318878	-0.214302659034729	-0.3487650901079178
1215	0.13446243107318878	-0.214302659034729	-0.3487650901079178
1216	0.1344624161720276	-0.2143026888370514	-0.348765105009079
1217	0.1344624161720276	-0.2143026888370514	-0.348765105009079
1218	0.1344624161720276	-0.2143026888370514	-0.348765105009079
1219	0.1344624161720276	-0.2143026888370514	-0.348765105009079
1220	0.1344624161720276	-0.2143026888370514	-0.348765105009079
1221	0.1344624161720276	-0.2143026888370514	-0.348765105009079
1222	0.13446243107318878	-0.214302659034729	-0.3487650901079178
1223	0.13446243107318878	-0.214302659034729	-0.3487650901079178
1224	0.1344624161720276	-0.2143026888370514	-0.348765105009079
1225	0.13446243107318878	-0.214302659034729	-0.3487650901079178
1226	0.13446243107318878	-0.214302659034729	-0.3487650901079178
1227	0.1344624161720276	-0.2143026888370514	-0.348765105009079
1228	0.13446243107318878	-0.214302659034729	-0.3487650901079178
1229	0.13446243107318878	-0.214302659034729	-0.3487650901079178
1230	0.13446243107318878	-0.214302659034729	-0.3487650901079178
1231	0.1344624161720276	-0.2143026888370514	-0.348765105009079
1232	0.13446243107318878	-0.214302659034729	-0.3487650901079178
1233	0.13446243107318878	-0.214302659034729	-0.3487650901079178
1234	0.13446243107318878	-0.214302659034729	-0.3487650901079178
1235	0.13446243107318878	-0.214302659034729	-0.3487650901079178
1236	0.13446243107318878	-0.214302659034729	-0.3487650901079178
1237	0.13446243107318878	-0.214302659034729	-0.3487650901079178
1238	0.13446243107318878	-0.214302659034729	-0.3487650901079178
1239	0.13446243107318878	-0.214302659034729	-0.3487650901079178
1240	0.13446243107318878	-0.214302659034729	-0.3487650901079178
1241	0.13446243107318878	-0.214302659034729	-0.3487650901079178
1242	0.13446243107318878	-0.214302659034729	-0.3487650901079178
1243	0.13446243107318878	-0.214302659034729	-0.3487650901079178
1244	0.13446243107318878	-0.214302659034729	-0.3487650901079178
1245	0.13446243107318878	-0.214302659034729	-0.3487650901079178
1246	0.13446243107318878	-0.214302659034729	-0.3487650901079178
1247	0.13446243107318878	-0.214302659034729	-0.3487650901079178
1248	0.1344624012708664	-0.21430271863937378	-0.3487651199102402
1249	0.1344624161720276	-0.2143026888370514	-0.348765105009079
1250	0.1344624161720276	-0.2143026888370514	-0.348765105009079
1251	0.13446243107318878	-0.214302659034729	-0.3487650901079178
1252	0.13446243107318878	-0.214302659034729	-0.3487650901079178
1253	0.13446243107318878	-0.214302659034729	-0.3487650901079178
1254	0.1344624161720276	-0.2143026888370514	-0.348765105009079
1255	0.13446243107318878	-0.214302659034729	-0.3487650901079178
1256	0.1344624161720276	-0.2143026888370514	-0.348765105009079
1257	0.13446243107318878	-0.214302659034729	-0.3487650901079178
1258	0.13446243107318878	-0.214302659034729	-0.3487650901079178
1259	0.13446243107318878	-0.214302659034729	-0.3487650901079178
1260	0.13446243107318878	-0.214302659034729	-0.3487650901079178
1261	0.13446243107318878	-0.214302659034729	-0.3487650901079178
1262	0.13446243107318878	-0.214302659034729	-0.3487650901079178
1263	0.13446243107318878	-0.214302659034729	-0.3487650901079178
1264	0.1344624161720276	-0.2143026888370514	-0.348765105009079
1265	0.1344624161720276	-0.2143026888370514	-0.348765105009079
1266	0.13446243107318878	-0.214302659034729	-0.3487650901079178
1267	0.13446243107318878	-0.214302659034729	-0.3487650901079178
1268	0.13446243107318878	-0.214302659034729	-0.3487650901079178
1269	0.1344624161720276	-0.2143026888370514	-0.348765105009079
1270	0.1344624161720276	-0.2143026888370514	-0.348765105009079
1271	0.1344624161720276	-0.2143026888370514	-0.348765105009079
1272	0.1344624161720276	-0.2143026888370514	-0.348765105009079
1273	0.13446243107318878	-0.214302659034729	-0.3487650901079178
1274	0.13446243107318878	-0.214302659034729	-0.3487650901079178
1275	0.13446243107318878	-0.214302659034729	-0.3487650901079178
1276	0.1344624161720276	-0.2143026888370514	-0.348765105009079
1277	0.1344624161720276	-0.2143026888370514	-0.348765105009079
1278	0.13446243107318878	-0.214302659034729	-0.3487650901079178
1279	0.13446243107318878	-0.214302659034729	-0.3487650901079178
1280	0.13446243107318878	-0.214302659034729	-0.3487650901079178
1281	0.13446243107318878	-0.214302659034729	-0.3487650901079178
1282	0.13446243107318878	-0.214302659034729	-0.3487650901079178
1283	0.13446243107318878	-0.214302659034729	-0.3487650901079178
1284	0.1344624012708664	-0.21430271863937378	-0.3487651199102402
1285	0.1344624012708664	-0.21430271863937378	-0.3487651199102402
1286	0.13446243107318878	-0.214302659034729	-0.3487650901079178
1287	0.13446243107318878	-0.214302659034729	-0.3487650901079178
1288	0.1344624161720276	-0.2143026888370514	-0.348765105009079
1289	0.1344624161720276	-0.2143026888370514	-0.348765105009079
1290	0.13446243107318878	-0.214302659034729	-0.3487650901079178
1291	0.13446243107318878	-0.214302659034729	-0.3487650901079178
1292	0.1344624012708664	-0.21430271863937378	-0.3487651199102402
1293	0.1344624161720276	-0.2143026888370514	-0.348765105009079
1294	0.1344624012708664	-0.21430271863937378	-0.3487651199102402
1295	0.1344624161720276	-0.2143026888370514	-0.348765105009079
1296	0.13446243107318878	-0.214302659034729	-0.3487650901079178
1297	0.13446243107318878	-0.214302659034729	-0.3487650901079178
1298	0.13446243107318878	-0.214302659034729	-0.3487650901079178
1299	0.13446243107318878	-0.214302659034729	-0.3487650901079178
1300	0.1344624161720276	-0.2143026888370514	-0.348765105009079
1301	0.1344624161720276	-0.2143026888370514	-0.348765105009079
1302	0.1344624161720276	-0.2143026888370514	-0.348765105009079
1303	0.13446243107318878	-0.214302659034729	-0.3487650901079178
1304	0.1344624161720276	-0.2143026888370514	-0.348765105009079
1305	0.13446243107318878	-0.214302659034729	-0.3487650901079178
1306	0.13446243107318878	-0.214302659034729	-0.3487650901079178
1307	0.13446243107318878	-0.214302659034729	-0.3487650901079178
1308	0.1344624161720276	-0.2143026888370514	-0.348765105009079
1309	0.13446243107318878	-0.214302659034729	-0.3487650901079178
1310	0.13446243107318878	-0.214302659034729	-0.3487650901079178
1311	0.13446243107318878	-0.214302659034729	-0.3487650901079178
1312	0.13446243107318878	-0.214302659034729	-0.3487650901079178
1313	0.13446243107318878	-0.214302659034729	-0.3487650901079178
1314	0.13446243107318878	-0.214302659034729	-0.3487650901079178
1315	0.13446243107318878	-0.214302659034729	-0.3487650901079178
1316	0.13446243107318878	-0.214302659034729	-0.3487650901079178
1317	0.13446243107318878	-0.214302659034729	-0.3487650901079178
1318	0.13446243107318878	-0.214302659034729	-0.3487650901079178
1319	0.13446243107318878	-0.214302659034729	-0.3487650901079178
1320	0.13446243107318878	-0.214302659034729	-0.3487650901079178
1321	0.13446243107318878	-0.214302659034729	-0.3487650901079178
1322	0.13446243107318878	-0.214302659034729	-0.3487650901079178
1323	0.1344624161720276	-0.2143026888370514	-0.348765105009079
1324	0.1344624161720276	-0.2143026888370514	-0.348765105009079
1325	0.13446243107318878	-0.214302659034729	-0.3487650901079178
1326	0.13446243107318878	-0.214302659034729	-0.3487650901079178
1327	0.13446243107318878	-0.214302659034729	-0.3487650901079178
1328	0.1344624012708664	-0.21430271863937378	-0.3487651199102402
1329	0.13446243107318878	-0.214302659034729	-0.3487650901079178
1330	0.13446243107318878	-0.214302659034729	-0.3487650901079178
1331	0.13446243107318878	-0.214302659034729	-0.3487650901079178
1332	0.13446243107318878	-0.214302659034729	-0.3487650901079178
1333	0.13446243107318878	-0.214302659034729	-0.3487650901079178
1334	0.1344624161720276	-0.2143026888370514	-0.348765105009079
1335	0.13446243107318878	-0.214302659034729	-0.3487650901079178
1336	0.13446243107318878	-0.214302659034729	-0.3487650901079178
1337	0.13446243107318878	-0.214302659034729	-0.3487650901079178
1338	0.13446243107318878	-0.214302659034729	-0.3487650901079178
1339	0.13446243107318878	-0.214302659034729	-0.3487650901079178
1340	0.13446243107318878	-0.214302659034729	-0.3487650901079178
1341	0.13446243107318878	-0.214302659034729	-0.3487650901079178
1342	0.13446243107318878	-0.214302659034729	-0.3487650901079178
1343	0.13446243107318878	-0.214302659034729	-0.3487650901079178
1344	0.13446243107318878	-0.214302659034729	-0.3487650901079178
1345	0.13446243107318878	-0.214302659034729	-0.3487650901079178
1346	0.13446243107318878	-0.214302659034729	-0.3487650901079178
1347	0.1344624161720276	-0.2143026888370514	-0.348765105009079
1348	0.1344624161720276	-0.2143026888370514	-0.348765105009079
1349	0.1344624161720276	-0.2143026888370514	-0.348765105009079
1350	0.13446243107318878	-0.214302659034729	-0.3487650901079178
1351	0.13446243107318878	-0.214302659034729	-0.3487650901079178
1352	0.13446243107318878	-0.214302659034729	-0.3487650901079178
1353	0.13446243107318878	-0.214302659034729	-0.3487650901079178
1354	0.13446243107318878	-0.214302659034729	-0.3487650901079178
1355	0.1344624161720276	-0.2143026888370514	-0.348765105009079
1356	0.13446243107318878	-0.214302659034729	-0.3487650901079178
1357	0.13446243107318878	-0.214302659034729	-0.3487650901079178
1358	0.13446243107318878	-0.214302659034729	-0.3487650901079178
1359	0.13446243107318878	-0.214302659034729	-0.3487650901079178
1360	0.13446243107318878	-0.214302659034729	-0.3487650901079178
1361	0.13446243107318878	-0.214302659034729	-0.3487650901079178
1362	0.13446243107318878	-0.214302659034729	-0.3487650901079178
1363	0.13446243107318878	-0.214302659034729	-0.3487650901079178
1364	0.13446243107318878	-0.214302659034729	-0.3487650901079178
1365	0.13446243107318878	-0.214302659034729	-0.3487650901079178
1366	0.13446243107318878	-0.214302659034729	-0.3487650901079178
1367	0.13446243107318878	-0.214302659034729	-0.3487650901079178
1368	0.13446243107318878	-0.214302659034729	-0.3487650901079178
1369	0.13446243107318878	-0.214302659034729	-0.3487650901079178
1370	0.1344624161720276	-0.2143026888370514	-0.348765105009079
1371	0.1344624161720276	-0.2143026888370514	-0.348765105009079
1372	0.13446243107318878	-0.214302659034729	-0.3487650901079178
1373	0.13446243107318878	-0.214302659034729	-0.3487650901079178
1374	0.13446243107318878	-0.214302659034729	-0.3487650901079178
1375	0.13446243107318878	-0.214302659034729	-0.3487650901079178
1376	0.13446243107318878	-0.214302659034729	-0.3487650901079178
1377	0.13446243107318878	-0.214302659034729	-0.3487650901079178
1378	0.13446243107318878	-0.214302659034729	-0.3487650901079178
1379	0.13446243107318878	-0.214302659034729	-0.3487650901079178
1380	0.13446243107318878	-0.214302659034729	-0.3487650901079178
1381	0.1344624161720276	-0.2143026888370514	-0.348765105009079
1382	0.13446243107318878	-0.214302659034729	-0.3487650901079178
1383	0.13446243107318878	-0.214302659034729	-0.3487650901079178
1384	0.13446243107318878	-0.214302659034729	-0.3487650901079178
1385	0.1344624161720276	-0.2143026888370514	-0.348765105009079
1386	0.13446243107318878	-0.214302659034729	-0.3487650901079178
1387	0.13446243107318878	-0.214302659034729	-0.3487650901079178
1388	0.13446243107318878	-0.214302659034729	-0.3487650901079178
1389	0.13446243107318878	-0.214302659034729	-0.3487650901079178
1390	0.1344624161720276	-0.2143026888370514	-0.348765105009079
1391	0.1344624161720276	-0.2143026888370514	-0.348765105009079
1392	0.1344624161720276	-0.2143026888370514	-0.348765105009079
1393	0.13446243107318878	-0.214302659034729	-0.3487650901079178
1394	0.13446243107318878	-0.214302659034729	-0.3487650901079178
1395	0.13446243107318878	-0.214302659034729	-0.3487650901079178
1396	0.13446243107318878	-0.214302659034729	-0.3487650901079178
1397	0.1344624161720276	-0.2143026888370514	-0.348765105009079
1398	0.13446243107318878	-0.214302659034729	-0.3487650901079178
1399	0.13446243107318878	-0.214302659034729	-0.3487650901079178
1400	0.13446243107318878	-0.214302659034729	-0.3487650901079178
1401	0.13446243107318878	-0.214302659034729	-0.3487650901079178
1402	0.13446243107318878	-0.214302659034729	-0.3487650901079178
1403	0.13446243107318878	-0.214302659034729	-0.3487650901079178
1404	0.1344624161720276	-0.2143026888370514	-0.348765105009079
1405	0.13446243107318878	-0.214302659034729	-0.3487650901079178
1406	0.13446243107318878	-0.214302659034729	-0.3487650901079178
1407	0.13446243107318878	-0.214302659034729	-0.3487650901079178
1408	0.13446243107318878	-0.214302659034729	-0.3487650901079178
1409	0.13446243107318878	-0.214302659034729	-0.3487650901079178
1410	0.13446243107318878	-0.214302659034729	-0.3487650901079178
1411	0.1344624161720276	-0.2143026888370514	-0.348765105009079
1412	0.13446243107318878	-0.214302659034729	-0.3487650901079178
1413	0.13446243107318878	-0.214302659034729	-0.3487650901079178
1414	0.13446243107318878	-0.214302659034729	-0.3487650901079178
1415	0.1344624161720276	-0.2143026888370514	-0.348765105009079
1416	0.13446243107318878	-0.214302659034729	-0.3487650901079178
1417	0.13446243107318878	-0.214302659034729	-0.3487650901079178
1418	0.13446243107318878	-0.214302659034729	-0.3487650901079178
1419	0.13446243107318878	-0.214302659034729	-0.3487650901079178
1420	0.13446243107318878	-0.214302659034729	-0.3487650901079178
1421	0.13446243107318878	-0.214302659034729	-0.3487650901079178
1422	0.13446243107318878	-0.214302659034729	-0.3487650901079178
1423	0.13446243107318878	-0.214302659034729	-0.3487650901079178
1424	0.13446243107318878	-0.214302659034729	-0.3487650901079178
1425	0.13446243107318878	-0.214302659034729	-0.3487650901079178
1426	0.1344624161720276	-0.2143026888370514	-0.348765105009079
1427	0.13446243107318878	-0.214302659034729	-0.3487650901079178
1428	0.13446243107318878	-0.214302659034729	-0.3487650901079178
1429	0.13446243107318878	-0.214302659034729	-0.3487650901079178
1430	0.13446243107318878	-0.214302659034729	-0.3487650901079178
1431	0.13446243107318878	-0.214302659034729	-0.3487650901079178
1432	0.13446243107318878	-0.214302659034729	-0.3487650901079178
1433	0.1344624161720276	-0.2143026888370514	-0.348765105009079
1434	0.13446243107318878	-0.214302659034729	-0.3487650901079178
1435	0.13446243107318878	-0.214302659034729	-0.3487650901079178
1436	0.13446243107318878	-0.214302659034729	-0.3487650901079178
1437	0.13446243107318878	-0.214302659034729	-0.3487650901079178
1438	0.1344624161720276	-0.2143026888370514	-0.348765105009079
1439	0.13446243107318878	-0.214302659034729	-0.3487650901079178
1440	0.13446243107318878	-0.214302659034729	-0.3487650901079178
1441	0.13446243107318878	-0.214302659034729	-0.3487650901079178
1442	0.13446243107318878	-0.214302659034729	-0.3487650901079178
1443	0.13446243107318878	-0.214302659034729	-0.3487650901079178
1444	0.13446243107318878	-0.214302659034729	-0.3487650901079178
1445	0.13446243107318878	-0.214302659034729	-0.3487650901079178
1446	0.13446243107318878	-0.214302659034729	-0.3487650901079178
1447	0.13446243107318878	-0.214302659034729	-0.3487650901079178
1448	0.13446243107318878	-0.214302659034729	-0.3487650901079178
1449	0.1344624161720276	-0.2143026888370514	-0.348765105009079
1450	0.1344624161720276	-0.2143026888370514	-0.348765105009079
1451	0.13446243107318878	-0.214302659034729	-0.3487650901079178
1452	0.13446243107318878	-0.214302659034729	-0.3487650901079178
1453	0.13446243107318878	-0.214302659034729	-0.3487650901079178
1454	0.13446243107318878	-0.214302659034729	-0.3487650901079178
1455	0.13446243107318878	-0.214302659034729	-0.3487650901079178
1456	0.13446243107318878	-0.214302659034729	-0.3487650901079178
1457	0.13446243107318878	-0.214302659034729	-0.3487650901079178
1458	0.13446243107318878	-0.214302659034729	-0.3487650901079178
1459	0.13446243107318878	-0.214302659034729	-0.3487650901079178
1460	0.13446243107318878	-0.214302659034729	-0.3487650901079178
1461	0.1344624161720276	-0.2143026888370514	-0.348765105009079
1462	0.13446243107318878	-0.214302659034729	-0.3487650901079178
1463	0.13446243107318878	-0.214302659034729	-0.3487650901079178
1464	0.13446243107318878	-0.214302659034729	-0.3487650901079178
1465	0.13446243107318878	-0.214302659034729	-0.3487650901079178
1466	0.13446243107318878	-0.214302659034729	-0.3487650901079178
1467	0.1344624161720276	-0.2143026888370514	-0.348765105009079
1468	0.13446243107318878	-0.214302659034729	-0.3487650901079178
1469	0.13446243107318878	-0.214302659034729	-0.3487650901079178
1470	0.13446243107318878	-0.214302659034729	-0.3487650901079178
1471	0.13446243107318878	-0.214302659034729	-0.3487650901079178
1472	0.13446243107318878	-0.214302659034729	-0.3487650901079178
1473	0.13446243107318878	-0.214302659034729	-0.3487650901079178
1474	0.13446243107318878	-0.214302659034729	-0.3487650901079178
1475	0.13446243107318878	-0.214302659034729	-0.3487650901079178
1476	0.13446243107318878	-0.214302659034729	-0.3487650901079178
1477	0.13446243107318878	-0.214302659034729	-0.3487650901079178
1478	0.13446243107318878	-0.214302659034729	-0.3487650901079178
1479	0.13446243107318878	-0.214302659034729	-0.3487650901079178
1480	0.13446243107318878	-0.214302659034729	-0.3487650901079178
1481	0.1344624161720276	-0.2143026888370514	-0.348765105009079
1482	0.13446243107318878	-0.214302659034729	-0.3487650901079178
1483	0.13446243107318878	-0.214302659034729	-0.3487650901079178
1484	0.13446243107318878	-0.214302659034729	-0.3487650901079178
1485	0.13446243107318878	-0.214302659034729	-0.3487650901079178
1486	0.13446243107318878	-0.214302659034729	-0.3487650901079178
1487	0.13446243107318878	-0.214302659034729	-0.3487650901079178
1488	0.13446243107318878	-0.214302659034729	-0.3487650901079178
1489	0.13446243107318878	-0.214302659034729	-0.3487650901079178
1490	0.1344624161720276	-0.2143026888370514	-0.348765105009079
1491	0.13446243107318878	-0.214302659034729	-0.3487650901079178
1492	0.13446243107318878	-0.214302659034729	-0.3487650901079178
1493	0.13446243107318878	-0.214302659034729	-0.3487650901079178
1494	0.13446243107318878	-0.214302659034729	-0.3487650901079178
1495	0.13446243107318878	-0.214302659034729	-0.3487650901079178
1496	0.1344624161720276	-0.2143026888370514	-0.348765105009079
1497	0.1344624161720276	-0.2143026888370514	-0.348765105009079
1498	0.13446243107318878	-0.214302659034729	-0.3487650901079178
1499	0.13446243107318878	-0.214302659034729	-0.3487650901079178
1500	0.13446243107318878	-0.214302659034729	-0.3487650901079178
1501	0.13446243107318878	-0.214302659034729	-0.3487650901079178
1502	0.1344624161720276	-0.2143026888370514	-0.348765105009079
1503	0.13446243107318878	-0.214302659034729	-0.3487650901079178
1504	0.13446243107318878	-0.214302659034729	-0.3487650901079178
1505	0.1344624161720276	-0.2143026888370514	-0.348765105009079
1506	0.13446243107318878	-0.214302659034729	-0.3487650901079178
1507	0.13446243107318878	-0.214302659034729	-0.3487650901079178
1508	0.13446243107318878	-0.214302659034729	-0.3487650901079178
1509	0.13446243107318878	-0.214302659034729	-0.3487650901079178
1510	0.13446243107318878	-0.214302659034729	-0.3487650901079178
1511	0.13446243107318878	-0.214302659034729	-0.3487650901079178
1512	0.13446243107318878	-0.214302659034729	-0.3487650901079178
1513	0.13446243107318878	-0.214302659034729	-0.3487650901079178
1514	0.13446243107318878	-0.214302659034729	-0.3487650901079178
1515	0.13446243107318878	-0.214302659034729	-0.3487650901079178
1516	0.13446243107318878	-0.214302659034729	-0.3487650901079178
1517	0.13446243107318878	-0.214302659034729	-0.3487650901079178
1518	0.13446243107318878	-0.214302659034729	-0.3487650901079178
1519	0.13446243107318878	-0.214302659034729	-0.3487650901079178
1520	0.13446243107318878	-0.214302659034729	-0.3487650901079178
1521	0.13446243107318878	-0.214302659034729	-0.3487650901079178
1522	0.13446243107318878	-0.214302659034729	-0.3487650901079178
1523	0.13446243107318878	-0.214302659034729	-0.3487650901079178
1524	0.13446243107318878	-0.214302659034729	-0.3487650901079178
1525	0.1344624161720276	-0.2143026888370514	-0.348765105009079
1526	0.13446243107318878	-0.214302659034729	-0.3487650901079178
1527	0.13446243107318878	-0.214302659034729	-0.3487650901079178
1528	0.13446243107318878	-0.214302659034729	-0.3487650901079178
1529	0.1344624161720276	-0.2143026888370514	-0.348765105009079
1530	0.13446243107318878	-0.214302659034729	-0.3487650901079178
1531	0.13446243107318878	-0.214302659034729	-0.3487650901079178
1532	0.13446243107318878	-0.214302659034729	-0.3487650901079178
1533	0.13446243107318878	-0.214302659034729	-0.3487650901079178
1534	0.13446243107318878	-0.214302659034729	-0.3487650901079178
1535	0.1344624161720276	-0.2143026888370514	-0.348765105009079
1536	0.13446243107318878	-0.214302659034729	-0.3487650901079178
1537	0.13446243107318878	-0.214302659034729	-0.3487650901079178
1538	0.13446243107318878	-0.214302659034729	-0.3487650901079178
1539	0.13446243107318878	-0.214302659034729	-0.3487650901079178
1540	0.13446243107318878	-0.214302659034729	-0.3487650901079178
1541	0.13446243107318878	-0.214302659034729	-0.3487650901079178
1542	0.13446243107318878	-0.214302659034729	-0.3487650901079178
1543	0.13446243107318878	-0.214302659034729	-0.3487650901079178
1544	0.13446243107318878	-0.214302659034729	-0.3487650901079178
1545	0.13446243107318878	-0.214302659034729	-0.3487650901079178
1546	0.13446243107318878	-0.214302659034729	-0.3487650901079178
1547	0.1344624161720276	-0.2143026888370514	-0.348765105009079
1548	0.1344624161720276	-0.2143026888370514	-0.348765105009079
1549	0.13446243107318878	-0.214302659034729	-0.3487650901079178
1550	0.13446243107318878	-0.214302659034729	-0.3487650901079178
1551	0.13446243107318878	-0.214302659034729	-0.3487650901079178
1552	0.13446243107318878	-0.214302659034729	-0.3487650901079178
1553	0.13446243107318878	-0.214302659034729	-0.3487650901079178
1554	0.13446243107318878	-0.214302659034729	-0.3487650901079178
1555	0.13446243107318878	-0.214302659034729	-0.3487650901079178
1556	0.13446243107318878	-0.214302659034729	-0.3487650901079178
1557	0.13446243107318878	-0.214302659034729	-0.3487650901079178
1558	0.13446243107318878	-0.214302659034729	-0.3487650901079178
1559	0.13446243107318878	-0.214302659034729	-0.3487650901079178
1560	0.1344624161720276	-0.2143026888370514	-0.348765105009079
1561	0.1344624161720276	-0.2143026888370514	-0.348765105009079
1562	0.13446243107318878	-0.214302659034729	-0.3487650901079178
1563	0.13446243107318878	-0.214302659034729	-0.3487650901079178
1564	0.13446243107318878	-0.214302659034729	-0.3487650901079178
1565	0.13446243107318878	-0.214302659034729	-0.3487650901079178
1566	0.1344624161720276	-0.2143026888370514	-0.348765105009079
1567	0.13446243107318878	-0.214302659034729	-0.3487650901079178
1568	0.13446243107318878	-0.214302659034729	-0.3487650901079178
1569	0.13446243107318878	-0.214302659034729	-0.3487650901079178
1570	0.1344624161720276	-0.2143026888370514	-0.348765105009079
1571	0.13446243107318878	-0.214302659034729	-0.3487650901079178
1572	0.13446243107318878	-0.214302659034729	-0.3487650901079178
1573	0.1344624161720276	-0.2143026888370514	-0.348765105009079
1574	0.13446243107318878	-0.214302659034729	-0.3487650901079178
1575	0.13446243107318878	-0.214302659034729	-0.3487650901079178
1576	0.13446243107318878	-0.214302659034729	-0.3487650901079178
1577	0.1344624161720276	-0.2143026888370514	-0.348765105009079
1578	0.13446243107318878	-0.214302659034729	-0.3487650901079178
1579	0.13446243107318878	-0.214302659034729	-0.3487650901079178
1580	0.13446243107318878	-0.214302659034729	-0.3487650901079178
1581	0.13446243107318878	-0.214302659034729	-0.3487650901079178
1582	0.13446243107318878	-0.214302659034729	-0.3487650901079178
1583	0.13446243107318878	-0.214302659034729	-0.3487650901079178
1584	0.13446243107318878	-0.214302659034729	-0.3487650901079178
1585	0.13446243107318878	-0.214302659034729	-0.3487650901079178
1586	0.13446243107318878	-0.214302659034729	-0.3487650901079178
1587	0.13446243107318878	-0.214302659034729	-0.3487650901079178
1588	0.1344624012708664	-0.21430271863937378	-0.3487651199102402
1589	0.13446243107318878	-0.214302659034729	-0.3487650901079178
1590	0.13446243107318878	-0.214302659034729	-0.3487650901079178
1591	0.1344624161720276	-0.2143026888370514	-0.348765105009079
1592	0.13446243107318878	-0.214302659034729	-0.3487650901079178
1593	0.1344624161720276	-0.2143026888370514	-0.348765105009079
1594	0.13446243107318878	-0.214302659034729	-0.3487650901079178
1595	0.13446243107318878	-0.214302659034729	-0.3487650901079178
1596	0.13446243107318878	-0.214302659034729	-0.3487650901079178
1597	0.1344624161720276	-0.2143026888370514	-0.348765105009079
1598	0.13446243107318878	-0.214302659034729	-0.3487650901079178
1599	0.13446243107318878	-0.214302659034729	-0.3487650901079178
1600	0.13446243107318878	-0.214302659034729	-0.3487650901079178
1601	0.1344624161720276	-0.2143026888370514	-0.348765105009079
1602	0.13446243107318878	-0.214302659034729	-0.3487650901079178
1603	0.13446243107318878	-0.214302659034729	-0.3487650901079178
1604	0.13446243107318878	-0.214302659034729	-0.3487650901079178
1605	0.1344624161720276	-0.2143026888370514	-0.348765105009079
1606	0.13446243107318878	-0.214302659034729	-0.3487650901079178
1607	0.1344624161720276	-0.2143026888370514	-0.348765105009079
1608	0.13446243107318878	-0.214302659034729	-0.3487650901079178
1609	0.13446243107318878	-0.214302659034729	-0.3487650901079178
1610	0.1344624161720276	-0.2143026888370514	-0.348765105009079
1611	0.13446243107318878	-0.214302659034729	-0.3487650901079178
1612	0.13446243107318878	-0.214302659034729	-0.3487650901079178
1613	0.1344624161720276	-0.2143026888370514	-0.348765105009079
1614	0.1344624161720276	-0.2143026888370514	-0.348765105009079
1615	0.1344624161720276	-0.2143026888370514	-0.348765105009079
1616	0.1344624161720276	-0.2143026888370514	-0.348765105009079
1617	0.1344624161720276	-0.2143026888370514	-0.348765105009079
1618	0.1344624161720276	-0.2143026888370514	-0.348765105009079
1619	0.13446243107318878	-0.214302659034729	-0.3487650901079178
1620	0.13446243107318878	-0.214302659034729	-0.3487650901079178
1621	0.13446243107318878	-0.214302659034729	-0.3487650901079178
1622	0.13446243107318878	-0.214302659034729	-0.3487650901079178
1623	0.13446243107318878	-0.214302659034729	-0.3487650901079178
1624	0.13446243107318878	-0.214302659034729	-0.3487650901079178
1625	0.13446243107318878	-0.214302659034729	-0.3487650901079178
1626	0.13446243107318878	-0.214302659034729	-0.3487650901079178
1627	0.13446243107318878	-0.214302659034729	-0.3487650901079178
1628	0.13446243107318878	-0.214302659034729	-0.3487650901079178
1629	0.13446243107318878	-0.214302659034729	-0.3487650901079178
1630	0.13446243107318878	-0.214302659034729	-0.3487650901079178
1631	0.13446243107318878	-0.214302659034729	-0.3487650901079178
1632	0.13446243107318878	-0.214302659034729	-0.3487650901079178
1633	0.13446243107318878	-0.214302659034729	-0.3487650901079178
1634	0.13446243107318878	-0.214302659034729	-0.3487650901079178
1635	0.13446243107318878	-0.214302659034729	-0.3487650901079178
1636	0.13446243107318878	-0.214302659034729	-0.3487650901079178
1637	0.13446243107318878	-0.214302659034729	-0.3487650901079178
1638	0.13446243107318878	-0.214302659034729	-0.3487650901079178
1639	0.13446243107318878	-0.214302659034729	-0.3487650901079178
1640	0.13446243107318878	-0.214302659034729	-0.3487650901079178
1641	0.13446243107318878	-0.214302659034729	-0.3487650901079178
1642	0.13446243107318878	-0.214302659034729	-0.3487650901079178
1643	0.13446243107318878	-0.214302659034729	-0.3487650901079178
1644	0.13446243107318878	-0.214302659034729	-0.3487650901079178
1645	0.13446243107318878	-0.214302659034729	-0.3487650901079178
1646	0.13446243107318878	-0.214302659034729	-0.3487650901079178
1647	0.1344624012708664	-0.21430271863937378	-0.3487651199102402
1648	0.13446243107318878	-0.214302659034729	-0.3487650901079178
1649	0.13446243107318878	-0.214302659034729	-0.3487650901079178
1650	0.1344624012708664	-0.21430271863937378	-0.3487651199102402
1651	0.1344624161720276	-0.2143026888370514	-0.348765105009079
1652	0.1344624161720276	-0.2143026888370514	-0.348765105009079
1653	0.13446243107318878	-0.214302659034729	-0.3487650901079178
1654	0.13446243107318878	-0.214302659034729	-0.3487650901079178
1655	0.13446243107318878	-0.214302659034729	-0.3487650901079178
1656	0.13446243107318878	-0.214302659034729	-0.3487650901079178
1657	0.1344624161720276	-0.2143026888370514	-0.348765105009079
1658	0.13446243107318878	-0.214302659034729	-0.3487650901079178
1659	0.13446243107318878	-0.214302659034729	-0.3487650901079178
1660	0.13446243107318878	-0.214302659034729	-0.3487650901079178
1661	0.13446243107318878	-0.214302659034729	-0.3487650901079178
1662	0.13446243107318878	-0.214302659034729	-0.3487650901079178
1663	0.13446243107318878	-0.214302659034729	-0.3487650901079178
1664	0.13446243107318878	-0.214302659034729	-0.3487650901079178
1665	0.13446243107318878	-0.214302659034729	-0.3487650901079178
1666	0.13446243107318878	-0.214302659034729	-0.3487650901079178
1667	0.13446243107318878	-0.214302659034729	-0.3487650901079178
1668	0.13446243107318878	-0.214302659034729	-0.3487650901079178
1669	0.13446243107318878	-0.214302659034729	-0.3487650901079178
1670	0.1344624161720276	-0.2143026888370514	-0.348765105009079
1671	0.1344624161720276	-0.2143026888370514	-0.348765105009079
1672	0.13446243107318878	-0.214302659034729	-0.3487650901079178
1673	0.13446243107318878	-0.214302659034729	-0.3487650901079178
1674	0.13446243107318878	-0.214302659034729	-0.3487650901079178
1675	0.13446243107318878	-0.214302659034729	-0.3487650901079178
1676	0.13446243107318878	-0.214302659034729	-0.3487650901079178
1677	0.13446243107318878	-0.214302659034729	-0.3487650901079178
1678	0.13446243107318878	-0.214302659034729	-0.3487650901079178
1679	0.13446243107318878	-0.214302659034729	-0.3487650901079178
1680	0.1344624161720276	-0.2143026888370514	-0.348765105009079
1681	0.13446243107318878	-0.214302659034729	-0.3487650901079178
1682	0.13446243107318878	-0.214302659034729	-0.3487650901079178
1683	0.1344624012708664	-0.21430271863937378	-0.3487651199102402
1684	0.13446243107318878	-0.214302659034729	-0.3487650901079178
1685	0.13446243107318878	-0.214302659034729	-0.3487650901079178
1686	0.13446243107318878	-0.214302659034729	-0.3487650901079178
1687	0.13446243107318878	-0.214302659034729	-0.3487650901079178
1688	0.13446243107318878	-0.214302659034729	-0.3487650901079178
1689	0.13446243107318878	-0.214302659034729	-0.3487650901079178
1690	0.1344624161720276	-0.2143026888370514	-0.348765105009079
1691	0.13446243107318878	-0.214302659034729	-0.3487650901079178
1692	0.1344624161720276	-0.2143026888370514	-0.348765105009079
1693	0.1344624161720276	-0.2143026888370514	-0.348765105009079
1694	0.13446243107318878	-0.214302659034729	-0.3487650901079178
1695	0.13446243107318878	-0.214302659034729	-0.3487650901079178
1696	0.1344624161720276	-0.2143026888370514	-0.348765105009079
1697	0.13446243107318878	-0.214302659034729	-0.3487650901079178
1698	0.13446243107318878	-0.214302659034729	-0.3487650901079178
1699	0.13446243107318878	-0.214302659034729	-0.3487650901079178
1700	0.1344624161720276	-0.2143026888370514	-0.348765105009079
1701	0.13446243107318878	-0.214302659034729	-0.3487650901079178
1702	0.1344624161720276	-0.2143026888370514	-0.348765105009079
1703	0.1344624012708664	-0.21430271863937378	-0.3487651199102402
1704	0.13446243107318878	-0.214302659034729	-0.3487650901079178
1705	0.13446243107318878	-0.214302659034729	-0.3487650901079178
1706	0.1344624161720276	-0.2143026888370514	-0.348765105009079
1707	0.13446243107318878	-0.214302659034729	-0.3487650901079178
1708	0.13446243107318878	-0.214302659034729	-0.3487650901079178
1709	0.13446243107318878	-0.214302659034729	-0.3487650901079178
1710	0.1344624161720276	-0.2143026888370514	-0.348765105009079
1711	0.13446243107318878	-0.214302659034729	-0.3487650901079178
1712	0.13446243107318878	-0.214302659034729	-0.3487650901079178
1713	0.13446243107318878	-0.214302659034729	-0.3487650901079178
1714	0.13446243107318878	-0.214302659034729	-0.3487650901079178
1715	0.1344624161720276	-0.2143026888370514	-0.348765105009079
1716	0.1344624161720276	-0.2143026888370514	-0.348765105009079
1717	0.13446243107318878	-0.214302659034729	-0.3487650901079178
1718	0.13446243107318878	-0.214302659034729	-0.3487650901079178
1719	0.13446243107318878	-0.214302659034729	-0.3487650901079178
1720	0.13446243107318878	-0.214302659034729	-0.3487650901079178
1721	0.13446243107318878	-0.214302659034729	-0.3487650901079178
1722	0.13446243107318878	-0.214302659034729	-0.3487650901079178
1723	0.13446243107318878	-0.214302659034729	-0.3487650901079178
1724	0.1344624161720276	-0.2143026888370514	-0.348765105009079
1725	0.1344624012708664	-0.21430271863937378	-0.3487651199102402
1726	0.13446243107318878	-0.214302659034729	-0.3487650901079178
1727	0.13446243107318878	-0.214302659034729	-0.3487650901079178
1728	0.13446243107318878	-0.214302659034729	-0.3487650901079178
1729	0.13446243107318878	-0.214302659034729	-0.3487650901079178
1730	0.1344624161720276	-0.2143026888370514	-0.348765105009079
1731	0.13446243107318878	-0.214302659034729	-0.3487650901079178
1732	0.1344624161720276	-0.2143026888370514	-0.348765105009079
1733	0.13446243107318878	-0.214302659034729	-0.3487650901079178
1734	0.13446243107318878	-0.214302659034729	-0.3487650901079178
1735	0.13446243107318878	-0.214302659034729	-0.3487650901079178
1736	0.13446243107318878	-0.214302659034729	-0.3487650901079178
1737	0.13446243107318878	-0.214302659034729	-0.3487650901079178
1738	0.13446243107318878	-0.214302659034729	-0.3487650901079178
1739	0.13446243107318878	-0.214302659034729	-0.3487650901079178
1740	0.1344624161720276	-0.2143026888370514	-0.348765105009079
1741	0.13446243107318878	-0.214302659034729	-0.3487650901079178
1742	0.13446243107318878	-0.214302659034729	-0.3487650901079178
1743	0.13446243107318878	-0.214302659034729	-0.3487650901079178
1744	0.13446243107318878	-0.214302659034729	-0.3487650901079178
1745	0.13446243107318878	-0.214302659034729	-0.3487650901079178
1746	0.1344624012708664	-0.21430271863937378	-0.3487651199102402
1747	0.13446243107318878	-0.214302659034729	-0.3487650901079178
1748	0.1344624161720276	-0.2143026888370514	-0.348765105009079
1749	0.1344624012708664	-0.21430271863937378	-0.3487651199102402
1750	0.1344624161720276	-0.2143026888370514	-0.348765105009079
1751	0.13446243107318878	-0.214302659034729	-0.3487650901079178
1752	0.13446243107318878	-0.214302659034729	-0.3487650901079178
1753	0.13446243107318878	-0.214302659034729	-0.3487650901079178
1754	0.13446243107318878	-0.214302659034729	-0.3487650901079178
1755	0.13446243107318878	-0.214302659034729	-0.3487650901079178
1756	0.13446243107318878	-0.214302659034729	-0.3487650901079178
1757	0.13446243107318878	-0.214302659034729	-0.3487650901079178
1758	0.13446243107318878	-0.214302659034729	-0.3487650901079178
1759	0.13446243107318878	-0.214302659034729	-0.3487650901079178
1760	0.13446243107318878	-0.214302659034729	-0.3487650901079178
1761	0.13446243107318878	-0.214302659034729	-0.3487650901079178
1762	0.1344624161720276	-0.2143026888370514	-0.348765105009079
1763	0.13446243107318878	-0.214302659034729	-0.3487650901079178
1764	0.13446243107318878	-0.214302659034729	-0.3487650901079178
1765	0.1344624161720276	-0.2143026888370514	-0.348765105009079
1766	0.1344624012708664	-0.21430271863937378	-0.3487651199102402
1767	0.1344624161720276	-0.2143026888370514	-0.348765105009079
1768	0.13446243107318878	-0.214302659034729	-0.3487650901079178
1769	0.13446243107318878	-0.214302659034729	-0.3487650901079178
1770	0.13446243107318878	-0.214302659034729	-0.3487650901079178
1771	0.13446243107318878	-0.214302659034729	-0.3487650901079178
1772	0.13446243107318878	-0.214302659034729	-0.3487650901079178
1773	0.13446243107318878	-0.214302659034729	-0.3487650901079178
1774	0.1344624161720276	-0.2143026888370514	-0.348765105009079
1775	0.13446243107318878	-0.214302659034729	-0.3487650901079178
1776	0.1344624161720276	-0.2143026888370514	-0.348765105009079
1777	0.1344624161720276	-0.2143026888370514	-0.348765105009079
1778	0.13446243107318878	-0.214302659034729	-0.3487650901079178
1779	0.1344624161720276	-0.2143026888370514	-0.348765105009079
1780	0.1344624161720276	-0.2143026888370514	-0.348765105009079
1781	0.13446243107318878	-0.214302659034729	-0.3487650901079178
1782	0.13446243107318878	-0.214302659034729	-0.3487650901079178
1783	0.1344624161720276	-0.2143026888370514	-0.348765105009079
1784	0.13446243107318878	-0.214302659034729	-0.3487650901079178
1785	0.13446243107318878	-0.214302659034729	-0.3487650901079178
1786	0.13446243107318878	-0.214302659034729	-0.3487650901079178
1787	0.13446243107318878	-0.214302659034729	-0.3487650901079178
1788	0.1344624161720276	-0.2143026888370514	-0.348765105009079
1789	0.13446243107318878	-0.214302659034729	-0.3487650901079178
1790	0.13446243107318878	-0.214302659034729	-0.3487650901079178
1791	0.13446243107318878	-0.214302659034729	-0.3487650901079178
1792	0.13446243107318878	-0.214302659034729	-0.3487650901079178
1793	0.13446243107318878	-0.214302659034729	-0.3487650901079178
1794	0.13446243107318878	-0.214302659034729	-0.3487650901079178
1795	0.1344624161720276	-0.2143026888370514	-0.348765105009079
1796	0.13446243107318878	-0.214302659034729	-0.3487650901079178
1797	0.1344624161720276	-0.2143026888370514	-0.348765105009079
1798	0.13446243107318878	-0.214302659034729	-0.3487650901079178
1799	0.13446243107318878	-0.214302659034729	-0.3487650901079178
1800	0.13446243107318878	-0.214302659034729	-0.3487650901079178
1801	0.13446243107318878	-0.214302659034729	-0.3487650901079178
1802	0.13446243107318878	-0.214302659034729	-0.3487650901079178
1803	0.1344624161720276	-0.2143026888370514	-0.348765105009079
1804	0.1344624161720276	-0.2143026888370514	-0.348765105009079
1805	0.1344624161720276	-0.2143026888370514	-0.348765105009079
1806	0.13446243107318878	-0.214302659034729	-0.3487650901079178
1807	0.13446243107318878	-0.214302659034729	-0.3487650901079178
1808	0.13446243107318878	-0.214302659034729	-0.3487650901079178
1809	0.13446243107318878	-0.214302659034729	-0.3487650901079178
1810	0.1344624161720276	-0.2143026888370514	-0.348765105009079
1811	0.1344624161720276	-0.2143026888370514	-0.348765105009079
1812	0.1344624161720276	-0.2143026888370514	-0.348765105009079
1813	0.1344624161720276	-0.2143026888370514	-0.348765105009079
1814	0.13446243107318878	-0.214302659034729	-0.3487650901079178
1815	0.13446243107318878	-0.214302659034729	-0.3487650901079178
1816	0.1344624161720276	-0.2143026888370514	-0.348765105009079
1817	0.13446243107318878	-0.214302659034729	-0.3487650901079178
1818	0.13446243107318878	-0.214302659034729	-0.3487650901079178
1819	0.13446243107318878	-0.214302659034729	-0.3487650901079178
1820	0.1344624012708664	-0.21430271863937378	-0.3487651199102402
1821	0.13446243107318878	-0.214302659034729	-0.3487650901079178
1822	0.1344624161720276	-0.2143026888370514	-0.348765105009079
1823	0.13446243107318878	-0.214302659034729	-0.3487650901079178
1824	0.13446243107318878	-0.214302659034729	-0.3487650901079178
1825	0.13446243107318878	-0.214302659034729	-0.3487650901079178
1826	0.13446243107318878	-0.214302659034729	-0.3487650901079178
1827	0.13446243107318878	-0.214302659034729	-0.3487650901079178
1828	0.1344624161720276	-0.2143026888370514	-0.348765105009079
1829	0.1344624161720276	-0.2143026888370514	-0.348765105009079
1830	0.1344624161720276	-0.2143026888370514	-0.348765105009079
1831	0.1344624161720276	-0.2143026888370514	-0.348765105009079
1832	0.1344624161720276	-0.2143026888370514	-0.348765105009079
1833	0.13446243107318878	-0.214302659034729	-0.3487650901079178
1834	0.13446243107318878	-0.214302659034729	-0.3487650901079178
1835	0.13446243107318878	-0.214302659034729	-0.3487650901079178
1836	0.1344624161720276	-0.2143026888370514	-0.348765105009079
1837	0.13446243107318878	-0.214302659034729	-0.3487650901079178
1838	0.1344624161720276	-0.2143026888370514	-0.348765105009079
1839	0.13446243107318878	-0.214302659034729	-0.3487650901079178
1840	0.1344624161720276	-0.2143026888370514	-0.348765105009079
1841	0.13446243107318878	-0.214302659034729	-0.3487650901079178
1842	0.13446243107318878	-0.214302659034729	-0.3487650901079178
1843	0.13446243107318878	-0.214302659034729	-0.3487650901079178
1844	0.1344624161720276	-0.2143026888370514	-0.348765105009079
1845	0.13446243107318878	-0.214302659034729	-0.3487650901079178
1846	0.13446243107318878	-0.214302659034729	-0.3487650901079178
1847	0.13446243107318878	-0.214302659034729	-0.3487650901079178
1848	0.1344624161720276	-0.2143026888370514	-0.348765105009079
1849	0.1344624161720276	-0.2143026888370514	-0.348765105009079
1850	0.1344624161720276	-0.2143026888370514	-0.348765105009079
1851	0.1344624161720276	-0.2143026888370514	-0.348765105009079
1852	0.13446243107318878	-0.214302659034729	-0.3487650901079178
1853	0.1344624161720276	-0.2143026888370514	-0.348765105009079
1854	0.13446243107318878	-0.214302659034729	-0.3487650901079178
1855	0.13446243107318878	-0.214302659034729	-0.3487650901079178
1856	0.13446243107318878	-0.214302659034729	-0.3487650901079178
1857	0.13446243107318878	-0.214302659034729	-0.3487650901079178
1858	0.13446243107318878	-0.214302659034729	-0.3487650901079178
1859	0.13446243107318878	-0.214302659034729	-0.3487650901079178
1860	0.13446243107318878	-0.214302659034729	-0.3487650901079178
1861	0.13446243107318878	-0.214302659034729	-0.3487650901079178
1862	0.13446243107318878	-0.214302659034729	-0.3487650901079178
1863	0.1344624161720276	-0.2143026888370514	-0.348765105009079
1864	0.13446243107318878	-0.214302659034729	-0.3487650901079178
1865	0.13446243107318878	-0.214302659034729	-0.3487650901079178
1866	0.13446243107318878	-0.214302659034729	-0.3487650901079178
1867	0.13446243107318878	-0.214302659034729	-0.3487650901079178
1868	0.13446243107318878	-0.214302659034729	-0.3487650901079178
1869	0.13446243107318878	-0.214302659034729	-0.3487650901079178
1870	0.13446243107318878	-0.214302659034729	-0.3487650901079178
1871	0.13446243107318878	-0.214302659034729	-0.3487650901079178
1872	0.13446243107318878	-0.214302659034729	-0.3487650901079178
1873	0.1344624161720276	-0.2143026888370514	-0.348765105009079
1874	0.13446243107318878	-0.214302659034729	-0.3487650901079178
1875	0.1344624161720276	-0.2143026888370514	-0.348765105009079
1876	0.13446243107318878	-0.214302659034729	-0.3487650901079178
1877	0.13446243107318878	-0.214302659034729	-0.3487650901079178
1878	0.13446243107318878	-0.214302659034729	-0.3487650901079178
1879	0.13446243107318878	-0.214302659034729	-0.3487650901079178
1880	0.13446243107318878	-0.214302659034729	-0.3487650901079178
1881	0.13446243107318878	-0.214302659034729	-0.3487650901079178
1882	0.1344624161720276	-0.2143026888370514	-0.348765105009079
1883	0.13446243107318878	-0.214302659034729	-0.3487650901079178
1884	0.13446243107318878	-0.214302659034729	-0.3487650901079178
1885	0.13446243107318878	-0.214302659034729	-0.3487650901079178
1886	0.13446243107318878	-0.214302659034729	-0.3487650901079178
1887	0.13446243107318878	-0.214302659034729	-0.3487650901079178
1888	0.13446243107318878	-0.214302659034729	-0.3487650901079178
1889	0.13446243107318878	-0.214302659034729	-0.3487650901079178
1890	0.13446243107318878	-0.214302659034729	-0.3487650901079178
1891	0.13446243107318878	-0.214302659034729	-0.3487650901079178
1892	0.13446243107318878	-0.214302659034729	-0.3487650901079178
1893	0.13446243107318878	-0.214302659034729	-0.3487650901079178
1894	0.1344624161720276	-0.2143026888370514	-0.348765105009079
1895	0.13446243107318878	-0.214302659034729	-0.3487650901079178
1896	0.1344624161720276	-0.2143026888370514	-0.348765105009079
1897	0.1344624161720276	-0.2143026888370514	-0.348765105009079
1898	0.1344624161720276	-0.2143026888370514	-0.348765105009079
1899	0.13446243107318878	-0.214302659034729	-0.3487650901079178
1900	0.1344624161720276	-0.2143026888370514	-0.348765105009079
1901	0.13446243107318878	-0.214302659034729	-0.3487650901079178
1902	0.13446243107318878	-0.214302659034729	-0.3487650901079178
1903	0.13446243107318878	-0.214302659034729	-0.3487650901079178
1904	0.1344624161720276	-0.2143026888370514	-0.348765105009079
1905	0.13446243107318878	-0.214302659034729	-0.3487650901079178
1906	0.13446243107318878	-0.214302659034729	-0.3487650901079178
1907	0.13446243107318878	-0.214302659034729	-0.3487650901079178
1908	0.13446243107318878	-0.214302659034729	-0.3487650901079178
1909	0.13446243107318878	-0.214302659034729	-0.3487650901079178
1910	0.13446243107318878	-0.214302659034729	-0.3487650901079178
1911	0.13446243107318878	-0.214302659034729	-0.3487650901079178
1912	0.13446243107318878	-0.214302659034729	-0.3487650901079178
1913	0.13446243107318878	-0.214302659034729	-0.3487650901079178
1914	0.13446243107318878	-0.214302659034729	-0.3487650901079178
1915	0.13446243107318878	-0.214302659034729	-0.3487650901079178
1916	0.13446243107318878	-0.214302659034729	-0.3487650901079178
1917	0.13446243107318878	-0.214302659034729	-0.3487650901079178
1918	0.13446243107318878	-0.214302659034729	-0.3487650901079178
1919	0.1344624161720276	-0.2143026888370514	-0.348765105009079
1920	0.13446243107318878	-0.214302659034729	-0.3487650901079178
1921	0.1344624161720276	-0.2143026888370514	-0.348765105009079
1922	0.13446243107318878	-0.214302659034729	-0.3487650901079178
1923	0.13446243107318878	-0.214302659034729	-0.3487650901079178
1924	0.13446243107318878	-0.214302659034729	-0.3487650901079178
1925	0.13446243107318878	-0.214302659034729	-0.3487650901079178
1926	0.1344624161720276	-0.2143026888370514	-0.348765105009079
1927	0.1344624161720276	-0.2143026888370514	-0.348765105009079
1928	0.1344624161720276	-0.2143026888370514	-0.348765105009079
1929	0.1344624161720276	-0.2143026888370514	-0.348765105009079
1930	0.1344624161720276	-0.2143026888370514	-0.348765105009079
1931	0.1344624012708664	-0.21430271863937378	-0.3487651199102402
1932	0.1344624161720276	-0.2143026888370514	-0.348765105009079
1933	0.1344624161720276	-0.2143026888370514	-0.348765105009079
1934	0.13446243107318878	-0.214302659034729	-0.3487650901079178
1935	0.1344624161720276	-0.2143026888370514	-0.348765105009079
1936	0.1344624012708664	-0.21430271863937378	-0.3487651199102402
1937	0.1344624161720276	-0.2143026888370514	-0.348765105009079
1938	0.1344624161720276	-0.2143026888370514	-0.348765105009079
1939	0.13446243107318878	-0.214302659034729	-0.3487650901079178
1940	0.13446243107318878	-0.214302659034729	-0.3487650901079178
1941	0.13446243107318878	-0.214302659034729	-0.3487650901079178
1942	0.13446243107318878	-0.214302659034729	-0.3487650901079178
1943	0.1344624161720276	-0.2143026888370514	-0.348765105009079
1944	0.13446243107318878	-0.214302659034729	-0.3487650901079178
1945	0.1344624161720276	-0.2143026888370514	-0.348765105009079
1946	0.1344624161720276	-0.2143026888370514	-0.348765105009079
1947	0.13446243107318878	-0.214302659034729	-0.3487650901079178
1948	0.13446243107318878	-0.214302659034729	-0.3487650901079178
1949	0.1344624161720276	-0.2143026888370514	-0.348765105009079
1950	0.1344624161720276	-0.2143026888370514	-0.348765105009079
1951	0.1344624161720276	-0.2143026888370514	-0.348765105009079
1952	0.13446243107318878	-0.214302659034729	-0.3487650901079178
1953	0.13446243107318878	-0.214302659034729	-0.3487650901079178
1954	0.13446243107318878	-0.214302659034729	-0.3487650901079178
1955	0.13446243107318878	-0.214302659034729	-0.3487650901079178
1956	0.13446243107318878	-0.214302659034729	-0.3487650901079178
1957	0.13446243107318878	-0.214302659034729	-0.3487650901079178
1958	0.13446243107318878	-0.214302659034729	-0.3487650901079178
1959	0.13446243107318878	-0.214302659034729	-0.3487650901079178
1960	0.13446243107318878	-0.214302659034729	-0.3487650901079178
1961	0.13446243107318878	-0.214302659034729	-0.3487650901079178
1962	0.13446243107318878	-0.214302659034729	-0.3487650901079178
1963	0.13446243107318878	-0.214302659034729	-0.3487650901079178
1964	0.13446243107318878	-0.214302659034729	-0.3487650901079178
1965	0.1344624161720276	-0.2143026888370514	-0.348765105009079
1966	0.13446243107318878	-0.214302659034729	-0.3487650901079178
1967	0.13446243107318878	-0.214302659034729	-0.3487650901079178
1968	0.13446243107318878	-0.214302659034729	-0.3487650901079178
1969	0.1344624161720276	-0.2143026888370514	-0.348765105009079
1970	0.1344624012708664	-0.21430271863937378	-0.3487651199102402
1971	0.1344624161720276	-0.2143026888370514	-0.348765105009079
1972	0.13446243107318878	-0.214302659034729	-0.3487650901079178
1973	0.13446243107318878	-0.214302659034729	-0.3487650901079178
1974	0.1344624161720276	-0.2143026888370514	-0.348765105009079
1975	0.13446243107318878	-0.214302659034729	-0.3487650901079178
1976	0.13446243107318878	-0.214302659034729	-0.3487650901079178
1977	0.13446243107318878	-0.214302659034729	-0.3487650901079178
1978	0.1344624161720276	-0.2143026888370514	-0.348765105009079
1979	0.1344624161720276	-0.2143026888370514	-0.348765105009079
1980	0.13446243107318878	-0.214302659034729	-0.3487650901079178
1981	0.13446243107318878	-0.214302659034729	-0.3487650901079178
1982	0.1344624161720276	-0.2143026888370514	-0.348765105009079
1983	0.13446243107318878	-0.214302659034729	-0.3487650901079178
1984	0.13446243107318878	-0.214302659034729	-0.3487650901079178
1985	0.1344624161720276	-0.2143026888370514	-0.348765105009079
1986	0.13446243107318878	-0.214302659034729	-0.3487650901079178
1987	0.13446243107318878	-0.214302659034729	-0.3487650901079178
1988	0.13446243107318878	-0.214302659034729	-0.3487650901079178
1989	0.13446243107318878	-0.214302659034729	-0.3487650901079178
1990	0.13446243107318878	-0.214302659034729	-0.3487650901079178
1991	0.13446243107318878	-0.214302659034729	-0.3487650901079178
1992	0.1344624161720276	-0.2143026888370514	-0.348765105009079
1993	0.1344624161720276	-0.2143026888370514	-0.348765105009079
1994	0.1344624161720276	-0.2143026888370514	-0.348765105009079
1995	0.1344624161720276	-0.2143026888370514	-0.348765105009079
1996	0.13446243107318878	-0.214302659034729	-0.3487650901079178
1997	0.13446243107318878	-0.214302659034729	-0.3487650901079178
1998	0.13446243107318878	-0.214302659034729	-0.3487650901079178
1999	0.13446243107318878	-0.214302659034729	-0.3487650901079178
2000	0.13446243107318878	-0.214302659034729	-0.3487650901079178

Best Loss: 0.1344624012708664

Training Time (seconds): 469.57048503600527
