Iteration	Loss (h)	Total Cost (f)	Cost g
1	0.5131880044937134	0.5131880044937134	0
2	0.5025977492332458	0.4920074939727783	-0.01059025526046753
3	0.49589407444000244	0.4786001443862915	-0.017293930053710938
4	0.48375988006591797	0.45433175563812256	-0.02942812442779541
5	0.4744836390018463	0.43577927350997925	-0.038704365491867065
6	0.4675774574279785	0.42196691036224365	-0.04561054706573486
7	0.45942020416259766	0.40565240383148193	-0.05376780033111572
8	0.4493213891983032	0.38545477390289307	-0.06386661529541016
9	0.4441772699356079	0.37516653537750244	-0.06901073455810547
10	0.4407421350479126	0.3682962656021118	-0.07244586944580078
11	0.4357618987560272	0.35833579301834106	-0.07742610573768616
12	0.4317720830440521	0.35035616159439087	-0.08141592144966125
13	0.43002280592918396	0.34685760736465454	-0.08316519856452942
14	0.4287540912628174	0.3443201780319214	-0.084433913230896
15	0.42497435212135315	0.3367606997489929	-0.08821365237236023
16	0.4232009947299957	0.3332139849662781	-0.08998700976371765
17	0.4196262061595917	0.32606440782546997	-0.0935617983341217
18	0.41387611627578735	0.31456422805786133	-0.09931188821792603
19	0.41221970319747925	0.3112514019012451	-0.10096830129623413
20	0.4107653796672821	0.30834275484085083	-0.10242262482643127
21	0.4096020460128784	0.30601608753204346	-0.10358595848083496
22	0.4088270366191864	0.3044660687446594	-0.10436096787452698
23	0.40782326459884644	0.3024585247039795	-0.10536473989486694
24	0.4066345691680908	0.30008113384246826	-0.10655343532562256
25	0.4055423140525818	0.2978966236114502	-0.10764569044113159
26	0.40405479073524475	0.2949215769767761	-0.10913321375846863
27	0.40271973609924316	0.29225146770477295	-0.11046826839447021
28	0.4015299677848816	0.2898719310760498	-0.11165803670883179
29	0.40029871463775635	0.2874094247817993	-0.11288928985595703
30	0.39898404479026794	0.2847800850868225	-0.11420395970344543
31	0.3977869749069214	0.2823859453201294	-0.11540102958679199
32	0.3967021405696869	0.2802162766456604	-0.11648586392402649
33	0.3957245647907257	0.27826112508773804	-0.11746343970298767
34	0.3947512209415436	0.2763144373893738	-0.1184367835521698
35	0.3928103446960449	0.27243268489837646	-0.12037765979766846
36	0.3910568952560425	0.2689257860183716	-0.1221311092376709
37	0.39007893204689026	0.26696985960006714	-0.12310907244682312
38	0.38871699571609497	0.26424598693847656	-0.12447100877761841
39	0.3870229423046112	0.26085788011550903	-0.12616506218910217
40	0.3856462240219116	0.25810444355010986	-0.12754178047180176
41	0.38436633348464966	0.25554466247558594	-0.12882167100906372
42	0.38324806094169617	0.25330811738967896	-0.1299399435520172
43	0.38222330808639526	0.25125861167907715	-0.13096469640731812
44	0.3811318874359131	0.2490757703781128	-0.1320561170578003
45	0.38018885254859924	0.2471897006034851	-0.13299915194511414
46	0.37911948561668396	0.24505096673965454	-0.13406851887702942
47	0.3778515160083771	0.24251502752304077	-0.1353364884853363
48	0.3759552240371704	0.23872244358062744	-0.13723278045654297
49	0.3747791349887848	0.2363702654838562	-0.1384088695049286
50	0.3738252818584442	0.23446255922317505	-0.13936272263526917
51	0.3720338046550751	0.23087960481643677	-0.1411541998386383
52	0.3703477680683136	0.22750753164291382	-0.14284023642539978
53	0.3685854971408844	0.22398298978805542	-0.14460250735282898
54	0.3669252097606659	0.2206624150276184	-0.14626279473304749
55	0.36577728390693665	0.2183665633201599	-0.14741072058677673
56	0.36453187465667725	0.2158757448196411	-0.14865612983703613
57	0.36282601952552795	0.21246403455734253	-0.15036198496818542
58	0.3608469069004059	0.2085058093070984	-0.1523410975933075
59	0.3595978915691376	0.20600777864456177	-0.1535901129245758
60	0.3587013781070709	0.20421475172042847	-0.15448662638664246
61	0.35687416791915894	0.2005603313446045	-0.15631383657455444
62	0.35567453503608704	0.1981610655784607	-0.15751346945762634
63	0.3547235429286957	0.19625908136367798	-0.1584644615650177
64	0.35298216342926025	0.19277632236480713	-0.16020584106445312
65	0.35085707902908325	0.18852615356445312	-0.16233092546463013
66	0.3501001000404358	0.1870121955871582	-0.1630879044532776
67	0.3489252030849457	0.18466240167617798	-0.1642628014087677
68	0.34821954369544983	0.18325108289718628	-0.16496846079826355
69	0.3475573658943176	0.18192672729492188	-0.16563063859939575
70	0.3457908630371094	0.17839372158050537	-0.167397141456604
71	0.344047874212265	0.17490774393081665	-0.16914013028144836
72	0.34333527088165283	0.17348253726959229	-0.16985273361206055
73	0.3421471416950226	0.1711062788963318	-0.1710408627986908
74	0.3412944972515106	0.16940099000930786	-0.17189350724220276
75	0.33998608589172363	0.1667841672897339	-0.17320191860198975
76	0.33816415071487427	0.16314029693603516	-0.1750238537788391
77	0.33745354413986206	0.16171908378601074	-0.17573446035385132
78	0.3343205451965332	0.15545308589935303	-0.17886745929718018
79	0.32750415802001953	0.14182031154632568	-0.18568384647369385
80	0.32540667057037354	0.1376253366470337	-0.18778133392333984
81	0.32368743419647217	0.13418686389923096	-0.1895005702972412
82	0.32257387042045593	0.1319597363471985	-0.19061413407325745
83	0.3217998743057251	0.13041174411773682	-0.19138813018798828
84	0.3212369680404663	0.12928593158721924	-0.19195103645324707
85	0.32067131996154785	0.12815463542938232	-0.19251668453216553
86	0.32020461559295654	0.1272212266921997	-0.19298338890075684
87	0.31990185379981995	0.1266157031059265	-0.19328615069389343
88	0.31778085231781006	0.12237370014190674	-0.19540715217590332
89	0.3173729479312897	0.12155789136886597	-0.1958150565624237
90	0.3171185553073883	0.12104910612106323	-0.19606944918632507
91	0.3168148398399353	0.12044167518615723	-0.19637316465377808
92	0.3157775104045868	0.1183670163154602	-0.1974104940891266
93	0.31502795219421387	0.11686789989471436	-0.1981600522994995
94	0.31476834416389465	0.11634868383407593	-0.19841966032981873
95	0.3145931661128998	0.11599832773208618	-0.1985948383808136
96	0.3137838840484619	0.11437976360321045	-0.19940412044525146
97	0.3136032819747925	0.11401855945587158	-0.1995847225189209
98	0.3130539655685425	0.11291992664337158	-0.2001340389251709
99	0.31261205673217773	0.11203610897064209	-0.20057594776153564
100	0.31206855177879333	0.11094909906387329	-0.20111945271492004
101	0.3116271197795868	0.1100662350654602	-0.2015608847141266
102	0.31108930706977844	0.1089906096458435	-0.20209869742393494
103	0.31064847111701965	0.10810893774032593	-0.20253953337669373
104	0.3101162016391754	0.10704439878463745	-0.20307180285453796
105	0.30967605113983154	0.10616409778594971	-0.20351195335388184
106	0.30914929509162903	0.10511058568954468	-0.20403870940208435
107	0.30870988965034485	0.10423177480697632	-0.20447811484336853
108	0.30818846821784973	0.10318893194198608	-0.20499953627586365
109	0.3077498972415924	0.10231178998947144	-0.20543810725212097
110	0.3072337508201599	0.10127949714660645	-0.20595425367355347
111	0.3067961037158966	0.10040420293807983	-0.20639190077781677
112	0.30628514289855957	0.09938228130340576	-0.2069028615951538
113	0.30584853887557983	0.09850907325744629	-0.20733946561813354
114	0.30534255504608154	0.09749710559844971	-0.20784544944763184
115	0.30490589141845703	0.09662377834320068	-0.20828211307525635
116	0.303809255361557	0.09443050622940063	-0.20937874913215637
117	0.3033757209777832	0.09356343746185303	-0.20981228351593018
118	0.30285370349884033	0.09251940250396729	-0.21033430099487305
119	0.30242490768432617	0.09166181087493896	-0.2107630968093872
120	0.30190443992614746	0.09062087535858154	-0.21128356456756592
121	0.30148017406463623	0.08977234363555908	-0.21170783042907715
122	0.300961434841156	0.08873486518859863	-0.21222656965255737
123	0.30054160952568054	0.0878952145576477	-0.21264639496803284
124	0.3000245988368988	0.08686119318008423	-0.21316340565681458
125	0.2996091842651367	0.08603036403656006	-0.21357882022857666
126	0.29909399151802063	0.08499997854232788	-0.21409401297569275
127	0.29868283867836	0.08417767286300659	-0.2145051658153534
128	0.2981696128845215	0.08315122127532959	-0.2150183916091919
129	0.29776257276535034	0.0823371410369873	-0.21542543172836304
130	0.2972514033317566	0.0813148021697998	-0.2159366011619568
131	0.2968483567237854	0.08050870895385742	-0.21633964776992798
132	0.2963183522224426	0.07944869995117188	-0.21686965227127075
133	0.2953203022480011	0.07745260000228882	-0.21786770224571228
134	0.29498007893562317	0.07677215337753296	-0.2182079255580902
135	0.2945140600204468	0.07584011554718018	-0.2186739444732666
136	0.2940466105937958	0.07490521669387817	-0.2191413938999176
137	0.2938227653503418	0.07445752620697021	-0.21936523914337158
138	0.29297885298728943	0.07276970148086548	-0.22020915150642395
139	0.2926509976387024	0.0721139907836914	-0.220537006855011
140	0.29213833808898926	0.07108867168426514	-0.22104966640472412
141	0.29172176122665405	0.07025551795959473	-0.22146624326705933
142	0.29121285676956177	0.06923770904541016	-0.2219751477241516
143	0.29079893231391907	0.06840986013412476	-0.2223890721797943
144	0.29029354453086853	0.06739908456802368	-0.22289445996284485
145	0.28988227248191833	0.06657654047012329	-0.22330573201179504
146	0.28938043117523193	0.06557285785675049	-0.22380757331848145
147	0.288971871137619	0.06475573778152466	-0.22421613335609436
148	0.2884734272956848	0.06375885009765625	-0.22471457719802856
149	0.28806769847869873	0.06294739246368408	-0.22512030601501465
150	0.2875725328922272	0.06195706129074097	-0.2256154716014862
151	0.28716444969177246	0.06114089488983154	-0.22602355480194092
152	0.28646382689476013	0.059739649295806885	-0.22672417759895325
153	0.2861013412475586	0.05901467800140381	-0.22708666324615479
154	0.2858676314353943	0.058547258377075195	-0.2273203730583191
155	0.2851908504962921	0.05719369649887085	-0.22799715399742126
156	0.28495946526527405	0.05673092603683472	-0.22822853922843933
157	0.28428664803504944	0.0553852915763855	-0.22890135645866394
158	0.2840575575828552	0.05492711067199707	-0.22913044691085815
159	0.28338876366615295	0.05358952283859253	-0.22979924082756042
160	0.2831617295742035	0.053135454654693604	-0.2300262749195099
161	0.28249379992485046	0.05179959535598755	-0.23069420456886292
162	0.2819252014160156	0.05066239833831787	-0.23126280307769775
163	0.2814963757991791	0.049804747104644775	-0.2316916286945343
164	0.28128814697265625	0.04938828945159912	-0.23189985752105713
165	0.2805885970592499	0.04798918962478638	-0.2325994074344635
166	0.2803843021392822	0.047580599784851074	-0.23280370235443115
167	0.2796870768070221	0.04618614912033081	-0.23350092768669128
168	0.27948591113090515	0.045783817768096924	-0.23370209336280823
169	0.2791089117527008	0.04502981901168823	-0.23407909274101257
170	0.2785900831222534	0.04399216175079346	-0.23459792137145996
171	0.2782151401042938	0.04324227571487427	-0.23497286438941956
172	0.2777005732059479	0.04221314191818237	-0.2354874312877655
173	0.27732759714126587	0.04146718978881836	-0.2358604073524475
174	0.276817262172699	0.04044651985168457	-0.2363707423210144
175	0.27644622325897217	0.03970444202423096	-0.2367417812347412
176	0.2759402394294739	0.038692474365234375	-0.2372477650642395
177	0.27557089924812317	0.03795379400253296	-0.2376171052455902
178	0.2750694155693054	0.03695082664489746	-0.23811858892440796
179	0.2747017741203308	0.03621554374694824	-0.23848623037338257
180	0.2742047905921936	0.03522157669067383	-0.23898321390151978
181	0.273838609457016	0.034489214420318604	-0.2393493950366974
182	0.27334630489349365	0.033504605293273926	-0.23984169960021973
183	0.27298155426979065	0.03277510404586792	-0.24020645022392273
184	0.27249398827552795	0.03179997205734253	-0.24069401621818542
185	0.27213054895401	0.03107309341430664	-0.24105745553970337
186	0.27164775133132935	0.030107498168945312	-0.24154025316238403
187	0.2712855637073517	0.02938312292098999	-0.2419024407863617
188	0.2708040177822113	0.02842003107070923	-0.24238398671150208
189	0.2700921297073364	0.026996254920959473	-0.24309587478637695
190	0.26966601610183716	0.026144027709960938	-0.24352198839187622
191	0.26895979046821594	0.024731576442718506	-0.24422821402549744
192	0.26870256662368774	0.02421712875366211	-0.24448543787002563
193	0.2684573829174042	0.02372676134109497	-0.2447306215763092
194	0.26783064007759094	0.022473275661468506	-0.24535736441612244
195	0.2675861120223999	0.021984219551086426	-0.24560189247131348
196	0.26696503162384033	0.020742058753967285	-0.24622297286987305
197	0.2667209804058075	0.02025395631790161	-0.24646702408790588
198	0.26610565185546875	0.01902329921722412	-0.24708235263824463
199	0.26586198806762695	0.018535971641540527	-0.24732601642608643
200	0.2652525007724762	0.017316997051239014	-0.24793550372123718
201	0.2650091052055359	0.0168302059173584	-0.2481788992881775
202	0.2643796503543854	0.015571296215057373	-0.248808354139328
203	0.2637852728366852	0.014382541179656982	-0.2494027316570282
204	0.2635112702846527	0.013834536075592041	-0.24967673420906067
205	0.26291725039482117	0.012646496295928955	-0.2502707540988922
206	0.2626492977142334	0.012110590934753418	-0.25053870677948
207	0.26205554604530334	0.01092308759689331	-0.25113245844841003
208	0.26179370284080505	0.010399401187896729	-0.2513943016529083
209	0.26120010018348694	0.009212195873260498	-0.25198790431022644
210	0.26094451546669006	0.008701026439666748	-0.2522434890270233
211	0.26035094261169434	0.007513880729675293	-0.25283706188201904
212	0.26010167598724365	0.007015347480773926	-0.2530863285064697
213	0.25950801372528076	0.0058280229568481445	-0.2536799907684326
214	0.25926512479782104	0.005342245101928711	-0.25392287969589233
215	0.25867128372192383	0.004154562950134277	-0.25451672077178955
216	0.2584349513053894	0.0036818981170654297	-0.254753053188324
217	0.2578408122062683	0.002493619918823242	-0.25534719228744507
218	0.2576109766960144	0.0020339488983154297	-0.255577027797699
219	0.2570164203643799	0.0008448362350463867	-0.2561715841293335
220	0.25679323077201843	0.00039845705032348633	-0.25639477372169495
221	0.2561982274055481	-0.0007915496826171875	-0.2569897770881653
222	0.25598177313804626	-0.0012244582176208496	-0.2572062313556671
223	0.2553861141204834	-0.002415776252746582	-0.25780189037323
224	0.25517645478248596	-0.002835094928741455	-0.2580115497112274
225	0.2545800805091858	-0.004027843475341797	-0.2586079239845276
226	0.2543773651123047	-0.004433274269104004	-0.2588106393814087
227	0.2537801265716553	-0.005627751350402832	-0.2594078779220581
228	0.2535730302333832	-0.0060419440269470215	-0.2596149742603302
229	0.2532201111316681	-0.006747782230377197	-0.2599678933620453
230	0.25277164578437805	-0.007644712924957275	-0.2604163587093353
231	0.25241774320602417	-0.008352518081665039	-0.2607702612876892
232	0.2519763708114624	-0.009235262870788574	-0.261211633682251
233	0.2516213655471802	-0.009945273399353027	-0.2615666389465332
234	0.25118720531463623	-0.010813593864440918	-0.26200079917907715
235	0.2508309781551361	-0.011526048183441162	-0.26235702633857727
236	0.25040414929389954	-0.012379705905914307	-0.26278385519981384
237	0.25004658102989197	-0.013094842433929443	-0.2631414234638214
238	0.24962714314460754	-0.013933718204498291	-0.26356086134910583
239	0.2492680847644806	-0.014651834964752197	-0.2639199197292328
240	0.24885614216327667	-0.015475720167160034	-0.2643318623304367
241	0.24849553406238556	-0.01619693636894226	-0.2646924704313278
242	0.2480911761522293	-0.01700565218925476	-0.26509682834148407
243	0.2477288693189621	-0.017730265855789185	-0.2654591351747513
244	0.24732300639152527	-0.018541991710662842	-0.2658649981021881
245	0.24660846590995789	-0.019971072673797607	-0.2665795385837555
246	0.24619756639003754	-0.020792871713638306	-0.26699043810367584
247	0.24536162614822388	-0.022464752197265625	-0.2678263783454895
248	0.24510571360588074	-0.022976577281951904	-0.26808229088783264
249	0.24484694004058838	-0.02349412441253662	-0.268341064453125
250	0.2443140298128128	-0.02455994486808777	-0.2688739746809006
251	0.2440529316663742	-0.025082141160964966	-0.2691350728273392
252	0.24352850019931793	-0.026131004095077515	-0.26965950429439545
253	0.24326500296592712	-0.02665799856185913	-0.26992300152778625
254	0.24274910986423492	-0.02768978476524353	-0.27043889462947845
255	0.24248310923576355	-0.02822178602218628	-0.27070489525794983
256	0.2419695407152176	-0.029248923063278198	-0.2712184637784958
257	0.2413502037525177	-0.03048759698867798	-0.2718378007411957
258	0.24114280939102173	-0.030902385711669922	-0.27204519510269165
259	0.24102845788002014	-0.031131088733673096	-0.27215954661369324
260	0.2406100332736969	-0.03196793794631958	-0.2725779712200165
261	0.2402394413948059	-0.03270912170410156	-0.27294856309890747
262	0.2398187518119812	-0.03355050086975098	-0.2733692526817322
263	0.2394566535949707	-0.03427469730377197	-0.2737313508987427
264	0.23903359472751617	-0.03512081503868103	-0.2741544097661972
265	0.23868004977703094	-0.03582790493965149	-0.27450795471668243
266	0.23825453221797943	-0.03667894005775452	-0.27493347227573395
267	0.23790960013866425	-0.03736880421638489	-0.27527840435504913
268	0.2374815046787262	-0.038224995136260986	-0.2757064998149872
269	0.23714318871498108	-0.03890162706375122	-0.2760448157787323
270	0.23663856089115143	-0.03991088271141052	-0.27654944360256195
271	0.236371710896492	-0.04044458270072937	-0.2768162935972214
272	0.2358642965555191	-0.04145941138267517	-0.2773237079381943
273	0.23560640215873718	-0.041975200176239014	-0.2775816023349762
274	0.23511908948421478	-0.042949825525283813	-0.2780689150094986
275	0.2350415587425232	-0.04310488700866699	-0.2781464457511902
276	0.23498104512691498	-0.04322591423988342	-0.2782069593667984
277	0.2348865419626236	-0.043414920568466187	-0.2783014625310898
278	0.23482979834079742	-0.04352840781211853	-0.27835820615291595
279	0.23479093611240387	-0.04360613226890564	-0.2783970683813095
280	0.2347630262374878	-0.04366195201873779	-0.2784249782562256
281	0.2346675544977188	-0.04385289549827576	-0.27852044999599457
282	0.2344929724931717	-0.044202059507369995	-0.2786950320005417
283	0.23423656821250916	-0.04471486806869507	-0.2789514362812042
284	0.234007328748703	-0.04517334699630737	-0.2791806757450104
285	0.23378877341747284	-0.0456104576587677	-0.27939923107624054
286	0.2336888462305069	-0.045810312032699585	-0.2794991582632065
287	0.23355676233768463	-0.046074479818344116	-0.27963124215602875
288	0.2334977239370346	-0.046192556619644165	-0.27969028055667877
289	0.23342706263065338	-0.046333879232406616	-0.27976094186306
290	0.23336751759052277	-0.04645296931266785	-0.2798204869031906
291	0.23333173990249634	-0.0465245246887207	-0.27985626459121704
292	0.2332996279001236	-0.046588748693466187	-0.2798883765935898
293	0.23321640491485596	-0.046755194664001465	-0.2799715995788574
294	0.23297104239463806	-0.047245919704437256	-0.2802169620990753
295	0.23292861878871918	-0.047330766916275024	-0.2802593857049942
296	0.2329019010066986	-0.04738420248031616	-0.28028610348701477
297	0.2328660637140274	-0.04745587706565857	-0.280321940779686
298	0.23283933103084564	-0.047509342432022095	-0.28034867346286774
299	0.2328270673751831	-0.04753386974334717	-0.2803609371185303
300	0.2328270673751831	-0.04753386974334717	-0.2803609371185303
301	0.2328270673751831	-0.04753386974334717	-0.2803609371185303
302	0.2328270673751831	-0.04753386974334717	-0.2803609371185303
303	0.2328270673751831	-0.04753386974334717	-0.2803609371185303
304	0.2328270673751831	-0.04753386974334717	-0.2803609371185303
305	0.2328270673751831	-0.04753386974334717	-0.2803609371185303
306	0.2328270673751831	-0.04753386974334717	-0.2803609371185303
307	0.2328270673751831	-0.04753386974334717	-0.2803609371185303
308	0.2328270673751831	-0.04753386974334717	-0.2803609371185303
309	0.2328270673751831	-0.04753386974334717	-0.2803609371185303
310	0.2328270673751831	-0.04753386974334717	-0.2803609371185303
311	0.2328270673751831	-0.04753386974334717	-0.2803609371185303
312	0.2328270673751831	-0.04753386974334717	-0.2803609371185303
313	0.2328270673751831	-0.04753386974334717	-0.2803609371185303
314	0.2328270673751831	-0.04753386974334717	-0.2803609371185303
315	0.2328270673751831	-0.04753386974334717	-0.2803609371185303
316	0.2328270673751831	-0.04753386974334717	-0.2803609371185303
317	0.2328270673751831	-0.04753386974334717	-0.2803609371185303
318	0.2328270673751831	-0.04753386974334717	-0.2803609371185303
319	0.2328270673751831	-0.04753386974334717	-0.2803609371185303
320	0.2328270673751831	-0.04753386974334717	-0.2803609371185303
321	0.2328270673751831	-0.04753386974334717	-0.2803609371185303
322	0.2328270673751831	-0.04753386974334717	-0.2803609371185303
323	0.2328270673751831	-0.04753386974334717	-0.2803609371185303
324	0.2328270673751831	-0.04753386974334717	-0.2803609371185303
325	0.2328270673751831	-0.04753386974334717	-0.2803609371185303
326	0.2328270673751831	-0.04753386974334717	-0.2803609371185303
327	0.2328270673751831	-0.04753386974334717	-0.2803609371185303
328	0.2328270673751831	-0.04753386974334717	-0.2803609371185303
329	0.2328270673751831	-0.04753386974334717	-0.2803609371185303
330	0.2328270673751831	-0.04753386974334717	-0.2803609371185303
331	0.2328270673751831	-0.04753386974334717	-0.2803609371185303
332	0.2328270673751831	-0.04753386974334717	-0.2803609371185303
333	0.2328270673751831	-0.04753386974334717	-0.2803609371185303
334	0.2328270673751831	-0.04753386974334717	-0.2803609371185303
335	0.2328270673751831	-0.04753386974334717	-0.2803609371185303
336	0.2328270673751831	-0.04753386974334717	-0.2803609371185303
337	0.2328270673751831	-0.04753386974334717	-0.2803609371185303
338	0.2328270673751831	-0.04753386974334717	-0.2803609371185303
339	0.2328270673751831	-0.04753386974334717	-0.2803609371185303
340	0.2328270673751831	-0.04753386974334717	-0.2803609371185303
341	0.2328270673751831	-0.04753386974334717	-0.2803609371185303
342	0.2328270673751831	-0.04753386974334717	-0.2803609371185303
343	0.2328270673751831	-0.04753386974334717	-0.2803609371185303
344	0.2328270673751831	-0.04753386974334717	-0.2803609371185303
345	0.2328270673751831	-0.04753386974334717	-0.2803609371185303
346	0.2328270673751831	-0.04753386974334717	-0.2803609371185303
347	0.2328270673751831	-0.04753386974334717	-0.2803609371185303
348	0.2328270673751831	-0.04753386974334717	-0.2803609371185303
349	0.2328270673751831	-0.04753386974334717	-0.2803609371185303
350	0.2328270673751831	-0.04753386974334717	-0.2803609371185303
351	0.23282688856124878	-0.04753422737121582	-0.2803611159324646
352	0.23282694816589355	-0.04753410816192627	-0.2803610563278198
353	0.23282700777053833	-0.04753398895263672	-0.28036099672317505
354	0.2328270673751831	-0.04753386974334717	-0.2803609371185303
355	0.2328270673751831	-0.04753386974334717	-0.2803609371185303
356	0.2328270673751831	-0.04753386974334717	-0.2803609371185303
357	0.2328270673751831	-0.04753386974334717	-0.2803609371185303
358	0.2328270673751831	-0.04753386974334717	-0.2803609371185303
359	0.2328270673751831	-0.04753386974334717	-0.2803609371185303
360	0.2328270673751831	-0.04753386974334717	-0.2803609371185303
361	0.2328270673751831	-0.04753386974334717	-0.2803609371185303
362	0.2328270673751831	-0.04753386974334717	-0.2803609371185303
363	0.2328270673751831	-0.04753386974334717	-0.2803609371185303
364	0.2328270673751831	-0.04753386974334717	-0.2803609371185303
365	0.2328270673751831	-0.04753386974334717	-0.2803609371185303
366	0.2328270673751831	-0.04753386974334717	-0.2803609371185303
367	0.2328270673751831	-0.04753386974334717	-0.2803609371185303
368	0.2328270673751831	-0.04753386974334717	-0.2803609371185303
369	0.23282670974731445	-0.04753458499908447	-0.2803612947463989
370	0.23282696306705475	-0.04753407835960388	-0.28036104142665863
371	0.23282696306705475	-0.04753407835960388	-0.28036104142665863
372	0.23282696306705475	-0.04753407835960388	-0.28036104142665863
373	0.23282702267169952	-0.04753395915031433	-0.28036098182201385
374	0.23282703757286072	-0.04753392934799194	-0.28036096692085266
375	0.2328270673751831	-0.04753386974334717	-0.2803609371185303
376	0.2328270673751831	-0.04753386974334717	-0.2803609371185303
377	0.2328270673751831	-0.04753386974334717	-0.2803609371185303
378	0.2328270673751831	-0.04753386974334717	-0.2803609371185303
379	0.2328270673751831	-0.04753386974334717	-0.2803609371185303
380	0.2328270673751831	-0.04753386974334717	-0.2803609371185303
381	0.23282687366008759	-0.04753425717353821	-0.2803611308336258
382	0.23282691836357117	-0.047534167766571045	-0.2803610861301422
383	0.23282687366008759	-0.04753425717353821	-0.2803611308336258
384	0.23282697796821594	-0.047534048557281494	-0.28036102652549744
385	0.23282702267169952	-0.04753395915031433	-0.28036098182201385
386	0.2328270673751831	-0.04753386974334717	-0.2803609371185303
387	0.2328268140554428	-0.04753437638282776	-0.28036119043827057
388	0.2328268140554428	-0.04753437638282776	-0.28036119043827057
389	0.23282687366008759	-0.04753425717353821	-0.2803611308336258
390	0.23282688856124878	-0.04753422737121582	-0.2803611159324646
391	0.23282693326473236	-0.04753413796424866	-0.280361071228981
392	0.23282687366008759	-0.04753425717353821	-0.2803611308336258
393	0.23282694816589355	-0.04753410816192627	-0.2803610563278198
394	0.23282697796821594	-0.047534048557281494	-0.28036102652549744
395	0.23282700777053833	-0.04753398895263672	-0.28036099672317505
396	0.23282702267169952	-0.04753395915031433	-0.28036098182201385
397	0.23282703757286072	-0.04753392934799194	-0.28036096692085266
398	0.23282693326473236	-0.04753413796424866	-0.280361071228981
399	0.23282703757286072	-0.04753392934799194	-0.28036096692085266
400	0.23282703757286072	-0.04753392934799194	-0.28036096692085266
401	0.2328270673751831	-0.04753386974334717	-0.2803609371185303
402	0.2328270673751831	-0.04753386974334717	-0.2803609371185303
403	0.2328270673751831	-0.04753386974334717	-0.2803609371185303
404	0.2328270673751831	-0.04753386974334717	-0.2803609371185303
405	0.2328270673751831	-0.04753386974334717	-0.2803609371185303
406	0.2328270673751831	-0.04753386974334717	-0.2803609371185303
407	0.2328270673751831	-0.04753386974334717	-0.2803609371185303
408	0.2328270673751831	-0.04753386974334717	-0.2803609371185303
409	0.2328270524740219	-0.047533899545669556	-0.28036095201969147
410	0.23282694816589355	-0.04753410816192627	-0.2803610563278198
411	0.23282702267169952	-0.04753395915031433	-0.28036098182201385
412	0.2328270673751831	-0.04753386974334717	-0.2803609371185303
413	0.2328270673751831	-0.04753386974334717	-0.2803609371185303
414	0.2328270673751831	-0.04753386974334717	-0.2803609371185303
415	0.2328270673751831	-0.04753386974334717	-0.2803609371185303
416	0.2328270673751831	-0.04753386974334717	-0.2803609371185303
417	0.2328270673751831	-0.04753386974334717	-0.2803609371185303
418	0.2328270673751831	-0.04753386974334717	-0.2803609371185303
419	0.2328270673751831	-0.04753386974334717	-0.2803609371185303
420	0.2328270673751831	-0.04753386974334717	-0.2803609371185303
421	0.2328270673751831	-0.04753386974334717	-0.2803609371185303
422	0.23282694816589355	-0.04753410816192627	-0.2803610563278198
423	0.23282697796821594	-0.047534048557281494	-0.28036102652549744
424	0.2328270673751831	-0.04753386974334717	-0.2803609371185303
425	0.2328270673751831	-0.04753386974334717	-0.2803609371185303
426	0.2328270673751831	-0.04753386974334717	-0.2803609371185303
427	0.2328270673751831	-0.04753386974334717	-0.2803609371185303
428	0.2328270673751831	-0.04753386974334717	-0.2803609371185303
429	0.2328270673751831	-0.04753386974334717	-0.2803609371185303
430	0.2328270673751831	-0.04753386974334717	-0.2803609371185303
431	0.2328270673751831	-0.04753386974334717	-0.2803609371185303
432	0.2328270673751831	-0.04753386974334717	-0.2803609371185303
433	0.23282702267169952	-0.04753395915031433	-0.28036098182201385
434	0.2328270524740219	-0.047533899545669556	-0.28036095201969147
435	0.2328270673751831	-0.04753386974334717	-0.2803609371185303
436	0.2328270673751831	-0.04753386974334717	-0.2803609371185303
437	0.2328270673751831	-0.04753386974334717	-0.2803609371185303
438	0.2328270673751831	-0.04753386974334717	-0.2803609371185303
439	0.2328270673751831	-0.04753386974334717	-0.2803609371185303
440	0.2328270673751831	-0.04753386974334717	-0.2803609371185303
441	0.23282694816589355	-0.04753410816192627	-0.2803610563278198
442	0.23282691836357117	-0.047534167766571045	-0.2803610861301422
443	0.23282699286937714	-0.047534018754959106	-0.28036101162433624
444	0.23282699286937714	-0.047534018754959106	-0.28036101162433624
445	0.2328270524740219	-0.047533899545669556	-0.28036095201969147
446	0.2328270673751831	-0.04753386974334717	-0.2803609371185303
447	0.2328270673751831	-0.04753386974334717	-0.2803609371185303
448	0.2328270673751831	-0.04753386974334717	-0.2803609371185303
449	0.2328270673751831	-0.04753386974334717	-0.2803609371185303
450	0.2328270673751831	-0.04753386974334717	-0.2803609371185303
451	0.2328270673751831	-0.04753386974334717	-0.2803609371185303
452	0.2328270673751831	-0.04753386974334717	-0.2803609371185303
453	0.2328270673751831	-0.04753386974334717	-0.2803609371185303
454	0.2328270673751831	-0.04753386974334717	-0.2803609371185303
455	0.2328270673751831	-0.04753386974334717	-0.2803609371185303
456	0.2328270673751831	-0.04753386974334717	-0.2803609371185303
457	0.2328270673751831	-0.04753386974334717	-0.2803609371185303
458	0.2328270673751831	-0.04753386974334717	-0.2803609371185303
459	0.2328270673751831	-0.04753386974334717	-0.2803609371185303
460	0.2328270673751831	-0.04753386974334717	-0.2803609371185303
461	0.2328270673751831	-0.04753386974334717	-0.2803609371185303
462	0.2328270673751831	-0.04753386974334717	-0.2803609371185303
463	0.2328270673751831	-0.04753386974334717	-0.2803609371185303
464	0.2328270673751831	-0.04753386974334717	-0.2803609371185303
465	0.2328270673751831	-0.04753386974334717	-0.2803609371185303
466	0.23282694816589355	-0.04753410816192627	-0.2803610563278198
467	0.2328270673751831	-0.04753386974334717	-0.2803609371185303
468	0.2328270673751831	-0.04753386974334717	-0.2803609371185303
469	0.2328270673751831	-0.04753386974334717	-0.2803609371185303
470	0.2328270673751831	-0.04753386974334717	-0.2803609371185303
471	0.2328270673751831	-0.04753386974334717	-0.2803609371185303
472	0.2328270673751831	-0.04753386974334717	-0.2803609371185303
473	0.2328270673751831	-0.04753386974334717	-0.2803609371185303
474	0.2328270673751831	-0.04753386974334717	-0.2803609371185303
475	0.2328270673751831	-0.04753386974334717	-0.2803609371185303
476	0.2328270673751831	-0.04753386974334717	-0.2803609371185303
477	0.2328270673751831	-0.04753386974334717	-0.2803609371185303
478	0.2328270673751831	-0.04753386974334717	-0.2803609371185303
479	0.2328270673751831	-0.04753386974334717	-0.2803609371185303
480	0.2328270673751831	-0.04753386974334717	-0.2803609371185303
481	0.2328270673751831	-0.04753386974334717	-0.2803609371185303
482	0.2328270673751831	-0.04753386974334717	-0.2803609371185303
483	0.2328270673751831	-0.04753386974334717	-0.2803609371185303
484	0.2328270673751831	-0.04753386974334717	-0.2803609371185303
485	0.2328270673751831	-0.04753386974334717	-0.2803609371185303
486	0.2328270673751831	-0.04753386974334717	-0.2803609371185303
487	0.2328270673751831	-0.04753386974334717	-0.2803609371185303
488	0.2328270673751831	-0.04753386974334717	-0.2803609371185303
489	0.2328270673751831	-0.04753386974334717	-0.2803609371185303
490	0.2328270673751831	-0.04753386974334717	-0.2803609371185303
491	0.2328270673751831	-0.04753386974334717	-0.2803609371185303
492	0.2328270673751831	-0.04753386974334717	-0.2803609371185303
493	0.2328270673751831	-0.04753386974334717	-0.2803609371185303
494	0.2328270673751831	-0.04753386974334717	-0.2803609371185303
495	0.2328270673751831	-0.04753386974334717	-0.2803609371185303
496	0.2328270673751831	-0.04753386974334717	-0.2803609371185303
497	0.2328270673751831	-0.04753386974334717	-0.2803609371185303
498	0.2328270673751831	-0.04753386974334717	-0.2803609371185303
499	0.2328270673751831	-0.04753386974334717	-0.2803609371185303
500	0.2328270673751831	-0.04753386974334717	-0.2803609371185303
501	0.2328270673751831	-0.04753386974334717	-0.2803609371185303
502	0.2328270673751831	-0.04753386974334717	-0.2803609371185303
503	0.2328270673751831	-0.04753386974334717	-0.2803609371185303
504	0.2328270673751831	-0.04753386974334717	-0.2803609371185303
505	0.2328270673751831	-0.04753386974334717	-0.2803609371185303
506	0.2328270673751831	-0.04753386974334717	-0.2803609371185303
507	0.2328270673751831	-0.04753386974334717	-0.2803609371185303
508	0.2328270673751831	-0.04753386974334717	-0.2803609371185303
509	0.2328270673751831	-0.04753386974334717	-0.2803609371185303
510	0.2328270673751831	-0.04753386974334717	-0.2803609371185303
511	0.2328270673751831	-0.04753386974334717	-0.2803609371185303
512	0.2328270673751831	-0.04753386974334717	-0.2803609371185303
513	0.2328270673751831	-0.04753386974334717	-0.2803609371185303
514	0.2328270673751831	-0.04753386974334717	-0.2803609371185303
515	0.2328270673751831	-0.04753386974334717	-0.2803609371185303
516	0.2328270673751831	-0.04753386974334717	-0.2803609371185303
517	0.2328270673751831	-0.04753386974334717	-0.2803609371185303
518	0.2328270673751831	-0.04753386974334717	-0.2803609371185303
519	0.2328270673751831	-0.04753386974334717	-0.2803609371185303
520	0.2328270673751831	-0.04753386974334717	-0.2803609371185303
521	0.2328270673751831	-0.04753386974334717	-0.2803609371185303
522	0.2328270673751831	-0.04753386974334717	-0.2803609371185303
523	0.2328270673751831	-0.04753386974334717	-0.2803609371185303
524	0.2328270673751831	-0.04753386974334717	-0.2803609371185303
525	0.2328270673751831	-0.04753386974334717	-0.2803609371185303
526	0.2328270673751831	-0.04753386974334717	-0.2803609371185303
527	0.2328270673751831	-0.04753386974334717	-0.2803609371185303
528	0.2328270673751831	-0.04753386974334717	-0.2803609371185303
529	0.2328270673751831	-0.04753386974334717	-0.2803609371185303
530	0.2328270673751831	-0.04753386974334717	-0.2803609371185303
531	0.2328270673751831	-0.04753386974334717	-0.2803609371185303
532	0.2328270673751831	-0.04753386974334717	-0.2803609371185303
533	0.2328270673751831	-0.04753386974334717	-0.2803609371185303
534	0.2328270673751831	-0.04753386974334717	-0.2803609371185303
535	0.2328270673751831	-0.04753386974334717	-0.2803609371185303
536	0.2328270673751831	-0.04753386974334717	-0.2803609371185303
537	0.2328270673751831	-0.04753386974334717	-0.2803609371185303
538	0.2328270673751831	-0.04753386974334717	-0.2803609371185303
539	0.2328270673751831	-0.04753386974334717	-0.2803609371185303
540	0.2328270673751831	-0.04753386974334717	-0.2803609371185303
541	0.2328270673751831	-0.04753386974334717	-0.2803609371185303
542	0.2328270673751831	-0.04753386974334717	-0.2803609371185303
543	0.2328270673751831	-0.04753386974334717	-0.2803609371185303
544	0.2328270673751831	-0.04753386974334717	-0.2803609371185303
545	0.2328270673751831	-0.04753386974334717	-0.2803609371185303
546	0.2328270673751831	-0.04753386974334717	-0.2803609371185303
547	0.2328270673751831	-0.04753386974334717	-0.2803609371185303
548	0.2328270673751831	-0.04753386974334717	-0.2803609371185303
549	0.2328270673751831	-0.04753386974334717	-0.2803609371185303
550	0.2328270673751831	-0.04753386974334717	-0.2803609371185303
551	0.2328270673751831	-0.04753386974334717	-0.2803609371185303
552	0.2328270673751831	-0.04753386974334717	-0.2803609371185303
553	0.2328270673751831	-0.04753386974334717	-0.2803609371185303
554	0.2328270673751831	-0.04753386974334717	-0.2803609371185303
555	0.23282696306705475	-0.04753407835960388	-0.28036104142665863
556	0.2328270673751831	-0.04753386974334717	-0.2803609371185303
557	0.2328270673751831	-0.04753386974334717	-0.2803609371185303
558	0.23282696306705475	-0.04753407835960388	-0.28036104142665863
559	0.2328270524740219	-0.047533899545669556	-0.28036095201969147
560	0.2328270673751831	-0.04753386974334717	-0.2803609371185303
561	0.2328270673751831	-0.04753386974334717	-0.2803609371185303
562	0.2328270673751831	-0.04753386974334717	-0.2803609371185303
563	0.2328270673751831	-0.04753386974334717	-0.2803609371185303
564	0.2328270673751831	-0.04753386974334717	-0.2803609371185303
565	0.2328270673751831	-0.04753386974334717	-0.2803609371185303
566	0.2328270673751831	-0.04753386974334717	-0.2803609371185303
567	0.2328270673751831	-0.04753386974334717	-0.2803609371185303
568	0.23282679915428162	-0.047534406185150146	-0.28036120533943176
569	0.23282694816589355	-0.04753410816192627	-0.2803610563278198
570	0.23282702267169952	-0.04753395915031433	-0.28036098182201385
571	0.2328270673751831	-0.04753386974334717	-0.2803609371185303
572	0.2328270673751831	-0.04753386974334717	-0.2803609371185303
573	0.2328270673751831	-0.04753386974334717	-0.2803609371185303
574	0.2328270673751831	-0.04753386974334717	-0.2803609371185303
575	0.2328270673751831	-0.04753386974334717	-0.2803609371185303
576	0.2328270673751831	-0.04753386974334717	-0.2803609371185303
577	0.2328270673751831	-0.04753386974334717	-0.2803609371185303
578	0.2328270673751831	-0.04753386974334717	-0.2803609371185303
579	0.2328270673751831	-0.04753386974334717	-0.2803609371185303
580	0.2328270673751831	-0.04753386974334717	-0.2803609371185303
581	0.2328270673751831	-0.04753386974334717	-0.2803609371185303
582	0.2328270673751831	-0.04753386974334717	-0.2803609371185303
583	0.2328270673751831	-0.04753386974334717	-0.2803609371185303
584	0.2328270673751831	-0.04753386974334717	-0.2803609371185303
585	0.2328270673751831	-0.04753386974334717	-0.2803609371185303
586	0.2328270673751831	-0.04753386974334717	-0.2803609371185303
587	0.2328270524740219	-0.047533899545669556	-0.28036095201969147
588	0.23282678425312042	-0.047534435987472534	-0.28036122024059296
589	0.23282688856124878	-0.04753422737121582	-0.2803611159324646
590	0.23282694816589355	-0.04753410816192627	-0.2803610563278198
591	0.23282702267169952	-0.04753395915031433	-0.28036098182201385
592	0.23282702267169952	-0.04753395915031433	-0.28036098182201385
593	0.23282702267169952	-0.04753395915031433	-0.28036098182201385
594	0.2328270524740219	-0.047533899545669556	-0.28036095201969147
595	0.2328270673751831	-0.04753386974334717	-0.2803609371185303
596	0.23282693326473236	-0.04753413796424866	-0.280361071228981
597	0.23282703757286072	-0.04753392934799194	-0.28036096692085266
598	0.2328270673751831	-0.04753386974334717	-0.2803609371185303
599	0.2328270673751831	-0.04753386974334717	-0.2803609371185303
600	0.2328270673751831	-0.04753386974334717	-0.2803609371185303
601	0.2328270673751831	-0.04753386974334717	-0.2803609371185303
602	0.2328270673751831	-0.04753386974334717	-0.2803609371185303
603	0.2328270673751831	-0.04753386974334717	-0.2803609371185303
604	0.2328270673751831	-0.04753386974334717	-0.2803609371185303
605	0.2328270673751831	-0.04753386974334717	-0.2803609371185303
606	0.2328270673751831	-0.04753386974334717	-0.2803609371185303
607	0.2328270673751831	-0.04753386974334717	-0.2803609371185303
608	0.2328270673751831	-0.04753386974334717	-0.2803609371185303
609	0.2328270673751831	-0.04753386974334717	-0.2803609371185303
610	0.2328270673751831	-0.04753386974334717	-0.2803609371185303
611	0.2328270673751831	-0.04753386974334717	-0.2803609371185303
612	0.2328270673751831	-0.04753386974334717	-0.2803609371185303
613	0.2328270673751831	-0.04753386974334717	-0.2803609371185303
614	0.2328270673751831	-0.04753386974334717	-0.2803609371185303
615	0.2328270673751831	-0.04753386974334717	-0.2803609371185303
616	0.2328270673751831	-0.04753386974334717	-0.2803609371185303
617	0.2328270673751831	-0.04753386974334717	-0.2803609371185303
618	0.2328270673751831	-0.04753386974334717	-0.2803609371185303
619	0.2328270673751831	-0.04753386974334717	-0.2803609371185303
620	0.2328270673751831	-0.04753386974334717	-0.2803609371185303
621	0.2328270673751831	-0.04753386974334717	-0.2803609371185303
622	0.2328270673751831	-0.04753386974334717	-0.2803609371185303
623	0.2328270673751831	-0.04753386974334717	-0.2803609371185303
624	0.2328270673751831	-0.04753386974334717	-0.2803609371185303
625	0.2328270673751831	-0.04753386974334717	-0.2803609371185303
626	0.2328270673751831	-0.04753386974334717	-0.2803609371185303
627	0.2328270673751831	-0.04753386974334717	-0.2803609371185303
628	0.2328270673751831	-0.04753386974334717	-0.2803609371185303
629	0.2328270673751831	-0.04753386974334717	-0.2803609371185303
630	0.2328270673751831	-0.04753386974334717	-0.2803609371185303
631	0.2328270673751831	-0.04753386974334717	-0.2803609371185303
632	0.2328270673751831	-0.04753386974334717	-0.2803609371185303
633	0.2328270673751831	-0.04753386974334717	-0.2803609371185303
634	0.2328270673751831	-0.04753386974334717	-0.2803609371185303
635	0.2328268438577652	-0.04753431677818298	-0.2803611606359482
636	0.23282691836357117	-0.047534167766571045	-0.2803610861301422
637	0.23282700777053833	-0.04753398895263672	-0.28036099672317505
638	0.2328270673751831	-0.04753386974334717	-0.2803609371185303
639	0.2328270673751831	-0.04753386974334717	-0.2803609371185303
640	0.2328270673751831	-0.04753386974334717	-0.2803609371185303
641	0.23282669484615326	-0.04753461480140686	-0.2803613096475601
642	0.23282670974731445	-0.04753458499908447	-0.2803612947463989
643	0.2328268438577652	-0.04753431677818298	-0.2803611606359482
644	0.2328268438577652	-0.04753431677818298	-0.2803611606359482
645	0.23282688856124878	-0.04753422737121582	-0.2803611159324646
646	0.23282690346240997	-0.04753419756889343	-0.2803611010313034
647	0.23282693326473236	-0.04753413796424866	-0.280361071228981
648	0.23282696306705475	-0.04753407835960388	-0.28036104142665863
649	0.23282696306705475	-0.04753407835960388	-0.28036104142665863
650	0.23282702267169952	-0.04753395915031433	-0.28036098182201385
651	0.23282703757286072	-0.04753392934799194	-0.28036096692085266
652	0.2328270673751831	-0.04753386974334717	-0.2803609371185303
653	0.2328270673751831	-0.04753386974334717	-0.2803609371185303
654	0.232826828956604	-0.04753434658050537	-0.2803611755371094
655	0.23282694816589355	-0.04753410816192627	-0.2803610563278198
656	0.23282697796821594	-0.047534048557281494	-0.28036102652549744
657	0.23282702267169952	-0.04753395915031433	-0.28036098182201385
658	0.2328270673751831	-0.04753386974334717	-0.2803609371185303
659	0.2328270673751831	-0.04753386974334717	-0.2803609371185303
660	0.2328270673751831	-0.04753386974334717	-0.2803609371185303
661	0.2328270673751831	-0.04753386974334717	-0.2803609371185303
662	0.23282696306705475	-0.04753407835960388	-0.28036104142665863
663	0.2328270673751831	-0.04753386974334717	-0.2803609371185303
664	0.23282663524150848	-0.04753473401069641	-0.2803613692522049
665	0.23282687366008759	-0.04753425717353821	-0.2803611308336258
666	0.23282679915428162	-0.047534406185150146	-0.28036120533943176
667	0.23282693326473236	-0.04753413796424866	-0.280361071228981
668	0.23282696306705475	-0.04753407835960388	-0.28036104142665863
669	0.2328270524740219	-0.047533899545669556	-0.28036095201969147
670	0.2328270673751831	-0.04753386974334717	-0.2803609371185303
671	0.2328270673751831	-0.04753386974334717	-0.2803609371185303
672	0.2328270673751831	-0.04753386974334717	-0.2803609371185303
673	0.2328270673751831	-0.04753386974334717	-0.2803609371185303
674	0.2328270673751831	-0.04753386974334717	-0.2803609371185303
675	0.2328270673751831	-0.04753386974334717	-0.2803609371185303
676	0.2328270673751831	-0.04753386974334717	-0.2803609371185303
677	0.2328270673751831	-0.04753386974334717	-0.2803609371185303
678	0.2328270673751831	-0.04753386974334717	-0.2803609371185303
679	0.2328270673751831	-0.04753386974334717	-0.2803609371185303
680	0.2328270673751831	-0.04753386974334717	-0.2803609371185303
681	0.2328270673751831	-0.04753386974334717	-0.2803609371185303
682	0.2328270673751831	-0.04753386974334717	-0.2803609371185303
683	0.2328270673751831	-0.04753386974334717	-0.2803609371185303
684	0.2328270673751831	-0.04753386974334717	-0.2803609371185303
685	0.2328270673751831	-0.04753386974334717	-0.2803609371185303
686	0.2328270673751831	-0.04753386974334717	-0.2803609371185303
687	0.2328270673751831	-0.04753386974334717	-0.2803609371185303
688	0.2328270673751831	-0.04753386974334717	-0.2803609371185303
689	0.2328270673751831	-0.04753386974334717	-0.2803609371185303
690	0.2328270673751831	-0.04753386974334717	-0.2803609371185303
691	0.2328270673751831	-0.04753386974334717	-0.2803609371185303
692	0.2328270673751831	-0.04753386974334717	-0.2803609371185303
693	0.2328270673751831	-0.04753386974334717	-0.2803609371185303
694	0.2328268587589264	-0.047534286975860596	-0.280361145734787
695	0.2328266203403473	-0.0475347638130188	-0.2803613841533661
696	0.2328268140554428	-0.04753437638282776	-0.28036119043827057
697	0.23282688856124878	-0.04753422737121582	-0.2803611159324646
698	0.23282690346240997	-0.04753419756889343	-0.2803611010313034
699	0.23282693326473236	-0.04753413796424866	-0.280361071228981
700	0.23282694816589355	-0.04753410816192627	-0.2803610563278198
701	0.23282703757286072	-0.04753392934799194	-0.28036096692085266
702	0.2328270673751831	-0.04753386974334717	-0.2803609371185303
703	0.2328270673751831	-0.04753386974334717	-0.2803609371185303
704	0.2328270673751831	-0.04753386974334717	-0.2803609371185303
705	0.2328270673751831	-0.04753386974334717	-0.2803609371185303
706	0.2328270673751831	-0.04753386974334717	-0.2803609371185303
707	0.2328270673751831	-0.04753386974334717	-0.2803609371185303
708	0.2328270673751831	-0.04753386974334717	-0.2803609371185303
709	0.2328270673751831	-0.04753386974334717	-0.2803609371185303
710	0.2328270673751831	-0.04753386974334717	-0.2803609371185303
711	0.2328270673751831	-0.04753386974334717	-0.2803609371185303
712	0.2328270673751831	-0.04753386974334717	-0.2803609371185303
713	0.2328270673751831	-0.04753386974334717	-0.2803609371185303
714	0.2328270673751831	-0.04753386974334717	-0.2803609371185303
715	0.2328270673751831	-0.04753386974334717	-0.2803609371185303
716	0.2328270673751831	-0.04753386974334717	-0.2803609371185303
717	0.2328270673751831	-0.04753386974334717	-0.2803609371185303
718	0.2328270673751831	-0.04753386974334717	-0.2803609371185303
719	0.2328270673751831	-0.04753386974334717	-0.2803609371185303
720	0.2328270673751831	-0.04753386974334717	-0.2803609371185303
721	0.2328270673751831	-0.04753386974334717	-0.2803609371185303
722	0.2328270673751831	-0.04753386974334717	-0.2803609371185303
723	0.23282690346240997	-0.04753419756889343	-0.2803611010313034
724	0.2328268587589264	-0.047534286975860596	-0.280361145734787
725	0.23282679915428162	-0.047534406185150146	-0.28036120533943176
726	0.23282696306705475	-0.04753407835960388	-0.28036104142665863
727	0.23282703757286072	-0.04753392934799194	-0.28036096692085266
728	0.2328270673751831	-0.04753386974334717	-0.2803609371185303
729	0.2328270673751831	-0.04753386974334717	-0.2803609371185303
730	0.2328270673751831	-0.04753386974334717	-0.2803609371185303
731	0.2328270673751831	-0.04753386974334717	-0.2803609371185303
732	0.2328270673751831	-0.04753386974334717	-0.2803609371185303
733	0.2328270673751831	-0.04753386974334717	-0.2803609371185303
734	0.2328270673751831	-0.04753386974334717	-0.2803609371185303
735	0.2328270673751831	-0.04753386974334717	-0.2803609371185303
736	0.2328270673751831	-0.04753386974334717	-0.2803609371185303
737	0.2328270673751831	-0.04753386974334717	-0.2803609371185303
738	0.2328270673751831	-0.04753386974334717	-0.2803609371185303
739	0.2328270673751831	-0.04753386974334717	-0.2803609371185303
740	0.2328270673751831	-0.04753386974334717	-0.2803609371185303
741	0.2328270673751831	-0.04753386974334717	-0.2803609371185303
742	0.2328270673751831	-0.04753386974334717	-0.2803609371185303
743	0.2328270673751831	-0.04753386974334717	-0.2803609371185303
744	0.2328270673751831	-0.04753386974334717	-0.2803609371185303
745	0.23282694816589355	-0.04753410816192627	-0.2803610563278198
746	0.2328270524740219	-0.047533899545669556	-0.28036095201969147
747	0.23282694816589355	-0.04753410816192627	-0.2803610563278198
748	0.23282702267169952	-0.04753395915031433	-0.28036098182201385
749	0.2328270673751831	-0.04753386974334717	-0.2803609371185303
750	0.2328270673751831	-0.04753386974334717	-0.2803609371185303
751	0.2328270673751831	-0.04753386974334717	-0.2803609371185303
752	0.2328270673751831	-0.04753386974334717	-0.2803609371185303
753	0.2328270673751831	-0.04753386974334717	-0.2803609371185303
754	0.23282703757286072	-0.04753392934799194	-0.28036096692085266
755	0.23282697796821594	-0.047534048557281494	-0.28036102652549744
756	0.2328270673751831	-0.04753386974334717	-0.2803609371185303
757	0.2328270673751831	-0.04753386974334717	-0.2803609371185303
758	0.2328270673751831	-0.04753386974334717	-0.2803609371185303
759	0.2328270673751831	-0.04753386974334717	-0.2803609371185303
760	0.23282669484615326	-0.04753461480140686	-0.2803613096475601
761	0.23282690346240997	-0.04753419756889343	-0.2803611010313034
762	0.2328270673751831	-0.04753386974334717	-0.2803609371185303
763	0.2328270673751831	-0.04753386974334717	-0.2803609371185303
764	0.2328270673751831	-0.04753386974334717	-0.2803609371185303
765	0.2328270673751831	-0.04753386974334717	-0.2803609371185303
766	0.2328270673751831	-0.04753386974334717	-0.2803609371185303
767	0.2328270673751831	-0.04753386974334717	-0.2803609371185303
768	0.2328270673751831	-0.04753386974334717	-0.2803609371185303
769	0.2328270673751831	-0.04753386974334717	-0.2803609371185303
770	0.2328270673751831	-0.04753386974334717	-0.2803609371185303
771	0.2328270673751831	-0.04753386974334717	-0.2803609371185303
772	0.2328270673751831	-0.04753386974334717	-0.2803609371185303
773	0.2328270673751831	-0.04753386974334717	-0.2803609371185303
774	0.2328270673751831	-0.04753386974334717	-0.2803609371185303
775	0.2328270673751831	-0.04753386974334717	-0.2803609371185303
776	0.2328270673751831	-0.04753386974334717	-0.2803609371185303
777	0.2328270673751831	-0.04753386974334717	-0.2803609371185303
778	0.2328270673751831	-0.04753386974334717	-0.2803609371185303
779	0.2328270673751831	-0.04753386974334717	-0.2803609371185303
780	0.2328270673751831	-0.04753386974334717	-0.2803609371185303
781	0.2328270673751831	-0.04753386974334717	-0.2803609371185303
782	0.2328270673751831	-0.04753386974334717	-0.2803609371185303
783	0.2328270673751831	-0.04753386974334717	-0.2803609371185303
784	0.2328270673751831	-0.04753386974334717	-0.2803609371185303
785	0.23282690346240997	-0.04753419756889343	-0.2803611010313034
786	0.23282699286937714	-0.047534018754959106	-0.28036101162433624
787	0.23282699286937714	-0.047534018754959106	-0.28036101162433624
788	0.23282702267169952	-0.04753395915031433	-0.28036098182201385
789	0.23282702267169952	-0.04753395915031433	-0.28036098182201385
790	0.23282702267169952	-0.04753395915031433	-0.28036098182201385
791	0.2328270673751831	-0.04753386974334717	-0.2803609371185303
792	0.2328270673751831	-0.04753386974334717	-0.2803609371185303
793	0.2328270673751831	-0.04753386974334717	-0.2803609371185303
794	0.23282699286937714	-0.047534018754959106	-0.28036101162433624
795	0.2328270673751831	-0.04753386974334717	-0.2803609371185303
796	0.2328270673751831	-0.04753386974334717	-0.2803609371185303
797	0.2328270673751831	-0.04753386974334717	-0.2803609371185303
798	0.2328270673751831	-0.04753386974334717	-0.2803609371185303
799	0.2328270673751831	-0.04753386974334717	-0.2803609371185303
800	0.2328270673751831	-0.04753386974334717	-0.2803609371185303
801	0.2328270673751831	-0.04753386974334717	-0.2803609371185303
802	0.23282675445079803	-0.04753449559211731	-0.28036125004291534
803	0.23282700777053833	-0.04753398895263672	-0.28036099672317505
804	0.2328268587589264	-0.047534286975860596	-0.280361145734787
805	0.23282696306705475	-0.04753407835960388	-0.28036104142665863
806	0.2328270673751831	-0.04753386974334717	-0.2803609371185303
807	0.2328270673751831	-0.04753386974334717	-0.2803609371185303
808	0.2328270673751831	-0.04753386974334717	-0.2803609371185303
809	0.2328270673751831	-0.04753386974334717	-0.2803609371185303
810	0.2328270673751831	-0.04753386974334717	-0.2803609371185303
811	0.2328270673751831	-0.04753386974334717	-0.2803609371185303
812	0.2328270673751831	-0.04753386974334717	-0.2803609371185303
813	0.2328270673751831	-0.04753386974334717	-0.2803609371185303
814	0.2328270673751831	-0.04753386974334717	-0.2803609371185303
815	0.2328270673751831	-0.04753386974334717	-0.2803609371185303
816	0.2328270673751831	-0.04753386974334717	-0.2803609371185303
817	0.2328270673751831	-0.04753386974334717	-0.2803609371185303
818	0.23282693326473236	-0.04753413796424866	-0.280361071228981
819	0.23282676935195923	-0.04753446578979492	-0.28036123514175415
820	0.23282679915428162	-0.047534406185150146	-0.28036120533943176
821	0.2328268438577652	-0.04753431677818298	-0.2803611606359482
822	0.23282693326473236	-0.04753413796424866	-0.280361071228981
823	0.23282687366008759	-0.04753425717353821	-0.2803611308336258
824	0.23282694816589355	-0.04753410816192627	-0.2803610563278198
825	0.23282696306705475	-0.04753407835960388	-0.28036104142665863
826	0.23282696306705475	-0.04753407835960388	-0.28036104142665863
827	0.23282700777053833	-0.04753398895263672	-0.28036099672317505
828	0.23282702267169952	-0.04753395915031433	-0.28036098182201385
829	0.23282703757286072	-0.04753392934799194	-0.28036096692085266
830	0.23282703757286072	-0.04753392934799194	-0.28036096692085266
831	0.2328270524740219	-0.047533899545669556	-0.28036095201969147
832	0.2328270524740219	-0.047533899545669556	-0.28036095201969147
833	0.2328270673751831	-0.04753386974334717	-0.2803609371185303
834	0.2328270673751831	-0.04753386974334717	-0.2803609371185303
835	0.2328270673751831	-0.04753386974334717	-0.2803609371185303
836	0.2328270673751831	-0.04753386974334717	-0.2803609371185303
837	0.2328270673751831	-0.04753386974334717	-0.2803609371185303
838	0.2328270673751831	-0.04753386974334717	-0.2803609371185303
839	0.2328270673751831	-0.04753386974334717	-0.2803609371185303
840	0.2328270673751831	-0.04753386974334717	-0.2803609371185303
841	0.2328270673751831	-0.04753386974334717	-0.2803609371185303
842	0.2328270673751831	-0.04753386974334717	-0.2803609371185303
843	0.2328270673751831	-0.04753386974334717	-0.2803609371185303
844	0.2328270673751831	-0.04753386974334717	-0.2803609371185303
845	0.2328270673751831	-0.04753386974334717	-0.2803609371185303
846	0.2328268587589264	-0.047534286975860596	-0.280361145734787
847	0.23282693326473236	-0.04753413796424866	-0.280361071228981
848	0.23282699286937714	-0.047534018754959106	-0.28036101162433624
849	0.2328270524740219	-0.047533899545669556	-0.28036095201969147
850	0.2328270673751831	-0.04753386974334717	-0.2803609371185303
851	0.2328270673751831	-0.04753386974334717	-0.2803609371185303
852	0.2328270673751831	-0.04753386974334717	-0.2803609371185303
853	0.2328270673751831	-0.04753386974334717	-0.2803609371185303
854	0.2328270673751831	-0.04753386974334717	-0.2803609371185303
855	0.2328270673751831	-0.04753386974334717	-0.2803609371185303
856	0.2328270673751831	-0.04753386974334717	-0.2803609371185303
857	0.2328270673751831	-0.04753386974334717	-0.2803609371185303
858	0.2328270673751831	-0.04753386974334717	-0.2803609371185303
859	0.2328270673751831	-0.04753386974334717	-0.2803609371185303
860	0.2328270673751831	-0.04753386974334717	-0.2803609371185303
861	0.2328270673751831	-0.04753386974334717	-0.2803609371185303
862	0.2328270673751831	-0.04753386974334717	-0.2803609371185303
863	0.2328270673751831	-0.04753386974334717	-0.2803609371185303
864	0.2328270673751831	-0.04753386974334717	-0.2803609371185303
865	0.2328270673751831	-0.04753386974334717	-0.2803609371185303
866	0.2328270673751831	-0.04753386974334717	-0.2803609371185303
867	0.2328270673751831	-0.04753386974334717	-0.2803609371185303
868	0.2328268438577652	-0.04753431677818298	-0.2803611606359482
869	0.23282694816589355	-0.04753410816192627	-0.2803610563278198
870	0.23282702267169952	-0.04753395915031433	-0.28036098182201385
871	0.2328270673751831	-0.04753386974334717	-0.2803609371185303
872	0.2328270673751831	-0.04753386974334717	-0.2803609371185303
873	0.2328270673751831	-0.04753386974334717	-0.2803609371185303
874	0.2328270673751831	-0.04753386974334717	-0.2803609371185303
875	0.2328270673751831	-0.04753386974334717	-0.2803609371185303
876	0.2328270673751831	-0.04753386974334717	-0.2803609371185303
877	0.2328270673751831	-0.04753386974334717	-0.2803609371185303
878	0.2328270673751831	-0.04753386974334717	-0.2803609371185303
879	0.2328270673751831	-0.04753386974334717	-0.2803609371185303
880	0.2328270673751831	-0.04753386974334717	-0.2803609371185303
881	0.2328270673751831	-0.04753386974334717	-0.2803609371185303
882	0.2328270673751831	-0.04753386974334717	-0.2803609371185303
883	0.2328270673751831	-0.04753386974334717	-0.2803609371185303
884	0.2328270673751831	-0.04753386974334717	-0.2803609371185303
885	0.2328270673751831	-0.04753386974334717	-0.2803609371185303
886	0.2328270673751831	-0.04753386974334717	-0.2803609371185303
887	0.2328270673751831	-0.04753386974334717	-0.2803609371185303
888	0.2328270673751831	-0.04753386974334717	-0.2803609371185303
889	0.2328270673751831	-0.04753386974334717	-0.2803609371185303
890	0.23282700777053833	-0.04753398895263672	-0.28036099672317505
891	0.23282687366008759	-0.04753425717353821	-0.2803611308336258
892	0.2328268140554428	-0.04753437638282776	-0.28036119043827057
893	0.23282691836357117	-0.047534167766571045	-0.2803610861301422
894	0.23282693326473236	-0.04753413796424866	-0.280361071228981
895	0.23282696306705475	-0.04753407835960388	-0.28036104142665863
896	0.23282699286937714	-0.047534018754959106	-0.28036101162433624
897	0.23282700777053833	-0.04753398895263672	-0.28036099672317505
898	0.2328270524740219	-0.047533899545669556	-0.28036095201969147
899	0.2328270673751831	-0.04753386974334717	-0.2803609371185303
900	0.2328270673751831	-0.04753386974334717	-0.2803609371185303
901	0.2328270673751831	-0.04753386974334717	-0.2803609371185303
902	0.2328270673751831	-0.04753386974334717	-0.2803609371185303
903	0.2328270673751831	-0.04753386974334717	-0.2803609371185303
904	0.2328270673751831	-0.04753386974334717	-0.2803609371185303
905	0.2328270673751831	-0.04753386974334717	-0.2803609371185303
906	0.2328270673751831	-0.04753386974334717	-0.2803609371185303
907	0.23282697796821594	-0.047534048557281494	-0.28036102652549744
908	0.23282679915428162	-0.047534406185150146	-0.28036120533943176
909	0.23282687366008759	-0.04753425717353821	-0.2803611308336258
910	0.23282688856124878	-0.04753422737121582	-0.2803611159324646
911	0.23282696306705475	-0.04753407835960388	-0.28036104142665863
912	0.23282699286937714	-0.047534018754959106	-0.28036101162433624
913	0.23282702267169952	-0.04753395915031433	-0.28036098182201385
914	0.2328270524740219	-0.047533899545669556	-0.28036095201969147
915	0.2328270524740219	-0.047533899545669556	-0.28036095201969147
916	0.2328270673751831	-0.04753386974334717	-0.2803609371185303
917	0.2328270673751831	-0.04753386974334717	-0.2803609371185303
918	0.2328270673751831	-0.04753386974334717	-0.2803609371185303
919	0.2328270673751831	-0.04753386974334717	-0.2803609371185303
920	0.2328270673751831	-0.04753386974334717	-0.2803609371185303
921	0.2328270673751831	-0.04753386974334717	-0.2803609371185303
922	0.2328270673751831	-0.04753386974334717	-0.2803609371185303
923	0.2328270673751831	-0.04753386974334717	-0.2803609371185303
924	0.2328270673751831	-0.04753386974334717	-0.2803609371185303
925	0.2328270673751831	-0.04753386974334717	-0.2803609371185303
926	0.2328270673751831	-0.04753386974334717	-0.2803609371185303
927	0.2328270673751831	-0.04753386974334717	-0.2803609371185303
928	0.23282693326473236	-0.04753413796424866	-0.280361071228981
929	0.23282700777053833	-0.04753398895263672	-0.28036099672317505
930	0.2328270673751831	-0.04753386974334717	-0.2803609371185303
931	0.2328270524740219	-0.047533899545669556	-0.28036095201969147
932	0.23282672464847565	-0.047534555196762085	-0.28036127984523773
933	0.23282672464847565	-0.047534555196762085	-0.28036127984523773
934	0.23282667994499207	-0.04753464460372925	-0.2803613245487213
935	0.23282676935195923	-0.04753446578979492	-0.28036123514175415
936	0.2328268140554428	-0.04753437638282776	-0.28036119043827057
937	0.2328268587589264	-0.047534286975860596	-0.280361145734787
938	0.23282688856124878	-0.04753422737121582	-0.2803611159324646
939	0.23282693326473236	-0.04753413796424866	-0.280361071228981
940	0.2328268140554428	-0.04753437638282776	-0.28036119043827057
941	0.23282672464847565	-0.047534555196762085	-0.28036127984523773
942	0.23282673954963684	-0.0475345253944397	-0.28036126494407654
943	0.23282678425312042	-0.047534435987472534	-0.28036122024059296
944	0.23282688856124878	-0.04753422737121582	-0.2803611159324646
945	0.23282691836357117	-0.047534167766571045	-0.2803610861301422
946	0.23282691836357117	-0.047534167766571045	-0.2803610861301422
947	0.23282693326473236	-0.04753413796424866	-0.280361071228981
948	0.23282693326473236	-0.04753413796424866	-0.280361071228981
949	0.23282696306705475	-0.04753407835960388	-0.28036104142665863
950	0.23282696306705475	-0.04753407835960388	-0.28036104142665863
951	0.23282699286937714	-0.047534018754959106	-0.28036101162433624
952	0.23282702267169952	-0.04753395915031433	-0.28036098182201385
953	0.23282703757286072	-0.04753392934799194	-0.28036096692085266
954	0.23282703757286072	-0.04753392934799194	-0.28036096692085266
955	0.23282703757286072	-0.04753392934799194	-0.28036096692085266
956	0.2328270673751831	-0.04753386974334717	-0.2803609371185303
957	0.2328270524740219	-0.047533899545669556	-0.28036095201969147
958	0.2328270673751831	-0.04753386974334717	-0.2803609371185303
959	0.23282647132873535	-0.047535061836242676	-0.280361533164978
960	0.23282669484615326	-0.04753461480140686	-0.2803613096475601
961	0.23282667994499207	-0.04753464460372925	-0.2803613245487213
962	0.23282669484615326	-0.04753461480140686	-0.2803613096475601
963	0.23282667994499207	-0.04753464460372925	-0.2803613245487213
964	0.23282667994499207	-0.04753464460372925	-0.2803613245487213
965	0.232826828956604	-0.04753434658050537	-0.2803611755371094
966	0.232826828956604	-0.04753434658050537	-0.2803611755371094
967	0.232826828956604	-0.04753434658050537	-0.2803611755371094
968	0.2328268438577652	-0.04753431677818298	-0.2803611606359482
969	0.23282691836357117	-0.047534167766571045	-0.2803610861301422
970	0.23282691836357117	-0.047534167766571045	-0.2803610861301422
971	0.23282696306705475	-0.04753407835960388	-0.28036104142665863
972	0.23282697796821594	-0.047534048557281494	-0.28036102652549744
973	0.23282702267169952	-0.04753395915031433	-0.28036098182201385
974	0.23282703757286072	-0.04753392934799194	-0.28036096692085266
975	0.2328270673751831	-0.04753386974334717	-0.2803609371185303
976	0.2328270673751831	-0.04753386974334717	-0.2803609371185303
977	0.2328270673751831	-0.04753386974334717	-0.2803609371185303
978	0.2328270673751831	-0.04753386974334717	-0.2803609371185303
979	0.23282694816589355	-0.04753410816192627	-0.2803610563278198
980	0.23282676935195923	-0.04753446578979492	-0.28036123514175415
981	0.23282690346240997	-0.04753419756889343	-0.2803611010313034
982	0.23282697796821594	-0.047534048557281494	-0.28036102652549744
983	0.23282699286937714	-0.047534018754959106	-0.28036101162433624
984	0.23282699286937714	-0.047534018754959106	-0.28036101162433624
985	0.2328270673751831	-0.04753386974334717	-0.2803609371185303
986	0.2328270673751831	-0.04753386974334717	-0.2803609371185303
987	0.2328270673751831	-0.04753386974334717	-0.2803609371185303
988	0.2328270673751831	-0.04753386974334717	-0.2803609371185303
989	0.2328270673751831	-0.04753386974334717	-0.2803609371185303
990	0.2328270673751831	-0.04753386974334717	-0.2803609371185303
991	0.2328270673751831	-0.04753386974334717	-0.2803609371185303
992	0.2328270673751831	-0.04753386974334717	-0.2803609371185303
993	0.2328270673751831	-0.04753386974334717	-0.2803609371185303
994	0.2328270673751831	-0.04753386974334717	-0.2803609371185303
995	0.2328270673751831	-0.04753386974334717	-0.2803609371185303
996	0.232826828956604	-0.04753434658050537	-0.2803611755371094
997	0.23282669484615326	-0.04753461480140686	-0.2803613096475601
998	0.23282672464847565	-0.047534555196762085	-0.28036127984523773
999	0.2328268438577652	-0.04753431677818298	-0.2803611606359482
1000	0.23282670974731445	-0.04753458499908447	-0.2803612947463989
1001	0.2328268438577652	-0.04753431677818298	-0.2803611606359482
1002	0.2328268438577652	-0.04753431677818298	-0.2803611606359482
1003	0.23282688856124878	-0.04753422737121582	-0.2803611159324646
1004	0.23282691836357117	-0.047534167766571045	-0.2803610861301422
1005	0.23282691836357117	-0.047534167766571045	-0.2803610861301422
1006	0.23282694816589355	-0.04753410816192627	-0.2803610563278198
1007	0.23282694816589355	-0.04753410816192627	-0.2803610563278198
1008	0.23282696306705475	-0.04753407835960388	-0.28036104142665863
1009	0.23282700777053833	-0.04753398895263672	-0.28036099672317505
1010	0.23282700777053833	-0.04753398895263672	-0.28036099672317505
1011	0.23282703757286072	-0.04753392934799194	-0.28036096692085266
1012	0.2328270673751831	-0.04753386974334717	-0.2803609371185303
1013	0.23282687366008759	-0.04753425717353821	-0.2803611308336258
1014	0.23282669484615326	-0.04753461480140686	-0.2803613096475601
1015	0.23282669484615326	-0.04753461480140686	-0.2803613096475601
1016	0.23282672464847565	-0.047534555196762085	-0.28036127984523773
1017	0.23282676935195923	-0.04753446578979492	-0.28036123514175415
1018	0.23282678425312042	-0.047534435987472534	-0.28036122024059296
1019	0.23282673954963684	-0.0475345253944397	-0.28036126494407654
1020	0.23282670974731445	-0.04753458499908447	-0.2803612947463989
1021	0.23282673954963684	-0.0475345253944397	-0.28036126494407654
1022	0.23282675445079803	-0.04753449559211731	-0.28036125004291534
1023	0.23282679915428162	-0.047534406185150146	-0.28036120533943176
1024	0.2328268438577652	-0.04753431677818298	-0.2803611606359482
1025	0.2328268587589264	-0.047534286975860596	-0.280361145734787
1026	0.23282688856124878	-0.04753422737121582	-0.2803611159324646
1027	0.23282690346240997	-0.04753419756889343	-0.2803611010313034
1028	0.23282690346240997	-0.04753419756889343	-0.2803611010313034
1029	0.23282691836357117	-0.047534167766571045	-0.2803610861301422
1030	0.23282693326473236	-0.04753413796424866	-0.280361071228981
1031	0.23282693326473236	-0.04753413796424866	-0.280361071228981
1032	0.23282696306705475	-0.04753407835960388	-0.28036104142665863
1033	0.23282696306705475	-0.04753407835960388	-0.28036104142665863
1034	0.23282696306705475	-0.04753407835960388	-0.28036104142665863
1035	0.2328268587589264	-0.047534286975860596	-0.280361145734787
1036	0.23282697796821594	-0.047534048557281494	-0.28036102652549744
1037	0.23282699286937714	-0.047534018754959106	-0.28036101162433624
1038	0.23282700777053833	-0.04753398895263672	-0.28036099672317505
1039	0.23282703757286072	-0.04753392934799194	-0.28036096692085266
1040	0.23282703757286072	-0.04753392934799194	-0.28036096692085266
1041	0.23282703757286072	-0.04753392934799194	-0.28036096692085266
1042	0.23282703757286072	-0.04753392934799194	-0.28036096692085266
1043	0.2328270524740219	-0.047533899545669556	-0.28036095201969147
1044	0.2328270673751831	-0.04753386974334717	-0.2803609371185303
1045	0.2328270673751831	-0.04753386974334717	-0.2803609371185303
1046	0.2328270673751831	-0.04753386974334717	-0.2803609371185303
1047	0.2328270673751831	-0.04753386974334717	-0.2803609371185303
1048	0.23282688856124878	-0.04753422737121582	-0.2803611159324646
1049	0.23282687366008759	-0.04753425717353821	-0.2803611308336258
1050	0.2328270673751831	-0.04753386974334717	-0.2803609371185303
1051	0.2328270673751831	-0.04753386974334717	-0.2803609371185303
1052	0.2328270673751831	-0.04753386974334717	-0.2803609371185303
1053	0.2328270673751831	-0.04753386974334717	-0.2803609371185303
1054	0.23282676935195923	-0.04753446578979492	-0.28036123514175415
1055	0.23282676935195923	-0.04753446578979492	-0.28036123514175415
1056	0.2328270673751831	-0.04753386974334717	-0.2803609371185303
1057	0.2328270673751831	-0.04753386974334717	-0.2803609371185303
1058	0.2328270673751831	-0.04753386974334717	-0.2803609371185303
1059	0.23282694816589355	-0.04753410816192627	-0.2803610563278198
1060	0.23282650113105774	-0.0475350022315979	-0.28036150336265564
1061	0.23282667994499207	-0.04753464460372925	-0.2803613245487213
1062	0.2328266203403473	-0.0475347638130188	-0.2803613841533661
1063	0.23282669484615326	-0.04753461480140686	-0.2803613096475601
1064	0.23282663524150848	-0.04753473401069641	-0.2803613692522049
1065	0.23282667994499207	-0.04753464460372925	-0.2803613245487213
1066	0.23282669484615326	-0.04753461480140686	-0.2803613096475601
1067	0.2328266054391861	-0.047534793615341187	-0.2803613990545273
1068	0.23282665014266968	-0.04753470420837402	-0.2803613543510437
1069	0.23282669484615326	-0.04753461480140686	-0.2803613096475601
1070	0.23282676935195923	-0.04753446578979492	-0.28036123514175415
1071	0.23282665014266968	-0.04753470420837402	-0.2803613543510437
1072	0.23282673954963684	-0.0475345253944397	-0.28036126494407654
1073	0.23282665014266968	-0.04753470420837402	-0.2803613543510437
1074	0.23282675445079803	-0.04753449559211731	-0.28036125004291534
1075	0.23282675445079803	-0.04753449559211731	-0.28036125004291534
1076	0.23282678425312042	-0.047534435987472534	-0.28036122024059296
1077	0.23282679915428162	-0.047534406185150146	-0.28036120533943176
1078	0.23282679915428162	-0.047534406185150146	-0.28036120533943176
1079	0.2328268140554428	-0.04753437638282776	-0.28036119043827057
1080	0.2328268140554428	-0.04753437638282776	-0.28036119043827057
1081	0.23282669484615326	-0.04753461480140686	-0.2803613096475601
1082	0.23282669484615326	-0.04753461480140686	-0.2803613096475601
1083	0.2328268140554428	-0.04753437638282776	-0.28036119043827057
1084	0.2328268438577652	-0.04753431677818298	-0.2803611606359482
1085	0.2328268438577652	-0.04753431677818298	-0.2803611606359482
1086	0.2328268587589264	-0.047534286975860596	-0.280361145734787
1087	0.23282687366008759	-0.04753425717353821	-0.2803611308336258
1088	0.23282687366008759	-0.04753425717353821	-0.2803611308336258
1089	0.23282688856124878	-0.04753422737121582	-0.2803611159324646
1090	0.23282688856124878	-0.04753422737121582	-0.2803611159324646
1091	0.23282688856124878	-0.04753422737121582	-0.2803611159324646
1092	0.23282690346240997	-0.04753419756889343	-0.2803611010313034
1093	0.23282690346240997	-0.04753419756889343	-0.2803611010313034
1094	0.23282691836357117	-0.047534167766571045	-0.2803610861301422
1095	0.23282691836357117	-0.047534167766571045	-0.2803610861301422
1096	0.23282693326473236	-0.04753413796424866	-0.280361071228981
1097	0.23282694816589355	-0.04753410816192627	-0.2803610563278198
1098	0.23282696306705475	-0.04753407835960388	-0.28036104142665863
1099	0.23282697796821594	-0.047534048557281494	-0.28036102652549744
1100	0.23282697796821594	-0.047534048557281494	-0.28036102652549744
1101	0.23282699286937714	-0.047534018754959106	-0.28036101162433624
1102	0.23282699286937714	-0.047534018754959106	-0.28036101162433624
1103	0.23282699286937714	-0.047534018754959106	-0.28036101162433624
1104	0.23282700777053833	-0.04753398895263672	-0.28036099672317505
1105	0.23282700777053833	-0.04753398895263672	-0.28036099672317505
1106	0.23282702267169952	-0.04753395915031433	-0.28036098182201385
1107	0.23282702267169952	-0.04753395915031433	-0.28036098182201385
1108	0.23282703757286072	-0.04753392934799194	-0.28036096692085266
1109	0.23282703757286072	-0.04753392934799194	-0.28036096692085266
1110	0.23282703757286072	-0.04753392934799194	-0.28036096692085266
1111	0.23282703757286072	-0.04753392934799194	-0.28036096692085266
1112	0.2328270524740219	-0.047533899545669556	-0.28036095201969147
1113	0.2328270673751831	-0.04753386974334717	-0.2803609371185303
1114	0.2328270673751831	-0.04753386974334717	-0.2803609371185303
1115	0.23282641172409058	-0.04753518104553223	-0.2803615927696228
1116	0.23282673954963684	-0.0475345253944397	-0.28036126494407654
1117	0.23282679915428162	-0.047534406185150146	-0.28036120533943176
1118	0.2328270673751831	-0.04753386974334717	-0.2803609371185303
1119	0.2328270673751831	-0.04753386974334717	-0.2803609371185303
1120	0.2328270673751831	-0.04753386974334717	-0.2803609371185303
1121	0.2328270673751831	-0.04753386974334717	-0.2803609371185303
1122	0.2328270673751831	-0.04753386974334717	-0.2803609371185303
1123	0.2328268438577652	-0.04753431677818298	-0.2803611606359482
1124	0.23282651603221893	-0.04753497242927551	-0.28036148846149445
1125	0.23282663524150848	-0.04753473401069641	-0.2803613692522049
1126	0.2328266054391861	-0.047534793615341187	-0.2803613990545273
1127	0.23282669484615326	-0.04753461480140686	-0.2803613096475601
1128	0.23282665014266968	-0.04753470420837402	-0.2803613543510437
1129	0.23282672464847565	-0.047534555196762085	-0.28036127984523773
1130	0.23282672464847565	-0.047534555196762085	-0.28036127984523773
1131	0.23282673954963684	-0.0475345253944397	-0.28036126494407654
1132	0.23282665014266968	-0.04753470420837402	-0.2803613543510437
1133	0.23282675445079803	-0.04753449559211731	-0.28036125004291534
1134	0.23282676935195923	-0.04753446578979492	-0.28036123514175415
1135	0.23282667994499207	-0.04753464460372925	-0.2803613245487213
1136	0.23282672464847565	-0.047534555196762085	-0.28036127984523773
1137	0.23282679915428162	-0.047534406185150146	-0.28036120533943176
1138	0.2328268140554428	-0.04753437638282776	-0.28036119043827057
1139	0.2328268438577652	-0.04753431677818298	-0.2803611606359482
1140	0.2328268587589264	-0.047534286975860596	-0.280361145734787
1141	0.2328268587589264	-0.047534286975860596	-0.280361145734787
1142	0.23282687366008759	-0.04753425717353821	-0.2803611308336258
1143	0.23282688856124878	-0.04753422737121582	-0.2803611159324646
1144	0.23282688856124878	-0.04753422737121582	-0.2803611159324646
1145	0.23282691836357117	-0.047534167766571045	-0.2803610861301422
1146	0.23282693326473236	-0.04753413796424866	-0.280361071228981
1147	0.23282693326473236	-0.04753413796424866	-0.280361071228981
1148	0.23282693326473236	-0.04753413796424866	-0.280361071228981
1149	0.23282696306705475	-0.04753407835960388	-0.28036104142665863
1150	0.23282696306705475	-0.04753407835960388	-0.28036104142665863
1151	0.23282696306705475	-0.04753407835960388	-0.28036104142665863
1152	0.23282699286937714	-0.047534018754959106	-0.28036101162433624
1153	0.23282702267169952	-0.04753395915031433	-0.28036098182201385
1154	0.23282703757286072	-0.04753392934799194	-0.28036096692085266
1155	0.23282703757286072	-0.04753392934799194	-0.28036096692085266
1156	0.2328270524740219	-0.047533899545669556	-0.28036095201969147
1157	0.2328270673751831	-0.04753386974334717	-0.2803609371185303
1158	0.2328270673751831	-0.04753386974334717	-0.2803609371185303
1159	0.2328270673751831	-0.04753386974334717	-0.2803609371185303
1160	0.232826828956604	-0.04753434658050537	-0.2803611755371094
1161	0.2328268438577652	-0.04753431677818298	-0.2803611606359482
1162	0.23282687366008759	-0.04753425717353821	-0.2803611308336258
1163	0.23282690346240997	-0.04753419756889343	-0.2803611010313034
1164	0.23282699286937714	-0.047534018754959106	-0.28036101162433624
1165	0.23282699286937714	-0.047534018754959106	-0.28036101162433624
1166	0.23282700777053833	-0.04753398895263672	-0.28036099672317505
1167	0.2328270524740219	-0.047533899545669556	-0.28036095201969147
1168	0.2328270524740219	-0.047533899545669556	-0.28036095201969147
1169	0.2328270673751831	-0.04753386974334717	-0.2803609371185303
1170	0.2328270673751831	-0.04753386974334717	-0.2803609371185303
1171	0.2328270673751831	-0.04753386974334717	-0.2803609371185303
1172	0.2328270673751831	-0.04753386974334717	-0.2803609371185303
1173	0.2328270673751831	-0.04753386974334717	-0.2803609371185303
1174	0.2328270673751831	-0.04753386974334717	-0.2803609371185303
1175	0.2328270673751831	-0.04753386974334717	-0.2803609371185303
1176	0.2328270673751831	-0.04753386974334717	-0.2803609371185303
1177	0.2328270673751831	-0.04753386974334717	-0.2803609371185303
1178	0.2328270673751831	-0.04753386974334717	-0.2803609371185303
1179	0.2328270673751831	-0.04753386974334717	-0.2803609371185303
1180	0.2328270673751831	-0.04753386974334717	-0.2803609371185303
1181	0.2328270673751831	-0.04753386974334717	-0.2803609371185303
1182	0.2328270673751831	-0.04753386974334717	-0.2803609371185303
1183	0.2328270673751831	-0.04753386974334717	-0.2803609371185303
1184	0.2328270673751831	-0.04753386974334717	-0.2803609371185303
1185	0.2328270673751831	-0.04753386974334717	-0.2803609371185303
1186	0.2328270673751831	-0.04753386974334717	-0.2803609371185303
1187	0.2328270673751831	-0.04753386974334717	-0.2803609371185303
1188	0.2328270673751831	-0.04753386974334717	-0.2803609371185303
1189	0.2328270673751831	-0.04753386974334717	-0.2803609371185303
1190	0.2328270673751831	-0.04753386974334717	-0.2803609371185303
1191	0.2328270673751831	-0.04753386974334717	-0.2803609371185303
1192	0.2328270673751831	-0.04753386974334717	-0.2803609371185303
1193	0.2328270673751831	-0.04753386974334717	-0.2803609371185303
1194	0.2328270673751831	-0.04753386974334717	-0.2803609371185303
1195	0.2328270673751831	-0.04753386974334717	-0.2803609371185303
1196	0.2328270673751831	-0.04753386974334717	-0.2803609371185303
1197	0.2328270673751831	-0.04753386974334717	-0.2803609371185303
1198	0.2328270673751831	-0.04753386974334717	-0.2803609371185303
1199	0.2328270673751831	-0.04753386974334717	-0.2803609371185303
1200	0.2328270673751831	-0.04753386974334717	-0.2803609371185303
1201	0.2328270673751831	-0.04753386974334717	-0.2803609371185303
1202	0.2328270673751831	-0.04753386974334717	-0.2803609371185303
1203	0.2328270673751831	-0.04753386974334717	-0.2803609371185303
1204	0.2328270673751831	-0.04753386974334717	-0.2803609371185303
1205	0.23282687366008759	-0.04753425717353821	-0.2803611308336258
1206	0.23282694816589355	-0.04753410816192627	-0.2803610563278198
1207	0.2328270673751831	-0.04753386974334717	-0.2803609371185303
1208	0.2328270673751831	-0.04753386974334717	-0.2803609371185303
1209	0.2328270673751831	-0.04753386974334717	-0.2803609371185303
1210	0.2328270673751831	-0.04753386974334717	-0.2803609371185303
1211	0.2328270673751831	-0.04753386974334717	-0.2803609371185303
1212	0.2328270673751831	-0.04753386974334717	-0.2803609371185303
1213	0.23282679915428162	-0.047534406185150146	-0.28036120533943176
1214	0.23282693326473236	-0.04753413796424866	-0.280361071228981
1215	0.23282693326473236	-0.04753413796424866	-0.280361071228981
1216	0.23282696306705475	-0.04753407835960388	-0.28036104142665863
1217	0.23282700777053833	-0.04753398895263672	-0.28036099672317505
1218	0.2328270673751831	-0.04753386974334717	-0.2803609371185303
1219	0.2328270673751831	-0.04753386974334717	-0.2803609371185303
1220	0.2328270673751831	-0.04753386974334717	-0.2803609371185303
1221	0.2328270673751831	-0.04753386974334717	-0.2803609371185303
1222	0.23282702267169952	-0.04753395915031433	-0.28036098182201385
1223	0.2328270673751831	-0.04753386974334717	-0.2803609371185303
1224	0.2328270673751831	-0.04753386974334717	-0.2803609371185303
1225	0.2328270673751831	-0.04753386974334717	-0.2803609371185303
1226	0.2328270673751831	-0.04753386974334717	-0.2803609371185303
1227	0.2328270673751831	-0.04753386974334717	-0.2803609371185303
1228	0.2328270673751831	-0.04753386974334717	-0.2803609371185303
1229	0.2328270673751831	-0.04753386974334717	-0.2803609371185303
1230	0.2328270673751831	-0.04753386974334717	-0.2803609371185303
1231	0.2328270673751831	-0.04753386974334717	-0.2803609371185303
1232	0.2328270673751831	-0.04753386974334717	-0.2803609371185303
1233	0.2328270673751831	-0.04753386974334717	-0.2803609371185303
1234	0.2328270673751831	-0.04753386974334717	-0.2803609371185303
1235	0.2328270673751831	-0.04753386974334717	-0.2803609371185303
1236	0.2328270673751831	-0.04753386974334717	-0.2803609371185303
1237	0.23282693326473236	-0.04753413796424866	-0.280361071228981
1238	0.23282703757286072	-0.04753392934799194	-0.28036096692085266
1239	0.2328270673751831	-0.04753386974334717	-0.2803609371185303
1240	0.2328270673751831	-0.04753386974334717	-0.2803609371185303
1241	0.2328270673751831	-0.04753386974334717	-0.2803609371185303
1242	0.2328270673751831	-0.04753386974334717	-0.2803609371185303
1243	0.2328270673751831	-0.04753386974334717	-0.2803609371185303
1244	0.2328270673751831	-0.04753386974334717	-0.2803609371185303
1245	0.2328270673751831	-0.04753386974334717	-0.2803609371185303
1246	0.2328270673751831	-0.04753386974334717	-0.2803609371185303
1247	0.23282696306705475	-0.04753407835960388	-0.28036104142665863
1248	0.23282667994499207	-0.04753464460372925	-0.2803613245487213
1249	0.23282693326473236	-0.04753413796424866	-0.280361071228981
1250	0.23282700777053833	-0.04753398895263672	-0.28036099672317505
1251	0.2328270673751831	-0.04753386974334717	-0.2803609371185303
1252	0.2328270673751831	-0.04753386974334717	-0.2803609371185303
1253	0.23282693326473236	-0.04753413796424866	-0.280361071228981
1254	0.23282697796821594	-0.047534048557281494	-0.28036102652549744
1255	0.2328270673751831	-0.04753386974334717	-0.2803609371185303
1256	0.2328270673751831	-0.04753386974334717	-0.2803609371185303
1257	0.2328270673751831	-0.04753386974334717	-0.2803609371185303
1258	0.23282669484615326	-0.04753461480140686	-0.2803613096475601
1259	0.232826828956604	-0.04753434658050537	-0.2803611755371094
1260	0.23282699286937714	-0.047534018754959106	-0.28036101162433624
1261	0.2328270673751831	-0.04753386974334717	-0.2803609371185303
1262	0.2328270673751831	-0.04753386974334717	-0.2803609371185303
1263	0.2328270673751831	-0.04753386974334717	-0.2803609371185303
1264	0.2328270673751831	-0.04753386974334717	-0.2803609371185303
1265	0.2328270673751831	-0.04753386974334717	-0.2803609371185303
1266	0.2328270673751831	-0.04753386974334717	-0.2803609371185303
1267	0.2328270673751831	-0.04753386974334717	-0.2803609371185303
1268	0.23282675445079803	-0.04753449559211731	-0.28036125004291534
1269	0.23282679915428162	-0.047534406185150146	-0.28036120533943176
1270	0.23282672464847565	-0.047534555196762085	-0.28036127984523773
1271	0.2328268587589264	-0.047534286975860596	-0.280361145734787
1272	0.23282688856124878	-0.04753422737121582	-0.2803611159324646
1273	0.23282691836357117	-0.047534167766571045	-0.2803610861301422
1274	0.23282693326473236	-0.04753413796424866	-0.280361071228981
1275	0.2328268438577652	-0.04753431677818298	-0.2803611606359482
1276	0.23282688856124878	-0.04753422737121582	-0.2803611159324646
1277	0.23282696306705475	-0.04753407835960388	-0.28036104142665863
1278	0.23282697796821594	-0.047534048557281494	-0.28036102652549744
1279	0.23282699286937714	-0.047534018754959106	-0.28036101162433624
1280	0.23282700777053833	-0.04753398895263672	-0.28036099672317505
1281	0.23282703757286072	-0.04753392934799194	-0.28036096692085266
1282	0.2328270673751831	-0.04753386974334717	-0.2803609371185303
1283	0.23282691836357117	-0.047534167766571045	-0.2803610861301422
1284	0.23282700777053833	-0.04753398895263672	-0.28036099672317505
1285	0.2328270673751831	-0.04753386974334717	-0.2803609371185303
1286	0.2328270673751831	-0.04753386974334717	-0.2803609371185303
1287	0.2328270673751831	-0.04753386974334717	-0.2803609371185303
1288	0.2328270673751831	-0.04753386974334717	-0.2803609371185303
1289	0.2328270673751831	-0.04753386974334717	-0.2803609371185303
1290	0.2328270673751831	-0.04753386974334717	-0.2803609371185303
1291	0.2328270673751831	-0.04753386974334717	-0.2803609371185303
1292	0.2328270673751831	-0.04753386974334717	-0.2803609371185303
1293	0.2328268587589264	-0.047534286975860596	-0.280361145734787
1294	0.23282673954963684	-0.0475345253944397	-0.28036126494407654
1295	0.23282678425312042	-0.047534435987472534	-0.28036122024059296
1296	0.23282687366008759	-0.04753425717353821	-0.2803611308336258
1297	0.23282691836357117	-0.047534167766571045	-0.2803610861301422
1298	0.23282693326473236	-0.04753413796424866	-0.280361071228981
1299	0.23282699286937714	-0.047534018754959106	-0.28036101162433624
1300	0.23282703757286072	-0.04753392934799194	-0.28036096692085266
1301	0.2328270673751831	-0.04753386974334717	-0.2803609371185303
1302	0.2328270673751831	-0.04753386974334717	-0.2803609371185303
1303	0.2328270673751831	-0.04753386974334717	-0.2803609371185303
1304	0.2328270673751831	-0.04753386974334717	-0.2803609371185303
1305	0.2328270673751831	-0.04753386974334717	-0.2803609371185303
1306	0.2328270673751831	-0.04753386974334717	-0.2803609371185303
1307	0.2328270673751831	-0.04753386974334717	-0.2803609371185303
1308	0.2328270673751831	-0.04753386974334717	-0.2803609371185303
1309	0.2328270673751831	-0.04753386974334717	-0.2803609371185303
1310	0.2328270673751831	-0.04753386974334717	-0.2803609371185303
1311	0.2328270673751831	-0.04753386974334717	-0.2803609371185303
1312	0.2328270673751831	-0.04753386974334717	-0.2803609371185303
1313	0.2328270524740219	-0.047533899545669556	-0.28036095201969147
1314	0.2328270673751831	-0.04753386974334717	-0.2803609371185303
1315	0.2328270673751831	-0.04753386974334717	-0.2803609371185303
1316	0.2328270673751831	-0.04753386974334717	-0.2803609371185303
1317	0.2328270673751831	-0.04753386974334717	-0.2803609371185303
1318	0.2328270673751831	-0.04753386974334717	-0.2803609371185303
1319	0.2328270673751831	-0.04753386974334717	-0.2803609371185303
1320	0.2328270673751831	-0.04753386974334717	-0.2803609371185303
1321	0.2328270673751831	-0.04753386974334717	-0.2803609371185303
1322	0.2328270673751831	-0.04753386974334717	-0.2803609371185303
1323	0.2328270673751831	-0.04753386974334717	-0.2803609371185303
1324	0.2328270673751831	-0.04753386974334717	-0.2803609371185303
1325	0.2328270673751831	-0.04753386974334717	-0.2803609371185303
1326	0.2328270673751831	-0.04753386974334717	-0.2803609371185303
1327	0.2328270673751831	-0.04753386974334717	-0.2803609371185303
1328	0.2328270673751831	-0.04753386974334717	-0.2803609371185303
1329	0.2328270673751831	-0.04753386974334717	-0.2803609371185303
1330	0.2328270673751831	-0.04753386974334717	-0.2803609371185303
1331	0.2328270673751831	-0.04753386974334717	-0.2803609371185303
1332	0.2328270673751831	-0.04753386974334717	-0.2803609371185303
1333	0.2328270673751831	-0.04753386974334717	-0.2803609371185303
1334	0.2328270673751831	-0.04753386974334717	-0.2803609371185303
1335	0.2328270673751831	-0.04753386974334717	-0.2803609371185303
1336	0.2328270673751831	-0.04753386974334717	-0.2803609371185303
1337	0.2328270673751831	-0.04753386974334717	-0.2803609371185303
1338	0.23282670974731445	-0.04753458499908447	-0.2803612947463989
1339	0.2328268587589264	-0.047534286975860596	-0.280361145734787
1340	0.23282688856124878	-0.04753422737121582	-0.2803611159324646
1341	0.23282696306705475	-0.04753407835960388	-0.28036104142665863
1342	0.2328270524740219	-0.047533899545669556	-0.28036095201969147
1343	0.2328270673751831	-0.04753386974334717	-0.2803609371185303
1344	0.2328270673751831	-0.04753386974334717	-0.2803609371185303
1345	0.2328270673751831	-0.04753386974334717	-0.2803609371185303
1346	0.2328270673751831	-0.04753386974334717	-0.2803609371185303
1347	0.2328270673751831	-0.04753386974334717	-0.2803609371185303
1348	0.2328270673751831	-0.04753386974334717	-0.2803609371185303
1349	0.2328270673751831	-0.04753386974334717	-0.2803609371185303
1350	0.2328270673751831	-0.04753386974334717	-0.2803609371185303
1351	0.2328270673751831	-0.04753386974334717	-0.2803609371185303
1352	0.2328270673751831	-0.04753386974334717	-0.2803609371185303
1353	0.2328270673751831	-0.04753386974334717	-0.2803609371185303
1354	0.2328270673751831	-0.04753386974334717	-0.2803609371185303
1355	0.2328270673751831	-0.04753386974334717	-0.2803609371185303
1356	0.2328270673751831	-0.04753386974334717	-0.2803609371185303
1357	0.2328270673751831	-0.04753386974334717	-0.2803609371185303
1358	0.2328270673751831	-0.04753386974334717	-0.2803609371185303
1359	0.2328270673751831	-0.04753386974334717	-0.2803609371185303
1360	0.2328270673751831	-0.04753386974334717	-0.2803609371185303
1361	0.2328270673751831	-0.04753386974334717	-0.2803609371185303
1362	0.2328270673751831	-0.04753386974334717	-0.2803609371185303
1363	0.2328270673751831	-0.04753386974334717	-0.2803609371185303
1364	0.2328270673751831	-0.04753386974334717	-0.2803609371185303
1365	0.2328270673751831	-0.04753386974334717	-0.2803609371185303
1366	0.2328270673751831	-0.04753386974334717	-0.2803609371185303
1367	0.2328270673751831	-0.04753386974334717	-0.2803609371185303
1368	0.2328270673751831	-0.04753386974334717	-0.2803609371185303
1369	0.2328270673751831	-0.04753386974334717	-0.2803609371185303
1370	0.2328270673751831	-0.04753386974334717	-0.2803609371185303
1371	0.2328270673751831	-0.04753386974334717	-0.2803609371185303
1372	0.232826828956604	-0.04753434658050537	-0.2803611755371094
1373	0.23282694816589355	-0.04753410816192627	-0.2803610563278198
1374	0.2328270673751831	-0.04753386974334717	-0.2803609371185303
1375	0.2328270673751831	-0.04753386974334717	-0.2803609371185303
1376	0.2328268587589264	-0.047534286975860596	-0.280361145734787
1377	0.23282679915428162	-0.047534406185150146	-0.28036120533943176
1378	0.23282675445079803	-0.04753449559211731	-0.28036125004291534
1379	0.2328268140554428	-0.04753437638282776	-0.28036119043827057
1380	0.2328268438577652	-0.04753431677818298	-0.2803611606359482
1381	0.2328268587589264	-0.047534286975860596	-0.280361145734787
1382	0.23282691836357117	-0.047534167766571045	-0.2803610861301422
1383	0.23282697796821594	-0.047534048557281494	-0.28036102652549744
1384	0.23282702267169952	-0.04753395915031433	-0.28036098182201385
1385	0.2328270673751831	-0.04753386974334717	-0.2803609371185303
1386	0.2328270673751831	-0.04753386974334717	-0.2803609371185303
1387	0.2328270673751831	-0.04753386974334717	-0.2803609371185303
1388	0.2328270673751831	-0.04753386974334717	-0.2803609371185303
1389	0.2328270673751831	-0.04753386974334717	-0.2803609371185303
1390	0.23282693326473236	-0.04753413796424866	-0.280361071228981
1391	0.2328270524740219	-0.047533899545669556	-0.28036095201969147
1392	0.2328270673751831	-0.04753386974334717	-0.2803609371185303
1393	0.2328270673751831	-0.04753386974334717	-0.2803609371185303
1394	0.2328268140554428	-0.04753437638282776	-0.28036119043827057
1395	0.23282653093338013	-0.047534942626953125	-0.28036147356033325
1396	0.23282663524150848	-0.04753473401069641	-0.2803613692522049
1397	0.23282663524150848	-0.04753473401069641	-0.2803613692522049
1398	0.23282673954963684	-0.0475345253944397	-0.28036126494407654
1399	0.23282670974731445	-0.04753458499908447	-0.2803612947463989
1400	0.23282675445079803	-0.04753449559211731	-0.28036125004291534
1401	0.23282666504383087	-0.047534674406051636	-0.2803613394498825
1402	0.23282679915428162	-0.047534406185150146	-0.28036120533943176
1403	0.23282673954963684	-0.0475345253944397	-0.28036126494407654
1404	0.23282679915428162	-0.047534406185150146	-0.28036120533943176
1405	0.2328268140554428	-0.04753437638282776	-0.28036119043827057
1406	0.2328268140554428	-0.04753437638282776	-0.28036119043827057
1407	0.23282669484615326	-0.04753461480140686	-0.2803613096475601
1408	0.2328268140554428	-0.04753437638282776	-0.28036119043827057
1409	0.232826828956604	-0.04753434658050537	-0.2803611755371094
1410	0.2328268587589264	-0.047534286975860596	-0.280361145734787
1411	0.23282687366008759	-0.04753425717353821	-0.2803611308336258
1412	0.23282690346240997	-0.04753419756889343	-0.2803611010313034
1413	0.23282690346240997	-0.04753419756889343	-0.2803611010313034
1414	0.23282690346240997	-0.04753419756889343	-0.2803611010313034
1415	0.23282693326473236	-0.04753413796424866	-0.280361071228981
1416	0.23282693326473236	-0.04753413796424866	-0.280361071228981
1417	0.23282694816589355	-0.04753410816192627	-0.2803610563278198
1418	0.23282694816589355	-0.04753410816192627	-0.2803610563278198
1419	0.23282694816589355	-0.04753410816192627	-0.2803610563278198
1420	0.23282697796821594	-0.047534048557281494	-0.28036102652549744
1421	0.23282697796821594	-0.047534048557281494	-0.28036102652549744
1422	0.23282700777053833	-0.04753398895263672	-0.28036099672317505
1423	0.23282702267169952	-0.04753395915031433	-0.28036098182201385
1424	0.23282702267169952	-0.04753395915031433	-0.28036098182201385
1425	0.2328270524740219	-0.047533899545669556	-0.28036095201969147
1426	0.2328270524740219	-0.047533899545669556	-0.28036095201969147
1427	0.2328270524740219	-0.047533899545669556	-0.28036095201969147
1428	0.2328270524740219	-0.047533899545669556	-0.28036095201969147
1429	0.2328270673751831	-0.04753386974334717	-0.2803609371185303
1430	0.2328270673751831	-0.04753386974334717	-0.2803609371185303
1431	0.2328270673751831	-0.04753386974334717	-0.2803609371185303
1432	0.2328270673751831	-0.04753386974334717	-0.2803609371185303
1433	0.2328270673751831	-0.04753386974334717	-0.2803609371185303
1434	0.2328270673751831	-0.04753386974334717	-0.2803609371185303
1435	0.23282691836357117	-0.047534167766571045	-0.2803610861301422
1436	0.23282688856124878	-0.04753422737121582	-0.2803611159324646
1437	0.23282696306705475	-0.04753407835960388	-0.28036104142665863
1438	0.23282700777053833	-0.04753398895263672	-0.28036099672317505
1439	0.2328270524740219	-0.047533899545669556	-0.28036095201969147
1440	0.2328270673751831	-0.04753386974334717	-0.2803609371185303
1441	0.2328270673751831	-0.04753386974334717	-0.2803609371185303
1442	0.2328270673751831	-0.04753386974334717	-0.2803609371185303
1443	0.2328270673751831	-0.04753386974334717	-0.2803609371185303
1444	0.2328270673751831	-0.04753386974334717	-0.2803609371185303
1445	0.2328270673751831	-0.04753386974334717	-0.2803609371185303
1446	0.2328270673751831	-0.04753386974334717	-0.2803609371185303
1447	0.2328270673751831	-0.04753386974334717	-0.2803609371185303
1448	0.2328270673751831	-0.04753386974334717	-0.2803609371185303
1449	0.2328270673751831	-0.04753386974334717	-0.2803609371185303
1450	0.2328270673751831	-0.04753386974334717	-0.2803609371185303
1451	0.2328270673751831	-0.04753386974334717	-0.2803609371185303
1452	0.2328270673751831	-0.04753386974334717	-0.2803609371185303
1453	0.2328270673751831	-0.04753386974334717	-0.2803609371185303
1454	0.2328270673751831	-0.04753386974334717	-0.2803609371185303
1455	0.2328270673751831	-0.04753386974334717	-0.2803609371185303
1456	0.2328270673751831	-0.04753386974334717	-0.2803609371185303
1457	0.2328270673751831	-0.04753386974334717	-0.2803609371185303
1458	0.2328270673751831	-0.04753386974334717	-0.2803609371185303
1459	0.2328270673751831	-0.04753386974334717	-0.2803609371185303
1460	0.2328270673751831	-0.04753386974334717	-0.2803609371185303
1461	0.2328270673751831	-0.04753386974334717	-0.2803609371185303
1462	0.2328270673751831	-0.04753386974334717	-0.2803609371185303
1463	0.2328270673751831	-0.04753386974334717	-0.2803609371185303
1464	0.2328270673751831	-0.04753386974334717	-0.2803609371185303
1465	0.2328270673751831	-0.04753386974334717	-0.2803609371185303
1466	0.2328270673751831	-0.04753386974334717	-0.2803609371185303
1467	0.2328265905380249	-0.047534823417663574	-0.2803614139556885
1468	0.23282679915428162	-0.047534406185150146	-0.28036120533943176
1469	0.23282669484615326	-0.04753461480140686	-0.2803613096475601
1470	0.2328268140554428	-0.04753437638282776	-0.28036119043827057
1471	0.2328268438577652	-0.04753431677818298	-0.2803611606359482
1472	0.2328268438577652	-0.04753431677818298	-0.2803611606359482
1473	0.23282690346240997	-0.04753419756889343	-0.2803611010313034
1474	0.23282699286937714	-0.047534018754959106	-0.28036101162433624
1475	0.23282702267169952	-0.04753395915031433	-0.28036098182201385
1476	0.2328270673751831	-0.04753386974334717	-0.2803609371185303
1477	0.2328270673751831	-0.04753386974334717	-0.2803609371185303
1478	0.2328270673751831	-0.04753386974334717	-0.2803609371185303
1479	0.2328270673751831	-0.04753386974334717	-0.2803609371185303
1480	0.2328270673751831	-0.04753386974334717	-0.2803609371185303
1481	0.2328270673751831	-0.04753386974334717	-0.2803609371185303
1482	0.2328270673751831	-0.04753386974334717	-0.2803609371185303
1483	0.2328270673751831	-0.04753386974334717	-0.2803609371185303
1484	0.2328268438577652	-0.04753431677818298	-0.2803611606359482
1485	0.2328270673751831	-0.04753386974334717	-0.2803609371185303
1486	0.2328270673751831	-0.04753386974334717	-0.2803609371185303
1487	0.2328270673751831	-0.04753386974334717	-0.2803609371185303
1488	0.2328270673751831	-0.04753386974334717	-0.2803609371185303
1489	0.2328270673751831	-0.04753386974334717	-0.2803609371185303
1490	0.2328270673751831	-0.04753386974334717	-0.2803609371185303
1491	0.2328270673751831	-0.04753386974334717	-0.2803609371185303
1492	0.2328270673751831	-0.04753386974334717	-0.2803609371185303
1493	0.2328270673751831	-0.04753386974334717	-0.2803609371185303
1494	0.2328270673751831	-0.04753386974334717	-0.2803609371185303
1495	0.2328270673751831	-0.04753386974334717	-0.2803609371185303
1496	0.2328270673751831	-0.04753386974334717	-0.2803609371185303
1497	0.2328270673751831	-0.04753386974334717	-0.2803609371185303
1498	0.2328270673751831	-0.04753386974334717	-0.2803609371185303
1499	0.2328270673751831	-0.04753386974334717	-0.2803609371185303
1500	0.2328270673751831	-0.04753386974334717	-0.2803609371185303
1501	0.2328270673751831	-0.04753386974334717	-0.2803609371185303
1502	0.2328270673751831	-0.04753386974334717	-0.2803609371185303
1503	0.2328270673751831	-0.04753386974334717	-0.2803609371185303
1504	0.2328270673751831	-0.04753386974334717	-0.2803609371185303
1505	0.2328270673751831	-0.04753386974334717	-0.2803609371185303
1506	0.2328270673751831	-0.04753386974334717	-0.2803609371185303
1507	0.2328270673751831	-0.04753386974334717	-0.2803609371185303
1508	0.2328270673751831	-0.04753386974334717	-0.2803609371185303
1509	0.23282691836357117	-0.047534167766571045	-0.2803610861301422
1510	0.23282690346240997	-0.04753419756889343	-0.2803611010313034
1511	0.23282700777053833	-0.04753398895263672	-0.28036099672317505
1512	0.2328270673751831	-0.04753386974334717	-0.2803609371185303
1513	0.2328270673751831	-0.04753386974334717	-0.2803609371185303
1514	0.2328270673751831	-0.04753386974334717	-0.2803609371185303
1515	0.2328270673751831	-0.04753386974334717	-0.2803609371185303
1516	0.2328270673751831	-0.04753386974334717	-0.2803609371185303
1517	0.2328270673751831	-0.04753386974334717	-0.2803609371185303
1518	0.2328270673751831	-0.04753386974334717	-0.2803609371185303
1519	0.2328270673751831	-0.04753386974334717	-0.2803609371185303
1520	0.2328270673751831	-0.04753386974334717	-0.2803609371185303
1521	0.2328270673751831	-0.04753386974334717	-0.2803609371185303
1522	0.2328270673751831	-0.04753386974334717	-0.2803609371185303
1523	0.2328270673751831	-0.04753386974334717	-0.2803609371185303
1524	0.2328270673751831	-0.04753386974334717	-0.2803609371185303
1525	0.2328270673751831	-0.04753386974334717	-0.2803609371185303
1526	0.2328270673751831	-0.04753386974334717	-0.2803609371185303
1527	0.2328270673751831	-0.04753386974334717	-0.2803609371185303
1528	0.2328270673751831	-0.04753386974334717	-0.2803609371185303
1529	0.2328270673751831	-0.04753386974334717	-0.2803609371185303
1530	0.2328270673751831	-0.04753386974334717	-0.2803609371185303
1531	0.2328270673751831	-0.04753386974334717	-0.2803609371185303
1532	0.2328270673751831	-0.04753386974334717	-0.2803609371185303
1533	0.2328270673751831	-0.04753386974334717	-0.2803609371185303
1534	0.2328270673751831	-0.04753386974334717	-0.2803609371185303
1535	0.2328270673751831	-0.04753386974334717	-0.2803609371185303
1536	0.2328270673751831	-0.04753386974334717	-0.2803609371185303
1537	0.2328270673751831	-0.04753386974334717	-0.2803609371185303
1538	0.2328270673751831	-0.04753386974334717	-0.2803609371185303
1539	0.2328270673751831	-0.04753386974334717	-0.2803609371185303
1540	0.2328270673751831	-0.04753386974334717	-0.2803609371185303
1541	0.2328270673751831	-0.04753386974334717	-0.2803609371185303
1542	0.2328270673751831	-0.04753386974334717	-0.2803609371185303
1543	0.2328270673751831	-0.04753386974334717	-0.2803609371185303
1544	0.2328270673751831	-0.04753386974334717	-0.2803609371185303
1545	0.2328270673751831	-0.04753386974334717	-0.2803609371185303
1546	0.2328270673751831	-0.04753386974334717	-0.2803609371185303
1547	0.2328270673751831	-0.04753386974334717	-0.2803609371185303
1548	0.2328270673751831	-0.04753386974334717	-0.2803609371185303
1549	0.2328270673751831	-0.04753386974334717	-0.2803609371185303
1550	0.2328270673751831	-0.04753386974334717	-0.2803609371185303
1551	0.2328270673751831	-0.04753386974334717	-0.2803609371185303
1552	0.2328270673751831	-0.04753386974334717	-0.2803609371185303
1553	0.23282694816589355	-0.04753410816192627	-0.2803610563278198
1554	0.23282700777053833	-0.04753398895263672	-0.28036099672317505
1555	0.2328270673751831	-0.04753386974334717	-0.2803609371185303
1556	0.2328270673751831	-0.04753386974334717	-0.2803609371185303
1557	0.2328270673751831	-0.04753386974334717	-0.2803609371185303
1558	0.2328270673751831	-0.04753386974334717	-0.2803609371185303
1559	0.2328270673751831	-0.04753386974334717	-0.2803609371185303
1560	0.2328270673751831	-0.04753386974334717	-0.2803609371185303
1561	0.2328270673751831	-0.04753386974334717	-0.2803609371185303
1562	0.2328270673751831	-0.04753386974334717	-0.2803609371185303
1563	0.2328270673751831	-0.04753386974334717	-0.2803609371185303
1564	0.2328270673751831	-0.04753386974334717	-0.2803609371185303
1565	0.2328270673751831	-0.04753386974334717	-0.2803609371185303
1566	0.2328270673751831	-0.04753386974334717	-0.2803609371185303
1567	0.2328270673751831	-0.04753386974334717	-0.2803609371185303
1568	0.2328270673751831	-0.04753386974334717	-0.2803609371185303
1569	0.2328270673751831	-0.04753386974334717	-0.2803609371185303
1570	0.2328270673751831	-0.04753386974334717	-0.2803609371185303
1571	0.2328270673751831	-0.04753386974334717	-0.2803609371185303
1572	0.2328270673751831	-0.04753386974334717	-0.2803609371185303
1573	0.2328270673751831	-0.04753386974334717	-0.2803609371185303
1574	0.2328270673751831	-0.04753386974334717	-0.2803609371185303
1575	0.2328270673751831	-0.04753386974334717	-0.2803609371185303
1576	0.2328270673751831	-0.04753386974334717	-0.2803609371185303
1577	0.2328270673751831	-0.04753386974334717	-0.2803609371185303
1578	0.2328270673751831	-0.04753386974334717	-0.2803609371185303
1579	0.23282696306705475	-0.04753407835960388	-0.28036104142665863
1580	0.23282702267169952	-0.04753395915031433	-0.28036098182201385
1581	0.2328270673751831	-0.04753386974334717	-0.2803609371185303
1582	0.2328270673751831	-0.04753386974334717	-0.2803609371185303
1583	0.2328270673751831	-0.04753386974334717	-0.2803609371185303
1584	0.2328270673751831	-0.04753386974334717	-0.2803609371185303
1585	0.2328270673751831	-0.04753386974334717	-0.2803609371185303
1586	0.2328270673751831	-0.04753386974334717	-0.2803609371185303
1587	0.2328270673751831	-0.04753386974334717	-0.2803609371185303
1588	0.2328270673751831	-0.04753386974334717	-0.2803609371185303
1589	0.2328270673751831	-0.04753386974334717	-0.2803609371185303
1590	0.2328270673751831	-0.04753386974334717	-0.2803609371185303
1591	0.2328270673751831	-0.04753386974334717	-0.2803609371185303
1592	0.2328270673751831	-0.04753386974334717	-0.2803609371185303
1593	0.2328270673751831	-0.04753386974334717	-0.2803609371185303
1594	0.2328270673751831	-0.04753386974334717	-0.2803609371185303
1595	0.2328270673751831	-0.04753386974334717	-0.2803609371185303
1596	0.2328270673751831	-0.04753386974334717	-0.2803609371185303
1597	0.23282688856124878	-0.04753422737121582	-0.2803611159324646
1598	0.2328270673751831	-0.04753386974334717	-0.2803609371185303
1599	0.2328270673751831	-0.04753386974334717	-0.2803609371185303
1600	0.2328270673751831	-0.04753386974334717	-0.2803609371185303
1601	0.2328270673751831	-0.04753386974334717	-0.2803609371185303
1602	0.2328270673751831	-0.04753386974334717	-0.2803609371185303
1603	0.2328270673751831	-0.04753386974334717	-0.2803609371185303
1604	0.2328270673751831	-0.04753386974334717	-0.2803609371185303
1605	0.2328270673751831	-0.04753386974334717	-0.2803609371185303
1606	0.2328270673751831	-0.04753386974334717	-0.2803609371185303
1607	0.2328270673751831	-0.04753386974334717	-0.2803609371185303
1608	0.2328270673751831	-0.04753386974334717	-0.2803609371185303
1609	0.2328270673751831	-0.04753386974334717	-0.2803609371185303
1610	0.2328270673751831	-0.04753386974334717	-0.2803609371185303
1611	0.2328270673751831	-0.04753386974334717	-0.2803609371185303
1612	0.2328270673751831	-0.04753386974334717	-0.2803609371185303
1613	0.2328270673751831	-0.04753386974334717	-0.2803609371185303
1614	0.2328270673751831	-0.04753386974334717	-0.2803609371185303
1615	0.2328270673751831	-0.04753386974334717	-0.2803609371185303
1616	0.2328270673751831	-0.04753386974334717	-0.2803609371185303
1617	0.2328270673751831	-0.04753386974334717	-0.2803609371185303
1618	0.2328270673751831	-0.04753386974334717	-0.2803609371185303
1619	0.2328270673751831	-0.04753386974334717	-0.2803609371185303
1620	0.2328270673751831	-0.04753386974334717	-0.2803609371185303
1621	0.2328270673751831	-0.04753386974334717	-0.2803609371185303
1622	0.2328270673751831	-0.04753386974334717	-0.2803609371185303
1623	0.2328270673751831	-0.04753386974334717	-0.2803609371185303
1624	0.2328270673751831	-0.04753386974334717	-0.2803609371185303
1625	0.2328270673751831	-0.04753386974334717	-0.2803609371185303
1626	0.2328270673751831	-0.04753386974334717	-0.2803609371185303
1627	0.2328270673751831	-0.04753386974334717	-0.2803609371185303
1628	0.2328270673751831	-0.04753386974334717	-0.2803609371185303
1629	0.2328270673751831	-0.04753386974334717	-0.2803609371185303
1630	0.2328270673751831	-0.04753386974334717	-0.2803609371185303
1631	0.2328270673751831	-0.04753386974334717	-0.2803609371185303
1632	0.2328270673751831	-0.04753386974334717	-0.2803609371185303
1633	0.2328270673751831	-0.04753386974334717	-0.2803609371185303
1634	0.2328270673751831	-0.04753386974334717	-0.2803609371185303
1635	0.2328270673751831	-0.04753386974334717	-0.2803609371185303
1636	0.2328270673751831	-0.04753386974334717	-0.2803609371185303
1637	0.2328270673751831	-0.04753386974334717	-0.2803609371185303
1638	0.2328270673751831	-0.04753386974334717	-0.2803609371185303
1639	0.2328270673751831	-0.04753386974334717	-0.2803609371185303
1640	0.2328270673751831	-0.04753386974334717	-0.2803609371185303
1641	0.2328270673751831	-0.04753386974334717	-0.2803609371185303
1642	0.2328270673751831	-0.04753386974334717	-0.2803609371185303
1643	0.2328270673751831	-0.04753386974334717	-0.2803609371185303
1644	0.2328270673751831	-0.04753386974334717	-0.2803609371185303
1645	0.2328270673751831	-0.04753386974334717	-0.2803609371185303
1646	0.2328270673751831	-0.04753386974334717	-0.2803609371185303
1647	0.2328270673751831	-0.04753386974334717	-0.2803609371185303
1648	0.2328270673751831	-0.04753386974334717	-0.2803609371185303
1649	0.2328270673751831	-0.04753386974334717	-0.2803609371185303
1650	0.2328270673751831	-0.04753386974334717	-0.2803609371185303
1651	0.2328270673751831	-0.04753386974334717	-0.2803609371185303
1652	0.2328270673751831	-0.04753386974334717	-0.2803609371185303
1653	0.2328270673751831	-0.04753386974334717	-0.2803609371185303
1654	0.2328270673751831	-0.04753386974334717	-0.2803609371185303
1655	0.2328270673751831	-0.04753386974334717	-0.2803609371185303
1656	0.2328270673751831	-0.04753386974334717	-0.2803609371185303
1657	0.2328270673751831	-0.04753386974334717	-0.2803609371185303
1658	0.2328270673751831	-0.04753386974334717	-0.2803609371185303
1659	0.2328270673751831	-0.04753386974334717	-0.2803609371185303
1660	0.2328270673751831	-0.04753386974334717	-0.2803609371185303
1661	0.232826828956604	-0.04753434658050537	-0.2803611755371094
1662	0.23282675445079803	-0.04753449559211731	-0.28036125004291534
1663	0.2328268587589264	-0.047534286975860596	-0.280361145734787
1664	0.23282688856124878	-0.04753422737121582	-0.2803611159324646
1665	0.23282690346240997	-0.04753419756889343	-0.2803611010313034
1666	0.23282696306705475	-0.04753407835960388	-0.28036104142665863
1667	0.23282702267169952	-0.04753395915031433	-0.28036098182201385
1668	0.2328270673751831	-0.04753386974334717	-0.2803609371185303
1669	0.2328270673751831	-0.04753386974334717	-0.2803609371185303
1670	0.2328270673751831	-0.04753386974334717	-0.2803609371185303
1671	0.2328270673751831	-0.04753386974334717	-0.2803609371185303
1672	0.2328270673751831	-0.04753386974334717	-0.2803609371185303
1673	0.2328270673751831	-0.04753386974334717	-0.2803609371185303
1674	0.2328270673751831	-0.04753386974334717	-0.2803609371185303
1675	0.2328270673751831	-0.04753386974334717	-0.2803609371185303
1676	0.2328270673751831	-0.04753386974334717	-0.2803609371185303
1677	0.2328270673751831	-0.04753386974334717	-0.2803609371185303
1678	0.23282700777053833	-0.04753398895263672	-0.28036099672317505
1679	0.23282665014266968	-0.04753470420837402	-0.2803613543510437
1680	0.23282667994499207	-0.04753464460372925	-0.2803613245487213
1681	0.23282676935195923	-0.04753446578979492	-0.28036123514175415
1682	0.232826828956604	-0.04753434658050537	-0.2803611755371094
1683	0.23282688856124878	-0.04753422737121582	-0.2803611159324646
1684	0.23282690346240997	-0.04753419756889343	-0.2803611010313034
1685	0.23282691836357117	-0.047534167766571045	-0.2803610861301422
1686	0.23282694816589355	-0.04753410816192627	-0.2803610563278198
1687	0.23282696306705475	-0.04753407835960388	-0.28036104142665863
1688	0.23282696306705475	-0.04753407835960388	-0.28036104142665863
1689	0.23282700777053833	-0.04753398895263672	-0.28036099672317505
1690	0.23282703757286072	-0.04753392934799194	-0.28036096692085266
1691	0.2328270524740219	-0.047533899545669556	-0.28036095201969147
1692	0.2328270524740219	-0.047533899545669556	-0.28036095201969147
1693	0.23282700777053833	-0.04753398895263672	-0.28036099672317505
1694	0.2328270673751831	-0.04753386974334717	-0.2803609371185303
1695	0.23282687366008759	-0.04753425717353821	-0.2803611308336258
1696	0.2328268140554428	-0.04753437638282776	-0.28036119043827057
1697	0.2328268587589264	-0.047534286975860596	-0.280361145734787
1698	0.23282691836357117	-0.047534167766571045	-0.2803610861301422
1699	0.23282697796821594	-0.047534048557281494	-0.28036102652549744
1700	0.23282697796821594	-0.047534048557281494	-0.28036102652549744
1701	0.23282703757286072	-0.04753392934799194	-0.28036096692085266
1702	0.2328270673751831	-0.04753386974334717	-0.2803609371185303
1703	0.2328270673751831	-0.04753386974334717	-0.2803609371185303
1704	0.2328270673751831	-0.04753386974334717	-0.2803609371185303
1705	0.2328270673751831	-0.04753386974334717	-0.2803609371185303
1706	0.2328270673751831	-0.04753386974334717	-0.2803609371185303
1707	0.2328270673751831	-0.04753386974334717	-0.2803609371185303
1708	0.2328270673751831	-0.04753386974334717	-0.2803609371185303
1709	0.2328270673751831	-0.04753386974334717	-0.2803609371185303
1710	0.2328270673751831	-0.04753386974334717	-0.2803609371185303
1711	0.2328270673751831	-0.04753386974334717	-0.2803609371185303
1712	0.2328270673751831	-0.04753386974334717	-0.2803609371185303
1713	0.2328270673751831	-0.04753386974334717	-0.2803609371185303
1714	0.2328270673751831	-0.04753386974334717	-0.2803609371185303
1715	0.2328270673751831	-0.04753386974334717	-0.2803609371185303
1716	0.2328270673751831	-0.04753386974334717	-0.2803609371185303
1717	0.2328270673751831	-0.04753386974334717	-0.2803609371185303
1718	0.2328270673751831	-0.04753386974334717	-0.2803609371185303
1719	0.2328270673751831	-0.04753386974334717	-0.2803609371185303
1720	0.2328270673751831	-0.04753386974334717	-0.2803609371185303
1721	0.2328270673751831	-0.04753386974334717	-0.2803609371185303
1722	0.2328270673751831	-0.04753386974334717	-0.2803609371185303
1723	0.2328270673751831	-0.04753386974334717	-0.2803609371185303
1724	0.2328270673751831	-0.04753386974334717	-0.2803609371185303
1725	0.2328270673751831	-0.04753386974334717	-0.2803609371185303
1726	0.2328270673751831	-0.04753386974334717	-0.2803609371185303
1727	0.2328270673751831	-0.04753386974334717	-0.2803609371185303
1728	0.2328270673751831	-0.04753386974334717	-0.2803609371185303
1729	0.2328270673751831	-0.04753386974334717	-0.2803609371185303
1730	0.2328270673751831	-0.04753386974334717	-0.2803609371185303
1731	0.2328270673751831	-0.04753386974334717	-0.2803609371185303
1732	0.2328270673751831	-0.04753386974334717	-0.2803609371185303
1733	0.2328270673751831	-0.04753386974334717	-0.2803609371185303
1734	0.2328270673751831	-0.04753386974334717	-0.2803609371185303
1735	0.2328270673751831	-0.04753386974334717	-0.2803609371185303
1736	0.2328270673751831	-0.04753386974334717	-0.2803609371185303
1737	0.2328270673751831	-0.04753386974334717	-0.2803609371185303
1738	0.2328270673751831	-0.04753386974334717	-0.2803609371185303
1739	0.2328270673751831	-0.04753386974334717	-0.2803609371185303
1740	0.2328270673751831	-0.04753386974334717	-0.2803609371185303
1741	0.2328270673751831	-0.04753386974334717	-0.2803609371185303
1742	0.2328270673751831	-0.04753386974334717	-0.2803609371185303
1743	0.2328270673751831	-0.04753386974334717	-0.2803609371185303
1744	0.2328270673751831	-0.04753386974334717	-0.2803609371185303
1745	0.23282696306705475	-0.04753407835960388	-0.28036104142665863
1746	0.2328268587589264	-0.047534286975860596	-0.280361145734787
1747	0.23282688856124878	-0.04753422737121582	-0.2803611159324646
1748	0.23282697796821594	-0.047534048557281494	-0.28036102652549744
1749	0.23282699286937714	-0.047534018754959106	-0.28036101162433624
1750	0.23282702267169952	-0.04753395915031433	-0.28036098182201385
1751	0.2328270673751831	-0.04753386974334717	-0.2803609371185303
1752	0.2328270673751831	-0.04753386974334717	-0.2803609371185303
1753	0.2328270673751831	-0.04753386974334717	-0.2803609371185303
1754	0.2328270673751831	-0.04753386974334717	-0.2803609371185303
1755	0.2328270673751831	-0.04753386974334717	-0.2803609371185303
1756	0.2328270673751831	-0.04753386974334717	-0.2803609371185303
1757	0.2328270673751831	-0.04753386974334717	-0.2803609371185303
1758	0.2328270673751831	-0.04753386974334717	-0.2803609371185303
1759	0.2328270673751831	-0.04753386974334717	-0.2803609371185303
1760	0.2328270673751831	-0.04753386974334717	-0.2803609371185303
1761	0.2328270673751831	-0.04753386974334717	-0.2803609371185303
1762	0.2328270673751831	-0.04753386974334717	-0.2803609371185303
1763	0.2328270673751831	-0.04753386974334717	-0.2803609371185303
1764	0.2328270673751831	-0.04753386974334717	-0.2803609371185303
1765	0.23282693326473236	-0.04753413796424866	-0.280361071228981
1766	0.2328268438577652	-0.04753431677818298	-0.2803611606359482
1767	0.23282687366008759	-0.04753425717353821	-0.2803611308336258
1768	0.23282687366008759	-0.04753425717353821	-0.2803611308336258
1769	0.23282688856124878	-0.04753422737121582	-0.2803611159324646
1770	0.23282693326473236	-0.04753413796424866	-0.280361071228981
1771	0.23282697796821594	-0.047534048557281494	-0.28036102652549744
1772	0.23282688856124878	-0.04753422737121582	-0.2803611159324646
1773	0.23282697796821594	-0.047534048557281494	-0.28036102652549744
1774	0.23282700777053833	-0.04753398895263672	-0.28036099672317505
1775	0.23282700777053833	-0.04753398895263672	-0.28036099672317505
1776	0.23282702267169952	-0.04753395915031433	-0.28036098182201385
1777	0.23282703757286072	-0.04753392934799194	-0.28036096692085266
1778	0.2328270673751831	-0.04753386974334717	-0.2803609371185303
1779	0.2328270673751831	-0.04753386974334717	-0.2803609371185303
1780	0.23282694816589355	-0.04753410816192627	-0.2803610563278198
1781	0.23282703757286072	-0.04753392934799194	-0.28036096692085266
1782	0.2328270673751831	-0.04753386974334717	-0.2803609371185303
1783	0.2328268140554428	-0.04753437638282776	-0.28036119043827057
1784	0.23282687366008759	-0.04753425717353821	-0.2803611308336258
1785	0.23282693326473236	-0.04753413796424866	-0.280361071228981
1786	0.23282694816589355	-0.04753410816192627	-0.2803610563278198
1787	0.23282699286937714	-0.047534018754959106	-0.28036101162433624
1788	0.2328270524740219	-0.047533899545669556	-0.28036095201969147
1789	0.2328270673751831	-0.04753386974334717	-0.2803609371185303
1790	0.2328270673751831	-0.04753386974334717	-0.2803609371185303
1791	0.2328270673751831	-0.04753386974334717	-0.2803609371185303
1792	0.2328270673751831	-0.04753386974334717	-0.2803609371185303
1793	0.2328270673751831	-0.04753386974334717	-0.2803609371185303
1794	0.2328270673751831	-0.04753386974334717	-0.2803609371185303
1795	0.2328270673751831	-0.04753386974334717	-0.2803609371185303
1796	0.2328270673751831	-0.04753386974334717	-0.2803609371185303
1797	0.2328270673751831	-0.04753386974334717	-0.2803609371185303
1798	0.2328270673751831	-0.04753386974334717	-0.2803609371185303
1799	0.2328270673751831	-0.04753386974334717	-0.2803609371185303
1800	0.2328270673751831	-0.04753386974334717	-0.2803609371185303
1801	0.2328270673751831	-0.04753386974334717	-0.2803609371185303
1802	0.2328270673751831	-0.04753386974334717	-0.2803609371185303
1803	0.23282703757286072	-0.04753392934799194	-0.28036096692085266
1804	0.23282702267169952	-0.04753395915031433	-0.28036098182201385
1805	0.23282703757286072	-0.04753392934799194	-0.28036096692085266
1806	0.2328270673751831	-0.04753386974334717	-0.2803609371185303
1807	0.2328270673751831	-0.04753386974334717	-0.2803609371185303
1808	0.2328270673751831	-0.04753386974334717	-0.2803609371185303
1809	0.2328270673751831	-0.04753386974334717	-0.2803609371185303
1810	0.2328270673751831	-0.04753386974334717	-0.2803609371185303
1811	0.2328270673751831	-0.04753386974334717	-0.2803609371185303
1812	0.2328270673751831	-0.04753386974334717	-0.2803609371185303
1813	0.2328270673751831	-0.04753386974334717	-0.2803609371185303
1814	0.2328270673751831	-0.04753386974334717	-0.2803609371185303
1815	0.2328270673751831	-0.04753386974334717	-0.2803609371185303
1816	0.2328270673751831	-0.04753386974334717	-0.2803609371185303
1817	0.2328270673751831	-0.04753386974334717	-0.2803609371185303
1818	0.2328270673751831	-0.04753386974334717	-0.2803609371185303
1819	0.2328270673751831	-0.04753386974334717	-0.2803609371185303
1820	0.2328270673751831	-0.04753386974334717	-0.2803609371185303
1821	0.2328270673751831	-0.04753386974334717	-0.2803609371185303
1822	0.2328270673751831	-0.04753386974334717	-0.2803609371185303
1823	0.2328270673751831	-0.04753386974334717	-0.2803609371185303
1824	0.2328270673751831	-0.04753386974334717	-0.2803609371185303
1825	0.2328270673751831	-0.04753386974334717	-0.2803609371185303
1826	0.2328270673751831	-0.04753386974334717	-0.2803609371185303
1827	0.2328270673751831	-0.04753386974334717	-0.2803609371185303
1828	0.2328270673751831	-0.04753386974334717	-0.2803609371185303
1829	0.2328270673751831	-0.04753386974334717	-0.2803609371185303
1830	0.2328270673751831	-0.04753386974334717	-0.2803609371185303
1831	0.2328270673751831	-0.04753386974334717	-0.2803609371185303
1832	0.2328270673751831	-0.04753386974334717	-0.2803609371185303
1833	0.2328270673751831	-0.04753386974334717	-0.2803609371185303
1834	0.2328270673751831	-0.04753386974334717	-0.2803609371185303
1835	0.2328270673751831	-0.04753386974334717	-0.2803609371185303
1836	0.2328270673751831	-0.04753386974334717	-0.2803609371185303
1837	0.2328270673751831	-0.04753386974334717	-0.2803609371185303
1838	0.2328270673751831	-0.04753386974334717	-0.2803609371185303
1839	0.2328270673751831	-0.04753386974334717	-0.2803609371185303
1840	0.2328270673751831	-0.04753386974334717	-0.2803609371185303
1841	0.2328270673751831	-0.04753386974334717	-0.2803609371185303
1842	0.2328270673751831	-0.04753386974334717	-0.2803609371185303
1843	0.2328270673751831	-0.04753386974334717	-0.2803609371185303
1844	0.2328270673751831	-0.04753386974334717	-0.2803609371185303
1845	0.2328270673751831	-0.04753386974334717	-0.2803609371185303
1846	0.2328270673751831	-0.04753386974334717	-0.2803609371185303
1847	0.2328270673751831	-0.04753386974334717	-0.2803609371185303
1848	0.2328270673751831	-0.04753386974334717	-0.2803609371185303
1849	0.2328270673751831	-0.04753386974334717	-0.2803609371185303
1850	0.2328270673751831	-0.04753386974334717	-0.2803609371185303
1851	0.2328270673751831	-0.04753386974334717	-0.2803609371185303
1852	0.2328270673751831	-0.04753386974334717	-0.2803609371185303
1853	0.2328270673751831	-0.04753386974334717	-0.2803609371185303
1854	0.2328270673751831	-0.04753386974334717	-0.2803609371185303
1855	0.2328270673751831	-0.04753386974334717	-0.2803609371185303
1856	0.2328270673751831	-0.04753386974334717	-0.2803609371185303
1857	0.2328270673751831	-0.04753386974334717	-0.2803609371185303
1858	0.2328270673751831	-0.04753386974334717	-0.2803609371185303
1859	0.2328270673751831	-0.04753386974334717	-0.2803609371185303
1860	0.2328270673751831	-0.04753386974334717	-0.2803609371185303
1861	0.2328270673751831	-0.04753386974334717	-0.2803609371185303
1862	0.2328270673751831	-0.04753386974334717	-0.2803609371185303
1863	0.2328270673751831	-0.04753386974334717	-0.2803609371185303
1864	0.2328270673751831	-0.04753386974334717	-0.2803609371185303
1865	0.2328270673751831	-0.04753386974334717	-0.2803609371185303
1866	0.2328270673751831	-0.04753386974334717	-0.2803609371185303
1867	0.2328270673751831	-0.04753386974334717	-0.2803609371185303
1868	0.2328270673751831	-0.04753386974334717	-0.2803609371185303
1869	0.2328270673751831	-0.04753386974334717	-0.2803609371185303
1870	0.2328270673751831	-0.04753386974334717	-0.2803609371185303
1871	0.2328270673751831	-0.04753386974334717	-0.2803609371185303
1872	0.2328270673751831	-0.04753386974334717	-0.2803609371185303
1873	0.2328270673751831	-0.04753386974334717	-0.2803609371185303
1874	0.2328270673751831	-0.04753386974334717	-0.2803609371185303
1875	0.2328270673751831	-0.04753386974334717	-0.2803609371185303
1876	0.2328270673751831	-0.04753386974334717	-0.2803609371185303
1877	0.2328270673751831	-0.04753386974334717	-0.2803609371185303
1878	0.2328270673751831	-0.04753386974334717	-0.2803609371185303
1879	0.2328270673751831	-0.04753386974334717	-0.2803609371185303
1880	0.2328270673751831	-0.04753386974334717	-0.2803609371185303
1881	0.2328270673751831	-0.04753386974334717	-0.2803609371185303
1882	0.2328270673751831	-0.04753386974334717	-0.2803609371185303
1883	0.2328270673751831	-0.04753386974334717	-0.2803609371185303
1884	0.2328270673751831	-0.04753386974334717	-0.2803609371185303
1885	0.2328270673751831	-0.04753386974334717	-0.2803609371185303
1886	0.2328270673751831	-0.04753386974334717	-0.2803609371185303
1887	0.2328270673751831	-0.04753386974334717	-0.2803609371185303
1888	0.2328270673751831	-0.04753386974334717	-0.2803609371185303
1889	0.2328270673751831	-0.04753386974334717	-0.2803609371185303
1890	0.2328270673751831	-0.04753386974334717	-0.2803609371185303
1891	0.2328270673751831	-0.04753386974334717	-0.2803609371185303
1892	0.2328270673751831	-0.04753386974334717	-0.2803609371185303
1893	0.2328270673751831	-0.04753386974334717	-0.2803609371185303
1894	0.2328270673751831	-0.04753386974334717	-0.2803609371185303
1895	0.2328270673751831	-0.04753386974334717	-0.2803609371185303
1896	0.2328270673751831	-0.04753386974334717	-0.2803609371185303
1897	0.2328270673751831	-0.04753386974334717	-0.2803609371185303
1898	0.2328270673751831	-0.04753386974334717	-0.2803609371185303
1899	0.2328270673751831	-0.04753386974334717	-0.2803609371185303
1900	0.2328270673751831	-0.04753386974334717	-0.2803609371185303
1901	0.2328270673751831	-0.04753386974334717	-0.2803609371185303
1902	0.2328270673751831	-0.04753386974334717	-0.2803609371185303
1903	0.2328270673751831	-0.04753386974334717	-0.2803609371185303
1904	0.2328270673751831	-0.04753386974334717	-0.2803609371185303
1905	0.2328270673751831	-0.04753386974334717	-0.2803609371185303
1906	0.2328270673751831	-0.04753386974334717	-0.2803609371185303
1907	0.2328270673751831	-0.04753386974334717	-0.2803609371185303
1908	0.2328270673751831	-0.04753386974334717	-0.2803609371185303
1909	0.2328270673751831	-0.04753386974334717	-0.2803609371185303
1910	0.2328270673751831	-0.04753386974334717	-0.2803609371185303
1911	0.2328270673751831	-0.04753386974334717	-0.2803609371185303
1912	0.2328270673751831	-0.04753386974334717	-0.2803609371185303
1913	0.2328270673751831	-0.04753386974334717	-0.2803609371185303
1914	0.2328270673751831	-0.04753386974334717	-0.2803609371185303
1915	0.2328270673751831	-0.04753386974334717	-0.2803609371185303
1916	0.2328270673751831	-0.04753386974334717	-0.2803609371185303
1917	0.2328270673751831	-0.04753386974334717	-0.2803609371185303
1918	0.2328270673751831	-0.04753386974334717	-0.2803609371185303
1919	0.2328270673751831	-0.04753386974334717	-0.2803609371185303
1920	0.2328270673751831	-0.04753386974334717	-0.2803609371185303
1921	0.2328270673751831	-0.04753386974334717	-0.2803609371185303
1922	0.2328270673751831	-0.04753386974334717	-0.2803609371185303
1923	0.2328270673751831	-0.04753386974334717	-0.2803609371185303
1924	0.2328270673751831	-0.04753386974334717	-0.2803609371185303
1925	0.2328270673751831	-0.04753386974334717	-0.2803609371185303
1926	0.2328270673751831	-0.04753386974334717	-0.2803609371185303
1927	0.2328270673751831	-0.04753386974334717	-0.2803609371185303
1928	0.2328270673751831	-0.04753386974334717	-0.2803609371185303
1929	0.2328270673751831	-0.04753386974334717	-0.2803609371185303
1930	0.2328270673751831	-0.04753386974334717	-0.2803609371185303
1931	0.2328270673751831	-0.04753386974334717	-0.2803609371185303
1932	0.2328270673751831	-0.04753386974334717	-0.2803609371185303
1933	0.2328270673751831	-0.04753386974334717	-0.2803609371185303
1934	0.2328270673751831	-0.04753386974334717	-0.2803609371185303
1935	0.2328270673751831	-0.04753386974334717	-0.2803609371185303
1936	0.2328270673751831	-0.04753386974334717	-0.2803609371185303
1937	0.2328270673751831	-0.04753386974334717	-0.2803609371185303
1938	0.2328270673751831	-0.04753386974334717	-0.2803609371185303
1939	0.2328270673751831	-0.04753386974334717	-0.2803609371185303
1940	0.2328270673751831	-0.04753386974334717	-0.2803609371185303
1941	0.2328270673751831	-0.04753386974334717	-0.2803609371185303
1942	0.2328270673751831	-0.04753386974334717	-0.2803609371185303
1943	0.2328270673751831	-0.04753386974334717	-0.2803609371185303
1944	0.2328270673751831	-0.04753386974334717	-0.2803609371185303
1945	0.2328270673751831	-0.04753386974334717	-0.2803609371185303
1946	0.2328270673751831	-0.04753386974334717	-0.2803609371185303
1947	0.2328270673751831	-0.04753386974334717	-0.2803609371185303
1948	0.2328270673751831	-0.04753386974334717	-0.2803609371185303
1949	0.2328270673751831	-0.04753386974334717	-0.2803609371185303
1950	0.2328270673751831	-0.04753386974334717	-0.2803609371185303
1951	0.2328270673751831	-0.04753386974334717	-0.2803609371185303
1952	0.2328270673751831	-0.04753386974334717	-0.2803609371185303
1953	0.2328270673751831	-0.04753386974334717	-0.2803609371185303
1954	0.2328270673751831	-0.04753386974334717	-0.2803609371185303
1955	0.2328270673751831	-0.04753386974334717	-0.2803609371185303
1956	0.2328270673751831	-0.04753386974334717	-0.2803609371185303
1957	0.2328270673751831	-0.04753386974334717	-0.2803609371185303
1958	0.2328270673751831	-0.04753386974334717	-0.2803609371185303
1959	0.2328270673751831	-0.04753386974334717	-0.2803609371185303
1960	0.2328270673751831	-0.04753386974334717	-0.2803609371185303
1961	0.2328270673751831	-0.04753386974334717	-0.2803609371185303
1962	0.2328270673751831	-0.04753386974334717	-0.2803609371185303
1963	0.2328270673751831	-0.04753386974334717	-0.2803609371185303
1964	0.2328270673751831	-0.04753386974334717	-0.2803609371185303
1965	0.2328270673751831	-0.04753386974334717	-0.2803609371185303
1966	0.2328270673751831	-0.04753386974334717	-0.2803609371185303
1967	0.2328270673751831	-0.04753386974334717	-0.2803609371185303
1968	0.2328270673751831	-0.04753386974334717	-0.2803609371185303
1969	0.2328270673751831	-0.04753386974334717	-0.2803609371185303
1970	0.2328270673751831	-0.04753386974334717	-0.2803609371185303
1971	0.2328270673751831	-0.04753386974334717	-0.2803609371185303
1972	0.2328270673751831	-0.04753386974334717	-0.2803609371185303
1973	0.2328270673751831	-0.04753386974334717	-0.2803609371185303
1974	0.2328270673751831	-0.04753386974334717	-0.2803609371185303
1975	0.2328270673751831	-0.04753386974334717	-0.2803609371185303
1976	0.2328270673751831	-0.04753386974334717	-0.2803609371185303
1977	0.2328270673751831	-0.04753386974334717	-0.2803609371185303
1978	0.2328270673751831	-0.04753386974334717	-0.2803609371185303
1979	0.2328270673751831	-0.04753386974334717	-0.2803609371185303
1980	0.2328270673751831	-0.04753386974334717	-0.2803609371185303
1981	0.2328270673751831	-0.04753386974334717	-0.2803609371185303
1982	0.2328270673751831	-0.04753386974334717	-0.2803609371185303
1983	0.2328270673751831	-0.04753386974334717	-0.2803609371185303
1984	0.2328270673751831	-0.04753386974334717	-0.2803609371185303
1985	0.2328270673751831	-0.04753386974334717	-0.2803609371185303
1986	0.2328270673751831	-0.04753386974334717	-0.2803609371185303
1987	0.2328270673751831	-0.04753386974334717	-0.2803609371185303
1988	0.2328270673751831	-0.04753386974334717	-0.2803609371185303
1989	0.2328270673751831	-0.04753386974334717	-0.2803609371185303
1990	0.2328270673751831	-0.04753386974334717	-0.2803609371185303
1991	0.2328270673751831	-0.04753386974334717	-0.2803609371185303
1992	0.2328270673751831	-0.04753386974334717	-0.2803609371185303
1993	0.2328270673751831	-0.04753386974334717	-0.2803609371185303
1994	0.2328270673751831	-0.04753386974334717	-0.2803609371185303
1995	0.2328270673751831	-0.04753386974334717	-0.2803609371185303
1996	0.2328270673751831	-0.04753386974334717	-0.2803609371185303
1997	0.2328270673751831	-0.04753386974334717	-0.2803609371185303
1998	0.2328270673751831	-0.04753386974334717	-0.2803609371185303
1999	0.2328270673751831	-0.04753386974334717	-0.2803609371185303
2000	0.2328270673751831	-0.04753386974334717	-0.2803609371185303

Best Loss: 0.23282641172409058

Training Time (seconds): 439.5633248219965
