Iteration	Loss (h)	Total Cost (f)	Cost g
1	0.5272678136825562	0.5272678136825562	0
2	0.518319308757782	0.5093708038330078	-0.00894850492477417
3	0.509833574295044	0.49239933490753174	-0.017434239387512207
4	0.5036516785621643	0.48003554344177246	-0.023616135120391846
5	0.4982188642024994	0.4691699147224426	-0.029048949480056763
6	0.49152886867523193	0.4557899236679077	-0.03573894500732422
7	0.4868224561214447	0.44637709856033325	-0.04044535756111145
8	0.4825555980205536	0.437843382358551	-0.044712215662002563
9	0.4777222275733948	0.4281766414642334	-0.04954558610916138
10	0.4721498489379883	0.4170318841934204	-0.05511796474456787
11	0.4640006721019745	0.4007335305213928	-0.06326714158058167
12	0.45640867948532104	0.38554954528808594	-0.07085913419723511
13	0.45025312900543213	0.3732384443283081	-0.07701468467712402
14	0.4426833689212799	0.35809892416000366	-0.08458444476127625
15	0.43490496277809143	0.3425421118736267	-0.09236285090446472
16	0.4285579025745392	0.3298479914665222	-0.09870991110801697
17	0.42270344495773315	0.31813907623291016	-0.104564368724823
18	0.4166160821914673	0.3059643507003784	-0.11065173149108887
19	0.41178104281425476	0.29629427194595337	-0.11548677086830139
20	0.40605300664901733	0.2848381996154785	-0.12121480703353882
21	0.40139368176460266	0.27551954984664917	-0.1258741319179535
22	0.3977337181568146	0.268199622631073	-0.12953409552574158
23	0.3949742317199707	0.26268064975738525	-0.13229358196258545
24	0.39191901683807373	0.2565702199935913	-0.13534879684448242
25	0.38807913661003113	0.2488904595375061	-0.13918867707252502
26	0.3851267099380493	0.24298560619354248	-0.14214110374450684
27	0.3829648494720459	0.23866188526153564	-0.14430296421051025
28	0.3809259235858917	0.2345840334892273	-0.14634189009666443
29	0.37905487418174744	0.23084193468093872	-0.14821293950080872
30	0.37703844904899597	0.2268090844154358	-0.15022936463356018
31	0.3754688799381256	0.22366994619369507	-0.15179893374443054
32	0.3739820420742035	0.22069627046585083	-0.15328577160835266
33	0.3726366460323334	0.2180054783821106	-0.15463116765022278
34	0.37150171399116516	0.21573561429977417	-0.155766099691391
35	0.36931097507476807	0.21135413646697998	-0.15795683860778809
36	0.3684823215007782	0.20969682931900024	-0.15878549218177795
37	0.36683374643325806	0.20639967918395996	-0.1604340672492981
38	0.36607626080513	0.20488470792770386	-0.16119155287742615
39	0.36500152945518494	0.20273524522781372	-0.16226628422737122
40	0.36399152874946594	0.20071524381637573	-0.1632762849330902
41	0.36344751715660095	0.19962722063064575	-0.1638202965259552
42	0.36292752623558044	0.19858723878860474	-0.1643402874469757
43	0.3622628450393677	0.1972578763961792	-0.16500496864318848
44	0.3615979552268982	0.19592809677124023	-0.16566985845565796
45	0.3607880473136902	0.19430828094482422	-0.16647976636886597
46	0.36024224758148193	0.19321668148040771	-0.16702556610107422
47	0.35981670022010803	0.1923655867576599	-0.16745111346244812
48	0.3593122065067291	0.1913565993309021	-0.16795560717582703
49	0.3584575951099396	0.189647376537323	-0.16881021857261658
50	0.35807785391807556	0.18888789415359497	-0.1691899597644806
51	0.35772156715393066	0.18817532062530518	-0.1695462465286255
52	0.35644957423210144	0.18563133478164673	-0.1708182394504547
53	0.3558964431285858	0.18452507257461548	-0.17137137055397034
54	0.3555702865123749	0.1838727593421936	-0.17169752717018127
55	0.35515764355659485	0.18304747343063354	-0.1721101701259613
56	0.35481002926826477	0.1823522448539734	-0.17245778441429138
57	0.3543940484523773	0.1815202832221985	-0.17287376523017883
58	0.3540634512901306	0.18085908889770508	-0.17320436239242554
59	0.35369279980659485	0.18011778593063354	-0.1735750138759613
60	0.3531179130077362	0.17896801233291626	-0.17414990067481995
61	0.3526994585990906	0.178131103515625	-0.17456835508346558
62	0.35220465064048767	0.1771414875984192	-0.17506316304206848
63	0.3518540859222412	0.17644035816192627	-0.17541372776031494
64	0.351693719625473	0.1761196255683899	-0.17557409405708313
65	0.3514544665813446	0.17564111948013306	-0.17581334710121155
66	0.351267009973526	0.17526620626449585	-0.17600080370903015
67	0.3511772155761719	0.1750866174697876	-0.17609059810638428
68	0.3510301411151886	0.17479246854782104	-0.17623767256736755
69	0.3508494794368744	0.17443114519119263	-0.17641833424568176
70	0.35077351331710815	0.17427921295166016	-0.176494300365448
71	0.35069647431373596	0.17412513494491577	-0.1765713393688202
72	0.35054636001586914	0.17382490634918213	-0.176721453666687
73	0.3504818081855774	0.17369580268859863	-0.17678600549697876
74	0.3504594564437866	0.1736510992050171	-0.17680835723876953
75	0.35036706924438477	0.17346632480621338	-0.1769007444381714
76	0.3503340184688568	0.17340022325515747	-0.17693379521369934
77	0.3503116965293884	0.1733555793762207	-0.17695611715316772
78	0.3502550721168518	0.17324233055114746	-0.17701274156570435
79	0.35024526715278625	0.17322272062301636	-0.1770225465297699
80	0.35024526715278625	0.17322272062301636	-0.1770225465297699
81	0.35024526715278625	0.17322272062301636	-0.1770225465297699
82	0.3502117991447449	0.1731557846069336	-0.17705601453781128
83	0.3502117991447449	0.1731557846069336	-0.17705601453781128
84	0.3502117991447449	0.1731557846069336	-0.17705601453781128
85	0.3502117991447449	0.1731557846069336	-0.17705601453781128
86	0.3502117991447449	0.1731557846069336	-0.17705601453781128
87	0.3502117991447449	0.1731557846069336	-0.17705601453781128
88	0.3502117991447449	0.1731557846069336	-0.17705601453781128
89	0.3502117991447449	0.1731557846069336	-0.17705601453781128
90	0.3502117991447449	0.1731557846069336	-0.17705601453781128
91	0.3502117991447449	0.1731557846069336	-0.17705601453781128
92	0.3502117991447449	0.1731557846069336	-0.17705601453781128
93	0.3502117991447449	0.1731557846069336	-0.17705601453781128
94	0.3502117991447449	0.1731557846069336	-0.17705601453781128
95	0.3502117991447449	0.1731557846069336	-0.17705601453781128
96	0.3502117991447449	0.1731557846069336	-0.17705601453781128
97	0.3502117991447449	0.1731557846069336	-0.17705601453781128
98	0.3502117991447449	0.1731557846069336	-0.17705601453781128
99	0.3502117991447449	0.1731557846069336	-0.17705601453781128
100	0.3502117991447449	0.1731557846069336	-0.17705601453781128
101	0.3502117991447449	0.1731557846069336	-0.17705601453781128
102	0.3502117991447449	0.1731557846069336	-0.17705601453781128
103	0.3502117991447449	0.1731557846069336	-0.17705601453781128
104	0.3502117991447449	0.1731557846069336	-0.17705601453781128
105	0.3502117991447449	0.1731557846069336	-0.17705601453781128
106	0.3502117991447449	0.1731557846069336	-0.17705601453781128
107	0.3502117991447449	0.1731557846069336	-0.17705601453781128
108	0.3502117991447449	0.1731557846069336	-0.17705601453781128
109	0.3502117991447449	0.1731557846069336	-0.17705601453781128
110	0.3502117991447449	0.1731557846069336	-0.17705601453781128
111	0.3502117991447449	0.1731557846069336	-0.17705601453781128
112	0.3502117991447449	0.1731557846069336	-0.17705601453781128
113	0.3502117991447449	0.1731557846069336	-0.17705601453781128
114	0.3502117991447449	0.1731557846069336	-0.17705601453781128
115	0.3502117991447449	0.1731557846069336	-0.17705601453781128
116	0.3502117991447449	0.1731557846069336	-0.17705601453781128
117	0.3502117991447449	0.1731557846069336	-0.17705601453781128
118	0.3502117991447449	0.1731557846069336	-0.17705601453781128
119	0.3502117991447449	0.1731557846069336	-0.17705601453781128
120	0.3502117991447449	0.1731557846069336	-0.17705601453781128
121	0.3502117991447449	0.1731557846069336	-0.17705601453781128
122	0.3502117991447449	0.1731557846069336	-0.17705601453781128
123	0.3502117991447449	0.1731557846069336	-0.17705601453781128
124	0.3502117991447449	0.1731557846069336	-0.17705601453781128
125	0.3502117991447449	0.1731557846069336	-0.17705601453781128
126	0.3502117991447449	0.1731557846069336	-0.17705601453781128
127	0.3502117991447449	0.1731557846069336	-0.17705601453781128
128	0.3502117991447449	0.1731557846069336	-0.17705601453781128
129	0.3502117991447449	0.1731557846069336	-0.17705601453781128
130	0.3502117991447449	0.1731557846069336	-0.17705601453781128
131	0.3502117991447449	0.1731557846069336	-0.17705601453781128
132	0.3502117991447449	0.1731557846069336	-0.17705601453781128
133	0.3502117991447449	0.1731557846069336	-0.17705601453781128
134	0.3502117991447449	0.1731557846069336	-0.17705601453781128
135	0.3502117991447449	0.1731557846069336	-0.17705601453781128
136	0.3502117991447449	0.1731557846069336	-0.17705601453781128
137	0.3502117991447449	0.1731557846069336	-0.17705601453781128
138	0.3502117991447449	0.1731557846069336	-0.17705601453781128
139	0.3502117991447449	0.1731557846069336	-0.17705601453781128
140	0.3502117991447449	0.1731557846069336	-0.17705601453781128
141	0.3502117991447449	0.1731557846069336	-0.17705601453781128
142	0.3502117991447449	0.1731557846069336	-0.17705601453781128
143	0.3502117991447449	0.1731557846069336	-0.17705601453781128
144	0.3502117991447449	0.1731557846069336	-0.17705601453781128
145	0.3502117991447449	0.1731557846069336	-0.17705601453781128
146	0.3502117991447449	0.1731557846069336	-0.17705601453781128
147	0.3502117991447449	0.1731557846069336	-0.17705601453781128
148	0.3502117991447449	0.1731557846069336	-0.17705601453781128
149	0.3502117991447449	0.1731557846069336	-0.17705601453781128
150	0.3502117991447449	0.1731557846069336	-0.17705601453781128
151	0.3502117991447449	0.1731557846069336	-0.17705601453781128
152	0.3502117991447449	0.1731557846069336	-0.17705601453781128
153	0.3502117991447449	0.1731557846069336	-0.17705601453781128
154	0.3502117991447449	0.1731557846069336	-0.17705601453781128
155	0.3502117991447449	0.1731557846069336	-0.17705601453781128
156	0.3502117991447449	0.1731557846069336	-0.17705601453781128
157	0.3502117991447449	0.1731557846069336	-0.17705601453781128
158	0.3502117991447449	0.1731557846069336	-0.17705601453781128
159	0.3502117991447449	0.1731557846069336	-0.17705601453781128
160	0.3502117991447449	0.1731557846069336	-0.17705601453781128
161	0.3502117991447449	0.1731557846069336	-0.17705601453781128
162	0.3502117991447449	0.1731557846069336	-0.17705601453781128
163	0.3502117991447449	0.1731557846069336	-0.17705601453781128
164	0.3502117991447449	0.1731557846069336	-0.17705601453781128
165	0.3502117991447449	0.1731557846069336	-0.17705601453781128
166	0.3502117991447449	0.1731557846069336	-0.17705601453781128
167	0.3502117991447449	0.1731557846069336	-0.17705601453781128
168	0.3502117991447449	0.1731557846069336	-0.17705601453781128
169	0.3502117991447449	0.1731557846069336	-0.17705601453781128
170	0.35019317269325256	0.17311853170394897	-0.1770746409893036
171	0.35017940402030945	0.17309099435806274	-0.1770884096622467
172	0.3501574397087097	0.17304706573486328	-0.17711037397384644
173	0.35011711716651917	0.17296642065048218	-0.177150696516037
174	0.3501107394695282	0.17295366525650024	-0.17715707421302795
175	0.3501036465167999	0.1729394793510437	-0.17716416716575623
176	0.3501036465167999	0.1729394793510437	-0.17716416716575623
177	0.3501036465167999	0.1729394793510437	-0.17716416716575623
178	0.3501036465167999	0.1729394793510437	-0.17716416716575623
179	0.3501036465167999	0.1729394793510437	-0.17716416716575623
180	0.3501036465167999	0.1729394793510437	-0.17716416716575623
181	0.3501036465167999	0.1729394793510437	-0.17716416716575623
182	0.3501036465167999	0.1729394793510437	-0.17716416716575623
183	0.3501036465167999	0.1729394793510437	-0.17716416716575623
184	0.3501036465167999	0.1729394793510437	-0.17716416716575623
185	0.3501036465167999	0.1729394793510437	-0.17716416716575623
186	0.3501036465167999	0.1729394793510437	-0.17716416716575623
187	0.3501036465167999	0.1729394793510437	-0.17716416716575623
188	0.3501036465167999	0.1729394793510437	-0.17716416716575623
189	0.3501036465167999	0.1729394793510437	-0.17716416716575623
190	0.3501036465167999	0.1729394793510437	-0.17716416716575623
191	0.3501036465167999	0.1729394793510437	-0.17716416716575623
192	0.3501036465167999	0.1729394793510437	-0.17716416716575623
193	0.3501036465167999	0.1729394793510437	-0.17716416716575623
194	0.3501036465167999	0.1729394793510437	-0.17716416716575623
195	0.3501036465167999	0.1729394793510437	-0.17716416716575623
196	0.3501036465167999	0.1729394793510437	-0.17716416716575623
197	0.3501036465167999	0.1729394793510437	-0.17716416716575623
198	0.3501036465167999	0.1729394793510437	-0.17716416716575623
199	0.3501036465167999	0.1729394793510437	-0.17716416716575623
200	0.3501036465167999	0.1729394793510437	-0.17716416716575623
201	0.3501036465167999	0.1729394793510437	-0.17716416716575623
202	0.3501036465167999	0.1729394793510437	-0.17716416716575623
203	0.3501036465167999	0.1729394793510437	-0.17716416716575623
204	0.3501036465167999	0.1729394793510437	-0.17716416716575623
205	0.3501036465167999	0.1729394793510437	-0.17716416716575623
206	0.3501036465167999	0.1729394793510437	-0.17716416716575623
207	0.3501036465167999	0.1729394793510437	-0.17716416716575623
208	0.3501036465167999	0.1729394793510437	-0.17716416716575623
209	0.3501036465167999	0.1729394793510437	-0.17716416716575623
210	0.3501036465167999	0.1729394793510437	-0.17716416716575623
211	0.3501036465167999	0.1729394793510437	-0.17716416716575623
212	0.3501036465167999	0.1729394793510437	-0.17716416716575623
213	0.3501036465167999	0.1729394793510437	-0.17716416716575623
214	0.3501036465167999	0.1729394793510437	-0.17716416716575623
215	0.3501036465167999	0.1729394793510437	-0.17716416716575623
216	0.3501036465167999	0.1729394793510437	-0.17716416716575623
217	0.3501036465167999	0.1729394793510437	-0.17716416716575623
218	0.3501036465167999	0.1729394793510437	-0.17716416716575623
219	0.3501036465167999	0.1729394793510437	-0.17716416716575623
220	0.3501036465167999	0.1729394793510437	-0.17716416716575623
221	0.3501036465167999	0.1729394793510437	-0.17716416716575623
222	0.3501036465167999	0.1729394793510437	-0.17716416716575623
223	0.3501036465167999	0.1729394793510437	-0.17716416716575623
224	0.3501036465167999	0.1729394793510437	-0.17716416716575623
225	0.3501036465167999	0.1729394793510437	-0.17716416716575623
226	0.3501036465167999	0.1729394793510437	-0.17716416716575623
227	0.3501036465167999	0.1729394793510437	-0.17716416716575623
228	0.3501036465167999	0.1729394793510437	-0.17716416716575623
229	0.3501036465167999	0.1729394793510437	-0.17716416716575623
230	0.3501036465167999	0.1729394793510437	-0.17716416716575623
231	0.3501036465167999	0.1729394793510437	-0.17716416716575623
232	0.3501036465167999	0.1729394793510437	-0.17716416716575623
233	0.3501036465167999	0.1729394793510437	-0.17716416716575623
234	0.3501036465167999	0.1729394793510437	-0.17716416716575623
235	0.3501036465167999	0.1729394793510437	-0.17716416716575623
236	0.3501036465167999	0.1729394793510437	-0.17716416716575623
237	0.3501036465167999	0.1729394793510437	-0.17716416716575623
238	0.3501036465167999	0.1729394793510437	-0.17716416716575623
239	0.3501036465167999	0.1729394793510437	-0.17716416716575623
240	0.3501036465167999	0.1729394793510437	-0.17716416716575623
241	0.3501036465167999	0.1729394793510437	-0.17716416716575623
242	0.3501036465167999	0.1729394793510437	-0.17716416716575623
243	0.3501036465167999	0.1729394793510437	-0.17716416716575623
244	0.3501036465167999	0.1729394793510437	-0.17716416716575623
245	0.3501036465167999	0.1729394793510437	-0.17716416716575623
246	0.3501036465167999	0.1729394793510437	-0.17716416716575623
247	0.3501036465167999	0.1729394793510437	-0.17716416716575623
248	0.3501036465167999	0.1729394793510437	-0.17716416716575623
249	0.3501036465167999	0.1729394793510437	-0.17716416716575623
250	0.3501036465167999	0.1729394793510437	-0.17716416716575623
251	0.3501036465167999	0.1729394793510437	-0.17716416716575623
252	0.3501036465167999	0.1729394793510437	-0.17716416716575623
253	0.3501036465167999	0.1729394793510437	-0.17716416716575623
254	0.3501036465167999	0.1729394793510437	-0.17716416716575623
255	0.3501036465167999	0.1729394793510437	-0.17716416716575623
256	0.3501036465167999	0.1729394793510437	-0.17716416716575623
257	0.3501036465167999	0.1729394793510437	-0.17716416716575623
258	0.3501036465167999	0.1729394793510437	-0.17716416716575623
259	0.3501036465167999	0.1729394793510437	-0.17716416716575623
260	0.3501036465167999	0.1729394793510437	-0.17716416716575623
261	0.3501036465167999	0.1729394793510437	-0.17716416716575623
262	0.3501036465167999	0.1729394793510437	-0.17716416716575623
263	0.3501036465167999	0.1729394793510437	-0.17716416716575623
264	0.3501036465167999	0.1729394793510437	-0.17716416716575623
265	0.3501036465167999	0.1729394793510437	-0.17716416716575623
266	0.3501036465167999	0.1729394793510437	-0.17716416716575623
267	0.3501036465167999	0.1729394793510437	-0.17716416716575623
268	0.3501036465167999	0.1729394793510437	-0.17716416716575623
269	0.3501036465167999	0.1729394793510437	-0.17716416716575623
270	0.3501036465167999	0.1729394793510437	-0.17716416716575623
271	0.3501036465167999	0.1729394793510437	-0.17716416716575623
272	0.3501036465167999	0.1729394793510437	-0.17716416716575623
273	0.3501036465167999	0.1729394793510437	-0.17716416716575623
274	0.3501036465167999	0.1729394793510437	-0.17716416716575623
275	0.3501036465167999	0.1729394793510437	-0.17716416716575623
276	0.3501036465167999	0.1729394793510437	-0.17716416716575623
277	0.3501036465167999	0.1729394793510437	-0.17716416716575623
278	0.3501036465167999	0.1729394793510437	-0.17716416716575623
279	0.3501036465167999	0.1729394793510437	-0.17716416716575623
280	0.3501036465167999	0.1729394793510437	-0.17716416716575623
281	0.3501036465167999	0.1729394793510437	-0.17716416716575623
282	0.3501036465167999	0.1729394793510437	-0.17716416716575623
283	0.3501036465167999	0.1729394793510437	-0.17716416716575623
284	0.3501036465167999	0.1729394793510437	-0.17716416716575623
285	0.3501036465167999	0.1729394793510437	-0.17716416716575623
286	0.3501036465167999	0.1729394793510437	-0.17716416716575623
287	0.3501036465167999	0.1729394793510437	-0.17716416716575623
288	0.3501036465167999	0.1729394793510437	-0.17716416716575623
289	0.3501036465167999	0.1729394793510437	-0.17716416716575623
290	0.3501036465167999	0.1729394793510437	-0.17716416716575623
291	0.3501036465167999	0.1729394793510437	-0.17716416716575623
292	0.3501036465167999	0.1729394793510437	-0.17716416716575623
293	0.3501036465167999	0.1729394793510437	-0.17716416716575623
294	0.3501036465167999	0.1729394793510437	-0.17716416716575623
295	0.3501036465167999	0.1729394793510437	-0.17716416716575623
296	0.3501036465167999	0.1729394793510437	-0.17716416716575623
297	0.3501036465167999	0.1729394793510437	-0.17716416716575623
298	0.3501036465167999	0.1729394793510437	-0.17716416716575623
299	0.3501036465167999	0.1729394793510437	-0.17716416716575623
300	0.3501036465167999	0.1729394793510437	-0.17716416716575623
301	0.3501036465167999	0.1729394793510437	-0.17716416716575623
302	0.3501036465167999	0.1729394793510437	-0.17716416716575623
303	0.3501036465167999	0.1729394793510437	-0.17716416716575623
304	0.3501036465167999	0.1729394793510437	-0.17716416716575623
305	0.3501036465167999	0.1729394793510437	-0.17716416716575623
306	0.3501036465167999	0.1729394793510437	-0.17716416716575623
307	0.3501036465167999	0.1729394793510437	-0.17716416716575623
308	0.3501036465167999	0.1729394793510437	-0.17716416716575623
309	0.3501036465167999	0.1729394793510437	-0.17716416716575623
310	0.3501036465167999	0.1729394793510437	-0.17716416716575623
311	0.3501036465167999	0.1729394793510437	-0.17716416716575623
312	0.3501036465167999	0.1729394793510437	-0.17716416716575623
313	0.3501036465167999	0.1729394793510437	-0.17716416716575623
314	0.3501036465167999	0.1729394793510437	-0.17716416716575623
315	0.3501036465167999	0.1729394793510437	-0.17716416716575623
316	0.3501036465167999	0.1729394793510437	-0.17716416716575623
317	0.3501036465167999	0.1729394793510437	-0.17716416716575623
318	0.3501036465167999	0.1729394793510437	-0.17716416716575623
319	0.3501036465167999	0.1729394793510437	-0.17716416716575623
320	0.3501036465167999	0.1729394793510437	-0.17716416716575623
321	0.3501036465167999	0.1729394793510437	-0.17716416716575623
322	0.3501036465167999	0.1729394793510437	-0.17716416716575623
323	0.3501036465167999	0.1729394793510437	-0.17716416716575623
324	0.3501036465167999	0.1729394793510437	-0.17716416716575623
325	0.3501036465167999	0.1729394793510437	-0.17716416716575623
326	0.3501036465167999	0.1729394793510437	-0.17716416716575623
327	0.3501036465167999	0.1729394793510437	-0.17716416716575623
328	0.3501036465167999	0.1729394793510437	-0.17716416716575623
329	0.3501036465167999	0.1729394793510437	-0.17716416716575623
330	0.3501036465167999	0.1729394793510437	-0.17716416716575623
331	0.3501036465167999	0.1729394793510437	-0.17716416716575623
332	0.3501036465167999	0.1729394793510437	-0.17716416716575623
333	0.3501036465167999	0.1729394793510437	-0.17716416716575623
334	0.3501036465167999	0.1729394793510437	-0.17716416716575623
335	0.3501036465167999	0.1729394793510437	-0.17716416716575623
336	0.3501036465167999	0.1729394793510437	-0.17716416716575623
337	0.3501036465167999	0.1729394793510437	-0.17716416716575623
338	0.3501036465167999	0.1729394793510437	-0.17716416716575623
339	0.3501036465167999	0.1729394793510437	-0.17716416716575623
340	0.3501036465167999	0.1729394793510437	-0.17716416716575623
341	0.3501036465167999	0.1729394793510437	-0.17716416716575623
342	0.3501036465167999	0.1729394793510437	-0.17716416716575623
343	0.3501036465167999	0.1729394793510437	-0.17716416716575623
344	0.3501036465167999	0.1729394793510437	-0.17716416716575623
345	0.3501036465167999	0.1729394793510437	-0.17716416716575623
346	0.3501036465167999	0.1729394793510437	-0.17716416716575623
347	0.3501036465167999	0.1729394793510437	-0.17716416716575623
348	0.3501036465167999	0.1729394793510437	-0.17716416716575623
349	0.3501036465167999	0.1729394793510437	-0.17716416716575623
350	0.3501036465167999	0.1729394793510437	-0.17716416716575623
351	0.3501036465167999	0.1729394793510437	-0.17716416716575623
352	0.3501036465167999	0.1729394793510437	-0.17716416716575623
353	0.3501036465167999	0.1729394793510437	-0.17716416716575623
354	0.3501036465167999	0.1729394793510437	-0.17716416716575623
355	0.3501036465167999	0.1729394793510437	-0.17716416716575623
356	0.3501036465167999	0.1729394793510437	-0.17716416716575623
357	0.3501036465167999	0.1729394793510437	-0.17716416716575623
358	0.3501036465167999	0.1729394793510437	-0.17716416716575623
359	0.3501036465167999	0.1729394793510437	-0.17716416716575623
360	0.3501036465167999	0.1729394793510437	-0.17716416716575623
361	0.3501036465167999	0.1729394793510437	-0.17716416716575623
362	0.3501036465167999	0.1729394793510437	-0.17716416716575623
363	0.3501036465167999	0.1729394793510437	-0.17716416716575623
364	0.3501036465167999	0.1729394793510437	-0.17716416716575623
365	0.3501036465167999	0.1729394793510437	-0.17716416716575623
366	0.3501036465167999	0.1729394793510437	-0.17716416716575623
367	0.3501036465167999	0.1729394793510437	-0.17716416716575623
368	0.3501036465167999	0.1729394793510437	-0.17716416716575623
369	0.3501036465167999	0.1729394793510437	-0.17716416716575623
370	0.3501036465167999	0.1729394793510437	-0.17716416716575623
371	0.3501036465167999	0.1729394793510437	-0.17716416716575623
372	0.3501036465167999	0.1729394793510437	-0.17716416716575623
373	0.3501036465167999	0.1729394793510437	-0.17716416716575623
374	0.3501036465167999	0.1729394793510437	-0.17716416716575623
375	0.3501036465167999	0.1729394793510437	-0.17716416716575623
376	0.3501036465167999	0.1729394793510437	-0.17716416716575623
377	0.3501036465167999	0.1729394793510437	-0.17716416716575623
378	0.3501036465167999	0.1729394793510437	-0.17716416716575623
379	0.3501036465167999	0.1729394793510437	-0.17716416716575623
380	0.3501036465167999	0.1729394793510437	-0.17716416716575623
381	0.3501036465167999	0.1729394793510437	-0.17716416716575623
382	0.3501036465167999	0.1729394793510437	-0.17716416716575623
383	0.3501036465167999	0.1729394793510437	-0.17716416716575623
384	0.3501036465167999	0.1729394793510437	-0.17716416716575623
385	0.3501036465167999	0.1729394793510437	-0.17716416716575623
386	0.3501036465167999	0.1729394793510437	-0.17716416716575623
387	0.3501036465167999	0.1729394793510437	-0.17716416716575623
388	0.3501036465167999	0.1729394793510437	-0.17716416716575623
389	0.3501036465167999	0.1729394793510437	-0.17716416716575623
390	0.3501036465167999	0.1729394793510437	-0.17716416716575623
391	0.3501036465167999	0.1729394793510437	-0.17716416716575623
392	0.3501036465167999	0.1729394793510437	-0.17716416716575623
393	0.3501036465167999	0.1729394793510437	-0.17716416716575623
394	0.3501036465167999	0.1729394793510437	-0.17716416716575623
395	0.3501036465167999	0.1729394793510437	-0.17716416716575623
396	0.3501036465167999	0.1729394793510437	-0.17716416716575623
397	0.3501036465167999	0.1729394793510437	-0.17716416716575623
398	0.3501036465167999	0.1729394793510437	-0.17716416716575623
399	0.3501036465167999	0.1729394793510437	-0.17716416716575623
400	0.3501036465167999	0.1729394793510437	-0.17716416716575623
401	0.3501036465167999	0.1729394793510437	-0.17716416716575623
402	0.3501036465167999	0.1729394793510437	-0.17716416716575623
403	0.3501036465167999	0.1729394793510437	-0.17716416716575623
404	0.3501036465167999	0.1729394793510437	-0.17716416716575623
405	0.3501036465167999	0.1729394793510437	-0.17716416716575623
406	0.3501036465167999	0.1729394793510437	-0.17716416716575623
407	0.3501036465167999	0.1729394793510437	-0.17716416716575623
408	0.3501036465167999	0.1729394793510437	-0.17716416716575623
409	0.3501036465167999	0.1729394793510437	-0.17716416716575623
410	0.3501036465167999	0.1729394793510437	-0.17716416716575623
411	0.3501036465167999	0.1729394793510437	-0.17716416716575623
412	0.3501036465167999	0.1729394793510437	-0.17716416716575623
413	0.3501036465167999	0.1729394793510437	-0.17716416716575623
414	0.3501036465167999	0.1729394793510437	-0.17716416716575623
415	0.3501036465167999	0.1729394793510437	-0.17716416716575623
416	0.3501036465167999	0.1729394793510437	-0.17716416716575623
417	0.3501036465167999	0.1729394793510437	-0.17716416716575623
418	0.3501036465167999	0.1729394793510437	-0.17716416716575623
419	0.3501036465167999	0.1729394793510437	-0.17716416716575623
420	0.3501036465167999	0.1729394793510437	-0.17716416716575623
421	0.3501036465167999	0.1729394793510437	-0.17716416716575623
422	0.3501036465167999	0.1729394793510437	-0.17716416716575623
423	0.3501036465167999	0.1729394793510437	-0.17716416716575623
424	0.3501036465167999	0.1729394793510437	-0.17716416716575623
425	0.3501036465167999	0.1729394793510437	-0.17716416716575623
426	0.3501036465167999	0.1729394793510437	-0.17716416716575623
427	0.3501036465167999	0.1729394793510437	-0.17716416716575623
428	0.3501036465167999	0.1729394793510437	-0.17716416716575623
429	0.3501036465167999	0.1729394793510437	-0.17716416716575623
430	0.3501036465167999	0.1729394793510437	-0.17716416716575623
431	0.3501036465167999	0.1729394793510437	-0.17716416716575623
432	0.3501036465167999	0.1729394793510437	-0.17716416716575623
433	0.3501036465167999	0.1729394793510437	-0.17716416716575623
434	0.3501036465167999	0.1729394793510437	-0.17716416716575623
435	0.3501036465167999	0.1729394793510437	-0.17716416716575623
436	0.3501036465167999	0.1729394793510437	-0.17716416716575623
437	0.3501036465167999	0.1729394793510437	-0.17716416716575623
438	0.3501036465167999	0.1729394793510437	-0.17716416716575623
439	0.3501036465167999	0.1729394793510437	-0.17716416716575623
440	0.3501036465167999	0.1729394793510437	-0.17716416716575623
441	0.3501036465167999	0.1729394793510437	-0.17716416716575623
442	0.3501036465167999	0.1729394793510437	-0.17716416716575623
443	0.3501036465167999	0.1729394793510437	-0.17716416716575623
444	0.3501036465167999	0.1729394793510437	-0.17716416716575623
445	0.3501036465167999	0.1729394793510437	-0.17716416716575623
446	0.3501036465167999	0.1729394793510437	-0.17716416716575623
447	0.3501036465167999	0.1729394793510437	-0.17716416716575623
448	0.3501036465167999	0.1729394793510437	-0.17716416716575623
449	0.3501036465167999	0.1729394793510437	-0.17716416716575623
450	0.3501036465167999	0.1729394793510437	-0.17716416716575623
451	0.3501036465167999	0.1729394793510437	-0.17716416716575623
452	0.3501036465167999	0.1729394793510437	-0.17716416716575623
453	0.3501036465167999	0.1729394793510437	-0.17716416716575623
454	0.3501036465167999	0.1729394793510437	-0.17716416716575623
455	0.3501036465167999	0.1729394793510437	-0.17716416716575623
456	0.3501036465167999	0.1729394793510437	-0.17716416716575623
457	0.3501036465167999	0.1729394793510437	-0.17716416716575623
458	0.3501036465167999	0.1729394793510437	-0.17716416716575623
459	0.3501036465167999	0.1729394793510437	-0.17716416716575623
460	0.3501036465167999	0.1729394793510437	-0.17716416716575623
461	0.3501036465167999	0.1729394793510437	-0.17716416716575623
462	0.3501036465167999	0.1729394793510437	-0.17716416716575623
463	0.3501036465167999	0.1729394793510437	-0.17716416716575623
464	0.3501036465167999	0.1729394793510437	-0.17716416716575623
465	0.3501036465167999	0.1729394793510437	-0.17716416716575623
466	0.3501036465167999	0.1729394793510437	-0.17716416716575623
467	0.3501036465167999	0.1729394793510437	-0.17716416716575623
468	0.3501036465167999	0.1729394793510437	-0.17716416716575623
469	0.3501036465167999	0.1729394793510437	-0.17716416716575623
470	0.3501036465167999	0.1729394793510437	-0.17716416716575623
471	0.3501036465167999	0.1729394793510437	-0.17716416716575623
472	0.3501036465167999	0.1729394793510437	-0.17716416716575623
473	0.3501036465167999	0.1729394793510437	-0.17716416716575623
474	0.3501036465167999	0.1729394793510437	-0.17716416716575623
475	0.3501036465167999	0.1729394793510437	-0.17716416716575623
476	0.3501036465167999	0.1729394793510437	-0.17716416716575623
477	0.3501036465167999	0.1729394793510437	-0.17716416716575623
478	0.3501036465167999	0.1729394793510437	-0.17716416716575623
479	0.3501036465167999	0.1729394793510437	-0.17716416716575623
480	0.3501036465167999	0.1729394793510437	-0.17716416716575623
481	0.3501036465167999	0.1729394793510437	-0.17716416716575623
482	0.3501036465167999	0.1729394793510437	-0.17716416716575623
483	0.3501036465167999	0.1729394793510437	-0.17716416716575623
484	0.3501036465167999	0.1729394793510437	-0.17716416716575623
485	0.3501036465167999	0.1729394793510437	-0.17716416716575623
486	0.3501036465167999	0.1729394793510437	-0.17716416716575623
487	0.3501036465167999	0.1729394793510437	-0.17716416716575623
488	0.3501036465167999	0.1729394793510437	-0.17716416716575623
489	0.3501036465167999	0.1729394793510437	-0.17716416716575623
490	0.3501036465167999	0.1729394793510437	-0.17716416716575623
491	0.3501036465167999	0.1729394793510437	-0.17716416716575623
492	0.3501036465167999	0.1729394793510437	-0.17716416716575623
493	0.3501036465167999	0.1729394793510437	-0.17716416716575623
494	0.3501036465167999	0.1729394793510437	-0.17716416716575623
495	0.3501036465167999	0.1729394793510437	-0.17716416716575623
496	0.3501036465167999	0.1729394793510437	-0.17716416716575623
497	0.3501036465167999	0.1729394793510437	-0.17716416716575623
498	0.3501036465167999	0.1729394793510437	-0.17716416716575623
499	0.3501036465167999	0.1729394793510437	-0.17716416716575623
500	0.3501036465167999	0.1729394793510437	-0.17716416716575623
501	0.3501036465167999	0.1729394793510437	-0.17716416716575623
502	0.3501036465167999	0.1729394793510437	-0.17716416716575623
503	0.3501036465167999	0.1729394793510437	-0.17716416716575623
504	0.3501036465167999	0.1729394793510437	-0.17716416716575623
505	0.3501036465167999	0.1729394793510437	-0.17716416716575623
506	0.3501036465167999	0.1729394793510437	-0.17716416716575623
507	0.3501036465167999	0.1729394793510437	-0.17716416716575623
508	0.3501036465167999	0.1729394793510437	-0.17716416716575623
509	0.3501036465167999	0.1729394793510437	-0.17716416716575623
510	0.3501036465167999	0.1729394793510437	-0.17716416716575623
511	0.3501036465167999	0.1729394793510437	-0.17716416716575623
512	0.3501036465167999	0.1729394793510437	-0.17716416716575623
513	0.3501036465167999	0.1729394793510437	-0.17716416716575623
514	0.3501036465167999	0.1729394793510437	-0.17716416716575623
515	0.3501036465167999	0.1729394793510437	-0.17716416716575623
516	0.3501036465167999	0.1729394793510437	-0.17716416716575623
517	0.3501036465167999	0.1729394793510437	-0.17716416716575623
518	0.3501036465167999	0.1729394793510437	-0.17716416716575623
519	0.3501036465167999	0.1729394793510437	-0.17716416716575623
520	0.3501036465167999	0.1729394793510437	-0.17716416716575623
521	0.3501036465167999	0.1729394793510437	-0.17716416716575623
522	0.3501036465167999	0.1729394793510437	-0.17716416716575623
523	0.3501036465167999	0.1729394793510437	-0.17716416716575623
524	0.3501036465167999	0.1729394793510437	-0.17716416716575623
525	0.3501036465167999	0.1729394793510437	-0.17716416716575623
526	0.3501036465167999	0.1729394793510437	-0.17716416716575623
527	0.3501036465167999	0.1729394793510437	-0.17716416716575623
528	0.3501036465167999	0.1729394793510437	-0.17716416716575623
529	0.3501036465167999	0.1729394793510437	-0.17716416716575623
530	0.3501036465167999	0.1729394793510437	-0.17716416716575623
531	0.3501036465167999	0.1729394793510437	-0.17716416716575623
532	0.3501036465167999	0.1729394793510437	-0.17716416716575623
533	0.3501036465167999	0.1729394793510437	-0.17716416716575623
534	0.3501036465167999	0.1729394793510437	-0.17716416716575623
535	0.3501036465167999	0.1729394793510437	-0.17716416716575623
536	0.3501036465167999	0.1729394793510437	-0.17716416716575623
537	0.3501036465167999	0.1729394793510437	-0.17716416716575623
538	0.3501036465167999	0.1729394793510437	-0.17716416716575623
539	0.3501036465167999	0.1729394793510437	-0.17716416716575623
540	0.3501036465167999	0.1729394793510437	-0.17716416716575623
541	0.3501036465167999	0.1729394793510437	-0.17716416716575623
542	0.3501036465167999	0.1729394793510437	-0.17716416716575623
543	0.3501036465167999	0.1729394793510437	-0.17716416716575623
544	0.3501036465167999	0.1729394793510437	-0.17716416716575623
545	0.3501036465167999	0.1729394793510437	-0.17716416716575623
546	0.3501036465167999	0.1729394793510437	-0.17716416716575623
547	0.3501036465167999	0.1729394793510437	-0.17716416716575623
548	0.3501036465167999	0.1729394793510437	-0.17716416716575623
549	0.3501036465167999	0.1729394793510437	-0.17716416716575623
550	0.3501036465167999	0.1729394793510437	-0.17716416716575623
551	0.3501036465167999	0.1729394793510437	-0.17716416716575623
552	0.3501036465167999	0.1729394793510437	-0.17716416716575623
553	0.3501036465167999	0.1729394793510437	-0.17716416716575623
554	0.3501036465167999	0.1729394793510437	-0.17716416716575623
555	0.3501036465167999	0.1729394793510437	-0.17716416716575623
556	0.3501036465167999	0.1729394793510437	-0.17716416716575623
557	0.3501036465167999	0.1729394793510437	-0.17716416716575623
558	0.3501036465167999	0.1729394793510437	-0.17716416716575623
559	0.3501036465167999	0.1729394793510437	-0.17716416716575623
560	0.3501036465167999	0.1729394793510437	-0.17716416716575623
561	0.3501036465167999	0.1729394793510437	-0.17716416716575623
562	0.3501036465167999	0.1729394793510437	-0.17716416716575623
563	0.3501036465167999	0.1729394793510437	-0.17716416716575623
564	0.3501036465167999	0.1729394793510437	-0.17716416716575623
565	0.3501036465167999	0.1729394793510437	-0.17716416716575623
566	0.3501036465167999	0.1729394793510437	-0.17716416716575623
567	0.3501036465167999	0.1729394793510437	-0.17716416716575623
568	0.3501036465167999	0.1729394793510437	-0.17716416716575623
569	0.3501036465167999	0.1729394793510437	-0.17716416716575623
570	0.3501036465167999	0.1729394793510437	-0.17716416716575623
571	0.3501036465167999	0.1729394793510437	-0.17716416716575623
572	0.3501036465167999	0.1729394793510437	-0.17716416716575623
573	0.3501036465167999	0.1729394793510437	-0.17716416716575623
574	0.3501036465167999	0.1729394793510437	-0.17716416716575623
575	0.3501036465167999	0.1729394793510437	-0.17716416716575623
576	0.3501036465167999	0.1729394793510437	-0.17716416716575623
577	0.3501036465167999	0.1729394793510437	-0.17716416716575623
578	0.3501036465167999	0.1729394793510437	-0.17716416716575623
579	0.3501036465167999	0.1729394793510437	-0.17716416716575623
580	0.3501036465167999	0.1729394793510437	-0.17716416716575623
581	0.3501036465167999	0.1729394793510437	-0.17716416716575623
582	0.3501036465167999	0.1729394793510437	-0.17716416716575623
583	0.3501036465167999	0.1729394793510437	-0.17716416716575623
584	0.3501036465167999	0.1729394793510437	-0.17716416716575623
585	0.3501036465167999	0.1729394793510437	-0.17716416716575623
586	0.3501036465167999	0.1729394793510437	-0.17716416716575623
587	0.3501036465167999	0.1729394793510437	-0.17716416716575623
588	0.3501036465167999	0.1729394793510437	-0.17716416716575623
589	0.3501036465167999	0.1729394793510437	-0.17716416716575623
590	0.3501036465167999	0.1729394793510437	-0.17716416716575623
591	0.3501036465167999	0.1729394793510437	-0.17716416716575623
592	0.3501036465167999	0.1729394793510437	-0.17716416716575623
593	0.3501036465167999	0.1729394793510437	-0.17716416716575623
594	0.3501036465167999	0.1729394793510437	-0.17716416716575623
595	0.3501036465167999	0.1729394793510437	-0.17716416716575623
596	0.3501036465167999	0.1729394793510437	-0.17716416716575623
597	0.3501036465167999	0.1729394793510437	-0.17716416716575623
598	0.3501036465167999	0.1729394793510437	-0.17716416716575623
599	0.3501036465167999	0.1729394793510437	-0.17716416716575623
600	0.3501036465167999	0.1729394793510437	-0.17716416716575623
601	0.3501036465167999	0.1729394793510437	-0.17716416716575623
602	0.3501036465167999	0.1729394793510437	-0.17716416716575623
603	0.3501036465167999	0.1729394793510437	-0.17716416716575623
604	0.3501036465167999	0.1729394793510437	-0.17716416716575623
605	0.3501036465167999	0.1729394793510437	-0.17716416716575623
606	0.3501036465167999	0.1729394793510437	-0.17716416716575623
607	0.3501036465167999	0.1729394793510437	-0.17716416716575623
608	0.3501036465167999	0.1729394793510437	-0.17716416716575623
609	0.3501036465167999	0.1729394793510437	-0.17716416716575623
610	0.3501036465167999	0.1729394793510437	-0.17716416716575623
611	0.3501036465167999	0.1729394793510437	-0.17716416716575623
612	0.3501036465167999	0.1729394793510437	-0.17716416716575623
613	0.3501036465167999	0.1729394793510437	-0.17716416716575623
614	0.3501036465167999	0.1729394793510437	-0.17716416716575623
615	0.3501036465167999	0.1729394793510437	-0.17716416716575623
616	0.3501036465167999	0.1729394793510437	-0.17716416716575623
617	0.3501036465167999	0.1729394793510437	-0.17716416716575623
618	0.3501036465167999	0.1729394793510437	-0.17716416716575623
619	0.3501036465167999	0.1729394793510437	-0.17716416716575623
620	0.3501036465167999	0.1729394793510437	-0.17716416716575623
621	0.3501036465167999	0.1729394793510437	-0.17716416716575623
622	0.3501036465167999	0.1729394793510437	-0.17716416716575623
623	0.3501036465167999	0.1729394793510437	-0.17716416716575623
624	0.3501036465167999	0.1729394793510437	-0.17716416716575623
625	0.3501036465167999	0.1729394793510437	-0.17716416716575623
626	0.3501036465167999	0.1729394793510437	-0.17716416716575623
627	0.3501036465167999	0.1729394793510437	-0.17716416716575623
628	0.3501036465167999	0.1729394793510437	-0.17716416716575623
629	0.3501036465167999	0.1729394793510437	-0.17716416716575623
630	0.3501036465167999	0.1729394793510437	-0.17716416716575623
631	0.3501036465167999	0.1729394793510437	-0.17716416716575623
632	0.3501036465167999	0.1729394793510437	-0.17716416716575623
633	0.3501036465167999	0.1729394793510437	-0.17716416716575623
634	0.3501036465167999	0.1729394793510437	-0.17716416716575623
635	0.3501036465167999	0.1729394793510437	-0.17716416716575623
636	0.3501036465167999	0.1729394793510437	-0.17716416716575623
637	0.3501036465167999	0.1729394793510437	-0.17716416716575623
638	0.3501036465167999	0.1729394793510437	-0.17716416716575623
639	0.3501036465167999	0.1729394793510437	-0.17716416716575623
640	0.3501036465167999	0.1729394793510437	-0.17716416716575623
641	0.3501036465167999	0.1729394793510437	-0.17716416716575623
642	0.3501036465167999	0.1729394793510437	-0.17716416716575623
643	0.3501036465167999	0.1729394793510437	-0.17716416716575623
644	0.3501036465167999	0.1729394793510437	-0.17716416716575623
645	0.3501036465167999	0.1729394793510437	-0.17716416716575623
646	0.3501036465167999	0.1729394793510437	-0.17716416716575623
647	0.3501036465167999	0.1729394793510437	-0.17716416716575623
648	0.3501036465167999	0.1729394793510437	-0.17716416716575623
649	0.3501036465167999	0.1729394793510437	-0.17716416716575623
650	0.3501036465167999	0.1729394793510437	-0.17716416716575623
651	0.3501036465167999	0.1729394793510437	-0.17716416716575623
652	0.3501036465167999	0.1729394793510437	-0.17716416716575623
653	0.3501036465167999	0.1729394793510437	-0.17716416716575623
654	0.3501036465167999	0.1729394793510437	-0.17716416716575623
655	0.3501036465167999	0.1729394793510437	-0.17716416716575623
656	0.3501036465167999	0.1729394793510437	-0.17716416716575623
657	0.3501036465167999	0.1729394793510437	-0.17716416716575623
658	0.3501036465167999	0.1729394793510437	-0.17716416716575623
659	0.3501036465167999	0.1729394793510437	-0.17716416716575623
660	0.3501036465167999	0.1729394793510437	-0.17716416716575623
661	0.3501036465167999	0.1729394793510437	-0.17716416716575623
662	0.3501036465167999	0.1729394793510437	-0.17716416716575623
663	0.3501036465167999	0.1729394793510437	-0.17716416716575623
664	0.3501036465167999	0.1729394793510437	-0.17716416716575623
665	0.3501036465167999	0.1729394793510437	-0.17716416716575623
666	0.3501036465167999	0.1729394793510437	-0.17716416716575623
667	0.3501036465167999	0.1729394793510437	-0.17716416716575623
668	0.3501036465167999	0.1729394793510437	-0.17716416716575623
669	0.3501036465167999	0.1729394793510437	-0.17716416716575623
670	0.3501036465167999	0.1729394793510437	-0.17716416716575623
671	0.3501036465167999	0.1729394793510437	-0.17716416716575623
672	0.3501036465167999	0.1729394793510437	-0.17716416716575623
673	0.3501036465167999	0.1729394793510437	-0.17716416716575623
674	0.3501036465167999	0.1729394793510437	-0.17716416716575623
675	0.3501036465167999	0.1729394793510437	-0.17716416716575623
676	0.3501036465167999	0.1729394793510437	-0.17716416716575623
677	0.3501036465167999	0.1729394793510437	-0.17716416716575623
678	0.3501036465167999	0.1729394793510437	-0.17716416716575623
679	0.3501036465167999	0.1729394793510437	-0.17716416716575623
680	0.3501036465167999	0.1729394793510437	-0.17716416716575623
681	0.3501036465167999	0.1729394793510437	-0.17716416716575623
682	0.3501036465167999	0.1729394793510437	-0.17716416716575623
683	0.3501036465167999	0.1729394793510437	-0.17716416716575623
684	0.3501036465167999	0.1729394793510437	-0.17716416716575623
685	0.3501036465167999	0.1729394793510437	-0.17716416716575623
686	0.3501036465167999	0.1729394793510437	-0.17716416716575623
687	0.3501036465167999	0.1729394793510437	-0.17716416716575623
688	0.3501036465167999	0.1729394793510437	-0.17716416716575623
689	0.3501036465167999	0.1729394793510437	-0.17716416716575623
690	0.3501036465167999	0.1729394793510437	-0.17716416716575623
691	0.3501036465167999	0.1729394793510437	-0.17716416716575623
692	0.3501036465167999	0.1729394793510437	-0.17716416716575623
693	0.3501036465167999	0.1729394793510437	-0.17716416716575623
694	0.3501036465167999	0.1729394793510437	-0.17716416716575623
695	0.3501036465167999	0.1729394793510437	-0.17716416716575623
696	0.3501036465167999	0.1729394793510437	-0.17716416716575623
697	0.3501036465167999	0.1729394793510437	-0.17716416716575623
698	0.3501036465167999	0.1729394793510437	-0.17716416716575623
699	0.3501036465167999	0.1729394793510437	-0.17716416716575623
700	0.3501036465167999	0.1729394793510437	-0.17716416716575623
701	0.3501036465167999	0.1729394793510437	-0.17716416716575623
702	0.3501036465167999	0.1729394793510437	-0.17716416716575623
703	0.3501036465167999	0.1729394793510437	-0.17716416716575623
704	0.3501036465167999	0.1729394793510437	-0.17716416716575623
705	0.3501036465167999	0.1729394793510437	-0.17716416716575623
706	0.3501036465167999	0.1729394793510437	-0.17716416716575623
707	0.3501036465167999	0.1729394793510437	-0.17716416716575623
708	0.3501036465167999	0.1729394793510437	-0.17716416716575623
709	0.3501036465167999	0.1729394793510437	-0.17716416716575623
710	0.3501036465167999	0.1729394793510437	-0.17716416716575623
711	0.3501036465167999	0.1729394793510437	-0.17716416716575623
712	0.3501036465167999	0.1729394793510437	-0.17716416716575623
713	0.3501036465167999	0.1729394793510437	-0.17716416716575623
714	0.3501036465167999	0.1729394793510437	-0.17716416716575623
715	0.3501036465167999	0.1729394793510437	-0.17716416716575623
716	0.3501036465167999	0.1729394793510437	-0.17716416716575623
717	0.3501036465167999	0.1729394793510437	-0.17716416716575623
718	0.3501036465167999	0.1729394793510437	-0.17716416716575623
719	0.3501036465167999	0.1729394793510437	-0.17716416716575623
720	0.3501036465167999	0.1729394793510437	-0.17716416716575623
721	0.3501036465167999	0.1729394793510437	-0.17716416716575623
722	0.3501036465167999	0.1729394793510437	-0.17716416716575623
723	0.3501036465167999	0.1729394793510437	-0.17716416716575623
724	0.3501036465167999	0.1729394793510437	-0.17716416716575623
725	0.3501036465167999	0.1729394793510437	-0.17716416716575623
726	0.3501036465167999	0.1729394793510437	-0.17716416716575623
727	0.3501036465167999	0.1729394793510437	-0.17716416716575623
728	0.3501036465167999	0.1729394793510437	-0.17716416716575623
729	0.3501036465167999	0.1729394793510437	-0.17716416716575623
730	0.3501036465167999	0.1729394793510437	-0.17716416716575623
731	0.3501036465167999	0.1729394793510437	-0.17716416716575623
732	0.3501036465167999	0.1729394793510437	-0.17716416716575623
733	0.3501036465167999	0.1729394793510437	-0.17716416716575623
734	0.3501036465167999	0.1729394793510437	-0.17716416716575623
735	0.3501036465167999	0.1729394793510437	-0.17716416716575623
736	0.3501036465167999	0.1729394793510437	-0.17716416716575623
737	0.3501036465167999	0.1729394793510437	-0.17716416716575623
738	0.3501036465167999	0.1729394793510437	-0.17716416716575623
739	0.3501036465167999	0.1729394793510437	-0.17716416716575623
740	0.3501036465167999	0.1729394793510437	-0.17716416716575623
741	0.3501036465167999	0.1729394793510437	-0.17716416716575623
742	0.3501036465167999	0.1729394793510437	-0.17716416716575623
743	0.3501036465167999	0.1729394793510437	-0.17716416716575623
744	0.3501036465167999	0.1729394793510437	-0.17716416716575623
745	0.3501036465167999	0.1729394793510437	-0.17716416716575623
746	0.3501036465167999	0.1729394793510437	-0.17716416716575623
747	0.3501036465167999	0.1729394793510437	-0.17716416716575623
748	0.3501036465167999	0.1729394793510437	-0.17716416716575623
749	0.3501036465167999	0.1729394793510437	-0.17716416716575623
750	0.3501036465167999	0.1729394793510437	-0.17716416716575623
751	0.3501036465167999	0.1729394793510437	-0.17716416716575623
752	0.3501036465167999	0.1729394793510437	-0.17716416716575623
753	0.3501036465167999	0.1729394793510437	-0.17716416716575623
754	0.3501036465167999	0.1729394793510437	-0.17716416716575623
755	0.3501036465167999	0.1729394793510437	-0.17716416716575623
756	0.3501036465167999	0.1729394793510437	-0.17716416716575623
757	0.3501036465167999	0.1729394793510437	-0.17716416716575623
758	0.3501036465167999	0.1729394793510437	-0.17716416716575623
759	0.3501036465167999	0.1729394793510437	-0.17716416716575623
760	0.3501036465167999	0.1729394793510437	-0.17716416716575623
761	0.3501036465167999	0.1729394793510437	-0.17716416716575623
762	0.3501036465167999	0.1729394793510437	-0.17716416716575623
763	0.3501036465167999	0.1729394793510437	-0.17716416716575623
764	0.3501036465167999	0.1729394793510437	-0.17716416716575623
765	0.3501036465167999	0.1729394793510437	-0.17716416716575623
766	0.3501036465167999	0.1729394793510437	-0.17716416716575623
767	0.3501036465167999	0.1729394793510437	-0.17716416716575623
768	0.3501036465167999	0.1729394793510437	-0.17716416716575623
769	0.3501036465167999	0.1729394793510437	-0.17716416716575623
770	0.3501036465167999	0.1729394793510437	-0.17716416716575623
771	0.3501036465167999	0.1729394793510437	-0.17716416716575623
772	0.3501036465167999	0.1729394793510437	-0.17716416716575623
773	0.3501036465167999	0.1729394793510437	-0.17716416716575623
774	0.3501036465167999	0.1729394793510437	-0.17716416716575623
775	0.3501036465167999	0.1729394793510437	-0.17716416716575623
776	0.3501036465167999	0.1729394793510437	-0.17716416716575623
777	0.3501036465167999	0.1729394793510437	-0.17716416716575623
778	0.3501036465167999	0.1729394793510437	-0.17716416716575623
779	0.3501036465167999	0.1729394793510437	-0.17716416716575623
780	0.3501036465167999	0.1729394793510437	-0.17716416716575623
781	0.3501036465167999	0.1729394793510437	-0.17716416716575623
782	0.3501036465167999	0.1729394793510437	-0.17716416716575623
783	0.3501036465167999	0.1729394793510437	-0.17716416716575623
784	0.3501036465167999	0.1729394793510437	-0.17716416716575623
785	0.3501036465167999	0.1729394793510437	-0.17716416716575623
786	0.3501036465167999	0.1729394793510437	-0.17716416716575623
787	0.3501036465167999	0.1729394793510437	-0.17716416716575623
788	0.3501036465167999	0.1729394793510437	-0.17716416716575623
789	0.3501036465167999	0.1729394793510437	-0.17716416716575623
790	0.3501036465167999	0.1729394793510437	-0.17716416716575623
791	0.3501036465167999	0.1729394793510437	-0.17716416716575623
792	0.3501036465167999	0.1729394793510437	-0.17716416716575623
793	0.3501036465167999	0.1729394793510437	-0.17716416716575623
794	0.3501036465167999	0.1729394793510437	-0.17716416716575623
795	0.3501036465167999	0.1729394793510437	-0.17716416716575623
796	0.3501036465167999	0.1729394793510437	-0.17716416716575623
797	0.3501036465167999	0.1729394793510437	-0.17716416716575623
798	0.3501036465167999	0.1729394793510437	-0.17716416716575623
799	0.3501036465167999	0.1729394793510437	-0.17716416716575623
800	0.3501036465167999	0.1729394793510437	-0.17716416716575623
801	0.3501036465167999	0.1729394793510437	-0.17716416716575623
802	0.3501036465167999	0.1729394793510437	-0.17716416716575623
803	0.3501036465167999	0.1729394793510437	-0.17716416716575623
804	0.3501036465167999	0.1729394793510437	-0.17716416716575623
805	0.3501036465167999	0.1729394793510437	-0.17716416716575623
806	0.3501036465167999	0.1729394793510437	-0.17716416716575623
807	0.3501036465167999	0.1729394793510437	-0.17716416716575623
808	0.3501036465167999	0.1729394793510437	-0.17716416716575623
809	0.3501036465167999	0.1729394793510437	-0.17716416716575623
810	0.3501036465167999	0.1729394793510437	-0.17716416716575623
811	0.3501036465167999	0.1729394793510437	-0.17716416716575623
812	0.3501036465167999	0.1729394793510437	-0.17716416716575623
813	0.3501036465167999	0.1729394793510437	-0.17716416716575623
814	0.3501036465167999	0.1729394793510437	-0.17716416716575623
815	0.3501036465167999	0.1729394793510437	-0.17716416716575623
816	0.3501036465167999	0.1729394793510437	-0.17716416716575623
817	0.3501036465167999	0.1729394793510437	-0.17716416716575623
818	0.3501036465167999	0.1729394793510437	-0.17716416716575623
819	0.3501036465167999	0.1729394793510437	-0.17716416716575623
820	0.3501036465167999	0.1729394793510437	-0.17716416716575623
821	0.3501036465167999	0.1729394793510437	-0.17716416716575623
822	0.3501036465167999	0.1729394793510437	-0.17716416716575623
823	0.3501036465167999	0.1729394793510437	-0.17716416716575623
824	0.3501036465167999	0.1729394793510437	-0.17716416716575623
825	0.3501036465167999	0.1729394793510437	-0.17716416716575623
826	0.3501036465167999	0.1729394793510437	-0.17716416716575623
827	0.3501036465167999	0.1729394793510437	-0.17716416716575623
828	0.3501036465167999	0.1729394793510437	-0.17716416716575623
829	0.3501036465167999	0.1729394793510437	-0.17716416716575623
830	0.3501036465167999	0.1729394793510437	-0.17716416716575623
831	0.3501036465167999	0.1729394793510437	-0.17716416716575623
832	0.3501036465167999	0.1729394793510437	-0.17716416716575623
833	0.3501036465167999	0.1729394793510437	-0.17716416716575623
834	0.3501036465167999	0.1729394793510437	-0.17716416716575623
835	0.3501036465167999	0.1729394793510437	-0.17716416716575623
836	0.3501036465167999	0.1729394793510437	-0.17716416716575623
837	0.3501036465167999	0.1729394793510437	-0.17716416716575623
838	0.3501036465167999	0.1729394793510437	-0.17716416716575623
839	0.3501036465167999	0.1729394793510437	-0.17716416716575623
840	0.3501036465167999	0.1729394793510437	-0.17716416716575623
841	0.3501036465167999	0.1729394793510437	-0.17716416716575623
842	0.3501036465167999	0.1729394793510437	-0.17716416716575623
843	0.3501036465167999	0.1729394793510437	-0.17716416716575623
844	0.3501036465167999	0.1729394793510437	-0.17716416716575623
845	0.3501036465167999	0.1729394793510437	-0.17716416716575623
846	0.3501036465167999	0.1729394793510437	-0.17716416716575623
847	0.3501036465167999	0.1729394793510437	-0.17716416716575623
848	0.3501036465167999	0.1729394793510437	-0.17716416716575623
849	0.3501036465167999	0.1729394793510437	-0.17716416716575623
850	0.3501036465167999	0.1729394793510437	-0.17716416716575623
851	0.3501036465167999	0.1729394793510437	-0.17716416716575623
852	0.3501036465167999	0.1729394793510437	-0.17716416716575623
853	0.3501036465167999	0.1729394793510437	-0.17716416716575623
854	0.3501036465167999	0.1729394793510437	-0.17716416716575623
855	0.3501036465167999	0.1729394793510437	-0.17716416716575623
856	0.3501036465167999	0.1729394793510437	-0.17716416716575623
857	0.3501036465167999	0.1729394793510437	-0.17716416716575623
858	0.3501036465167999	0.1729394793510437	-0.17716416716575623
859	0.3501036465167999	0.1729394793510437	-0.17716416716575623
860	0.3501036465167999	0.1729394793510437	-0.17716416716575623
861	0.3501036465167999	0.1729394793510437	-0.17716416716575623
862	0.3501036465167999	0.1729394793510437	-0.17716416716575623
863	0.3501036465167999	0.1729394793510437	-0.17716416716575623
864	0.3501036465167999	0.1729394793510437	-0.17716416716575623
865	0.3501036465167999	0.1729394793510437	-0.17716416716575623
866	0.3501036465167999	0.1729394793510437	-0.17716416716575623
867	0.3501036465167999	0.1729394793510437	-0.17716416716575623
868	0.3501036465167999	0.1729394793510437	-0.17716416716575623
869	0.3501036465167999	0.1729394793510437	-0.17716416716575623
870	0.3501036465167999	0.1729394793510437	-0.17716416716575623
871	0.3501036465167999	0.1729394793510437	-0.17716416716575623
872	0.3501036465167999	0.1729394793510437	-0.17716416716575623
873	0.3501036465167999	0.1729394793510437	-0.17716416716575623
874	0.3501036465167999	0.1729394793510437	-0.17716416716575623
875	0.3501036465167999	0.1729394793510437	-0.17716416716575623
876	0.3501036465167999	0.1729394793510437	-0.17716416716575623
877	0.3501036465167999	0.1729394793510437	-0.17716416716575623
878	0.3501036465167999	0.1729394793510437	-0.17716416716575623
879	0.3501036465167999	0.1729394793510437	-0.17716416716575623
880	0.3501036465167999	0.1729394793510437	-0.17716416716575623
881	0.3501036465167999	0.1729394793510437	-0.17716416716575623
882	0.3501036465167999	0.1729394793510437	-0.17716416716575623
883	0.3501036465167999	0.1729394793510437	-0.17716416716575623
884	0.3501036465167999	0.1729394793510437	-0.17716416716575623
885	0.3501036465167999	0.1729394793510437	-0.17716416716575623
886	0.3501036465167999	0.1729394793510437	-0.17716416716575623
887	0.3501036465167999	0.1729394793510437	-0.17716416716575623
888	0.3501036465167999	0.1729394793510437	-0.17716416716575623
889	0.3501036465167999	0.1729394793510437	-0.17716416716575623
890	0.3501036465167999	0.1729394793510437	-0.17716416716575623
891	0.3501036465167999	0.1729394793510437	-0.17716416716575623
892	0.3501036465167999	0.1729394793510437	-0.17716416716575623
893	0.3501036465167999	0.1729394793510437	-0.17716416716575623
894	0.3501036465167999	0.1729394793510437	-0.17716416716575623
895	0.3501036465167999	0.1729394793510437	-0.17716416716575623
896	0.3501036465167999	0.1729394793510437	-0.17716416716575623
897	0.3501036465167999	0.1729394793510437	-0.17716416716575623
898	0.3501036465167999	0.1729394793510437	-0.17716416716575623
899	0.3501036465167999	0.1729394793510437	-0.17716416716575623
900	0.3501036465167999	0.1729394793510437	-0.17716416716575623
901	0.3501036465167999	0.1729394793510437	-0.17716416716575623
902	0.3501036465167999	0.1729394793510437	-0.17716416716575623
903	0.3501036465167999	0.1729394793510437	-0.17716416716575623
904	0.3501036465167999	0.1729394793510437	-0.17716416716575623
905	0.3501036465167999	0.1729394793510437	-0.17716416716575623
906	0.3501036465167999	0.1729394793510437	-0.17716416716575623
907	0.3501036465167999	0.1729394793510437	-0.17716416716575623
908	0.3501036465167999	0.1729394793510437	-0.17716416716575623
909	0.3501036465167999	0.1729394793510437	-0.17716416716575623
910	0.3501036465167999	0.1729394793510437	-0.17716416716575623
911	0.3501036465167999	0.1729394793510437	-0.17716416716575623
912	0.3501036465167999	0.1729394793510437	-0.17716416716575623
913	0.3501036465167999	0.1729394793510437	-0.17716416716575623
914	0.3501036465167999	0.1729394793510437	-0.17716416716575623
915	0.3501036465167999	0.1729394793510437	-0.17716416716575623
916	0.3501036465167999	0.1729394793510437	-0.17716416716575623
917	0.3501036465167999	0.1729394793510437	-0.17716416716575623
918	0.3501036465167999	0.1729394793510437	-0.17716416716575623
919	0.3501036465167999	0.1729394793510437	-0.17716416716575623
920	0.3501036465167999	0.1729394793510437	-0.17716416716575623
921	0.3501036465167999	0.1729394793510437	-0.17716416716575623
922	0.3501036465167999	0.1729394793510437	-0.17716416716575623
923	0.3501036465167999	0.1729394793510437	-0.17716416716575623
924	0.3501036465167999	0.1729394793510437	-0.17716416716575623
925	0.3501036465167999	0.1729394793510437	-0.17716416716575623
926	0.3501036465167999	0.1729394793510437	-0.17716416716575623
927	0.3501036465167999	0.1729394793510437	-0.17716416716575623
928	0.3501036465167999	0.1729394793510437	-0.17716416716575623
929	0.3501036465167999	0.1729394793510437	-0.17716416716575623
930	0.3501036465167999	0.1729394793510437	-0.17716416716575623
931	0.3501036465167999	0.1729394793510437	-0.17716416716575623
932	0.3501036465167999	0.1729394793510437	-0.17716416716575623
933	0.3501036465167999	0.1729394793510437	-0.17716416716575623
934	0.3501036465167999	0.1729394793510437	-0.17716416716575623
935	0.3501036465167999	0.1729394793510437	-0.17716416716575623
936	0.3501036465167999	0.1729394793510437	-0.17716416716575623
937	0.3501036465167999	0.1729394793510437	-0.17716416716575623
938	0.3501036465167999	0.1729394793510437	-0.17716416716575623
939	0.3501036465167999	0.1729394793510437	-0.17716416716575623
940	0.3501036465167999	0.1729394793510437	-0.17716416716575623
941	0.3501036465167999	0.1729394793510437	-0.17716416716575623
942	0.3501036465167999	0.1729394793510437	-0.17716416716575623
943	0.3501036465167999	0.1729394793510437	-0.17716416716575623
944	0.3501036465167999	0.1729394793510437	-0.17716416716575623
945	0.3501036465167999	0.1729394793510437	-0.17716416716575623
946	0.3501036465167999	0.1729394793510437	-0.17716416716575623
947	0.3501036465167999	0.1729394793510437	-0.17716416716575623
948	0.3501036465167999	0.1729394793510437	-0.17716416716575623
949	0.3501036465167999	0.1729394793510437	-0.17716416716575623
950	0.3501036465167999	0.1729394793510437	-0.17716416716575623
951	0.3501036465167999	0.1729394793510437	-0.17716416716575623
952	0.3501036465167999	0.1729394793510437	-0.17716416716575623
953	0.3501036465167999	0.1729394793510437	-0.17716416716575623
954	0.3501036465167999	0.1729394793510437	-0.17716416716575623
955	0.3501036465167999	0.1729394793510437	-0.17716416716575623
956	0.3501036465167999	0.1729394793510437	-0.17716416716575623
957	0.3501036465167999	0.1729394793510437	-0.17716416716575623
958	0.3501036465167999	0.1729394793510437	-0.17716416716575623
959	0.3501036465167999	0.1729394793510437	-0.17716416716575623
960	0.3501036465167999	0.1729394793510437	-0.17716416716575623
961	0.3501036465167999	0.1729394793510437	-0.17716416716575623
962	0.3501036465167999	0.1729394793510437	-0.17716416716575623
963	0.3501036465167999	0.1729394793510437	-0.17716416716575623
964	0.3501036465167999	0.1729394793510437	-0.17716416716575623
965	0.3501036465167999	0.1729394793510437	-0.17716416716575623
966	0.3501036465167999	0.1729394793510437	-0.17716416716575623
967	0.3501036465167999	0.1729394793510437	-0.17716416716575623
968	0.3501036465167999	0.1729394793510437	-0.17716416716575623
969	0.3501036465167999	0.1729394793510437	-0.17716416716575623
970	0.3501036465167999	0.1729394793510437	-0.17716416716575623
971	0.3501036465167999	0.1729394793510437	-0.17716416716575623
972	0.3501036465167999	0.1729394793510437	-0.17716416716575623
973	0.3501036465167999	0.1729394793510437	-0.17716416716575623
974	0.3501036465167999	0.1729394793510437	-0.17716416716575623
975	0.3501036465167999	0.1729394793510437	-0.17716416716575623
976	0.3501036465167999	0.1729394793510437	-0.17716416716575623
977	0.3501036465167999	0.1729394793510437	-0.17716416716575623
978	0.3501036465167999	0.1729394793510437	-0.17716416716575623
979	0.3501036465167999	0.1729394793510437	-0.17716416716575623
980	0.3501036465167999	0.1729394793510437	-0.17716416716575623
981	0.3501036465167999	0.1729394793510437	-0.17716416716575623
982	0.3501036465167999	0.1729394793510437	-0.17716416716575623
983	0.3501036465167999	0.1729394793510437	-0.17716416716575623
984	0.3501036465167999	0.1729394793510437	-0.17716416716575623
985	0.3501036465167999	0.1729394793510437	-0.17716416716575623
986	0.3501036465167999	0.1729394793510437	-0.17716416716575623
987	0.3501036465167999	0.1729394793510437	-0.17716416716575623
988	0.3501036465167999	0.1729394793510437	-0.17716416716575623
989	0.3501036465167999	0.1729394793510437	-0.17716416716575623
990	0.3501036465167999	0.1729394793510437	-0.17716416716575623
991	0.3501036465167999	0.1729394793510437	-0.17716416716575623
992	0.3501036465167999	0.1729394793510437	-0.17716416716575623
993	0.3501036465167999	0.1729394793510437	-0.17716416716575623
994	0.3501036465167999	0.1729394793510437	-0.17716416716575623
995	0.3501036465167999	0.1729394793510437	-0.17716416716575623
996	0.3501036465167999	0.1729394793510437	-0.17716416716575623
997	0.3501036465167999	0.1729394793510437	-0.17716416716575623
998	0.3501036465167999	0.1729394793510437	-0.17716416716575623
999	0.3501036465167999	0.1729394793510437	-0.17716416716575623
1000	0.3501036465167999	0.1729394793510437	-0.17716416716575623
1001	0.3501036465167999	0.1729394793510437	-0.17716416716575623
1002	0.3501036465167999	0.1729394793510437	-0.17716416716575623
1003	0.3501036465167999	0.1729394793510437	-0.17716416716575623
1004	0.3501036465167999	0.1729394793510437	-0.17716416716575623
1005	0.3501036465167999	0.1729394793510437	-0.17716416716575623
1006	0.3501036465167999	0.1729394793510437	-0.17716416716575623
1007	0.3501036465167999	0.1729394793510437	-0.17716416716575623
1008	0.3501036465167999	0.1729394793510437	-0.17716416716575623
1009	0.3501036465167999	0.1729394793510437	-0.17716416716575623
1010	0.3501036465167999	0.1729394793510437	-0.17716416716575623
1011	0.3501036465167999	0.1729394793510437	-0.17716416716575623
1012	0.3501036465167999	0.1729394793510437	-0.17716416716575623
1013	0.3501036465167999	0.1729394793510437	-0.17716416716575623
1014	0.3501036465167999	0.1729394793510437	-0.17716416716575623
1015	0.3501036465167999	0.1729394793510437	-0.17716416716575623
1016	0.3501036465167999	0.1729394793510437	-0.17716416716575623
1017	0.3501036465167999	0.1729394793510437	-0.17716416716575623
1018	0.3501036465167999	0.1729394793510437	-0.17716416716575623
1019	0.3501036465167999	0.1729394793510437	-0.17716416716575623
1020	0.3501036465167999	0.1729394793510437	-0.17716416716575623
1021	0.3501036465167999	0.1729394793510437	-0.17716416716575623
1022	0.3501036465167999	0.1729394793510437	-0.17716416716575623
1023	0.3501036465167999	0.1729394793510437	-0.17716416716575623
1024	0.3501036465167999	0.1729394793510437	-0.17716416716575623
1025	0.3501036465167999	0.1729394793510437	-0.17716416716575623
1026	0.3501036465167999	0.1729394793510437	-0.17716416716575623
1027	0.3501036465167999	0.1729394793510437	-0.17716416716575623
1028	0.3501036465167999	0.1729394793510437	-0.17716416716575623
1029	0.3501036465167999	0.1729394793510437	-0.17716416716575623
1030	0.3501036465167999	0.1729394793510437	-0.17716416716575623
1031	0.3501036465167999	0.1729394793510437	-0.17716416716575623
1032	0.3501036465167999	0.1729394793510437	-0.17716416716575623
1033	0.3501036465167999	0.1729394793510437	-0.17716416716575623
1034	0.3501036465167999	0.1729394793510437	-0.17716416716575623
1035	0.3501036465167999	0.1729394793510437	-0.17716416716575623
1036	0.3501036465167999	0.1729394793510437	-0.17716416716575623
1037	0.3501036465167999	0.1729394793510437	-0.17716416716575623
1038	0.3501036465167999	0.1729394793510437	-0.17716416716575623
1039	0.3501036465167999	0.1729394793510437	-0.17716416716575623
1040	0.3501036465167999	0.1729394793510437	-0.17716416716575623
1041	0.3501036465167999	0.1729394793510437	-0.17716416716575623
1042	0.3501036465167999	0.1729394793510437	-0.17716416716575623
1043	0.3501036465167999	0.1729394793510437	-0.17716416716575623
1044	0.3501036465167999	0.1729394793510437	-0.17716416716575623
1045	0.3501036465167999	0.1729394793510437	-0.17716416716575623
1046	0.3501036465167999	0.1729394793510437	-0.17716416716575623
1047	0.3501036465167999	0.1729394793510437	-0.17716416716575623
1048	0.3501036465167999	0.1729394793510437	-0.17716416716575623
1049	0.3501036465167999	0.1729394793510437	-0.17716416716575623
1050	0.3501036465167999	0.1729394793510437	-0.17716416716575623
1051	0.3501036465167999	0.1729394793510437	-0.17716416716575623
1052	0.3501036465167999	0.1729394793510437	-0.17716416716575623
1053	0.3501036465167999	0.1729394793510437	-0.17716416716575623
1054	0.3501036465167999	0.1729394793510437	-0.17716416716575623
1055	0.3501036465167999	0.1729394793510437	-0.17716416716575623
1056	0.3501036465167999	0.1729394793510437	-0.17716416716575623
1057	0.3501036465167999	0.1729394793510437	-0.17716416716575623
1058	0.3501036465167999	0.1729394793510437	-0.17716416716575623
1059	0.3501036465167999	0.1729394793510437	-0.17716416716575623
1060	0.3501036465167999	0.1729394793510437	-0.17716416716575623
1061	0.3501036465167999	0.1729394793510437	-0.17716416716575623
1062	0.3501036465167999	0.1729394793510437	-0.17716416716575623
1063	0.3501036465167999	0.1729394793510437	-0.17716416716575623
1064	0.3501036465167999	0.1729394793510437	-0.17716416716575623
1065	0.3501036465167999	0.1729394793510437	-0.17716416716575623
1066	0.3501036465167999	0.1729394793510437	-0.17716416716575623
1067	0.3501036465167999	0.1729394793510437	-0.17716416716575623
1068	0.3501036465167999	0.1729394793510437	-0.17716416716575623
1069	0.3501036465167999	0.1729394793510437	-0.17716416716575623
1070	0.3501036465167999	0.1729394793510437	-0.17716416716575623
1071	0.3501036465167999	0.1729394793510437	-0.17716416716575623
1072	0.3501036465167999	0.1729394793510437	-0.17716416716575623
1073	0.3501036465167999	0.1729394793510437	-0.17716416716575623
1074	0.3501036465167999	0.1729394793510437	-0.17716416716575623
1075	0.3501036465167999	0.1729394793510437	-0.17716416716575623
1076	0.3501036465167999	0.1729394793510437	-0.17716416716575623
1077	0.3501036465167999	0.1729394793510437	-0.17716416716575623
1078	0.3501036465167999	0.1729394793510437	-0.17716416716575623
1079	0.3501036465167999	0.1729394793510437	-0.17716416716575623
1080	0.3501036465167999	0.1729394793510437	-0.17716416716575623
1081	0.3501036465167999	0.1729394793510437	-0.17716416716575623
1082	0.3501036465167999	0.1729394793510437	-0.17716416716575623
1083	0.3501036465167999	0.1729394793510437	-0.17716416716575623
1084	0.3501036465167999	0.1729394793510437	-0.17716416716575623
1085	0.3501036465167999	0.1729394793510437	-0.17716416716575623
1086	0.3501036465167999	0.1729394793510437	-0.17716416716575623
1087	0.3501036465167999	0.1729394793510437	-0.17716416716575623
1088	0.3501036465167999	0.1729394793510437	-0.17716416716575623
1089	0.3501036465167999	0.1729394793510437	-0.17716416716575623
1090	0.3501036465167999	0.1729394793510437	-0.17716416716575623
1091	0.3501036465167999	0.1729394793510437	-0.17716416716575623
1092	0.3501036465167999	0.1729394793510437	-0.17716416716575623
1093	0.3501036465167999	0.1729394793510437	-0.17716416716575623
1094	0.3501036465167999	0.1729394793510437	-0.17716416716575623
1095	0.3501036465167999	0.1729394793510437	-0.17716416716575623
1096	0.3501036465167999	0.1729394793510437	-0.17716416716575623
1097	0.3501036465167999	0.1729394793510437	-0.17716416716575623
1098	0.3501036465167999	0.1729394793510437	-0.17716416716575623
1099	0.3501036465167999	0.1729394793510437	-0.17716416716575623
1100	0.3501036465167999	0.1729394793510437	-0.17716416716575623
1101	0.3501036465167999	0.1729394793510437	-0.17716416716575623
1102	0.3501036465167999	0.1729394793510437	-0.17716416716575623
1103	0.3501036465167999	0.1729394793510437	-0.17716416716575623
1104	0.3501036465167999	0.1729394793510437	-0.17716416716575623
1105	0.3501036465167999	0.1729394793510437	-0.17716416716575623
1106	0.3501036465167999	0.1729394793510437	-0.17716416716575623
1107	0.3501036465167999	0.1729394793510437	-0.17716416716575623
1108	0.3501036465167999	0.1729394793510437	-0.17716416716575623
1109	0.3501036465167999	0.1729394793510437	-0.17716416716575623
1110	0.3501036465167999	0.1729394793510437	-0.17716416716575623
1111	0.3501036465167999	0.1729394793510437	-0.17716416716575623
1112	0.3501036465167999	0.1729394793510437	-0.17716416716575623
1113	0.3501036465167999	0.1729394793510437	-0.17716416716575623
1114	0.3501036465167999	0.1729394793510437	-0.17716416716575623
1115	0.3501036465167999	0.1729394793510437	-0.17716416716575623
1116	0.3501036465167999	0.1729394793510437	-0.17716416716575623
1117	0.3501036465167999	0.1729394793510437	-0.17716416716575623
1118	0.3501036465167999	0.1729394793510437	-0.17716416716575623
1119	0.3501036465167999	0.1729394793510437	-0.17716416716575623
1120	0.3501036465167999	0.1729394793510437	-0.17716416716575623
1121	0.3501036465167999	0.1729394793510437	-0.17716416716575623
1122	0.3501036465167999	0.1729394793510437	-0.17716416716575623
1123	0.3501036465167999	0.1729394793510437	-0.17716416716575623
1124	0.3501036465167999	0.1729394793510437	-0.17716416716575623
1125	0.3501036465167999	0.1729394793510437	-0.17716416716575623
1126	0.3501036465167999	0.1729394793510437	-0.17716416716575623
1127	0.3501036465167999	0.1729394793510437	-0.17716416716575623
1128	0.3501036465167999	0.1729394793510437	-0.17716416716575623
1129	0.3501036465167999	0.1729394793510437	-0.17716416716575623
1130	0.3501036465167999	0.1729394793510437	-0.17716416716575623
1131	0.3501036465167999	0.1729394793510437	-0.17716416716575623
1132	0.3501036465167999	0.1729394793510437	-0.17716416716575623
1133	0.3501036465167999	0.1729394793510437	-0.17716416716575623
1134	0.3501036465167999	0.1729394793510437	-0.17716416716575623
1135	0.3501036465167999	0.1729394793510437	-0.17716416716575623
1136	0.3501036465167999	0.1729394793510437	-0.17716416716575623
1137	0.3501036465167999	0.1729394793510437	-0.17716416716575623
1138	0.3501036465167999	0.1729394793510437	-0.17716416716575623
1139	0.3501036465167999	0.1729394793510437	-0.17716416716575623
1140	0.3501036465167999	0.1729394793510437	-0.17716416716575623
1141	0.3501036465167999	0.1729394793510437	-0.17716416716575623
1142	0.3501036465167999	0.1729394793510437	-0.17716416716575623
1143	0.3501036465167999	0.1729394793510437	-0.17716416716575623
1144	0.3501036465167999	0.1729394793510437	-0.17716416716575623
1145	0.3501036465167999	0.1729394793510437	-0.17716416716575623
1146	0.3501036465167999	0.1729394793510437	-0.17716416716575623
1147	0.3501036465167999	0.1729394793510437	-0.17716416716575623
1148	0.3501036465167999	0.1729394793510437	-0.17716416716575623
1149	0.3501036465167999	0.1729394793510437	-0.17716416716575623
1150	0.3501036465167999	0.1729394793510437	-0.17716416716575623
1151	0.3501036465167999	0.1729394793510437	-0.17716416716575623
1152	0.3501036465167999	0.1729394793510437	-0.17716416716575623
1153	0.3501036465167999	0.1729394793510437	-0.17716416716575623
1154	0.3501036465167999	0.1729394793510437	-0.17716416716575623
1155	0.3501036465167999	0.1729394793510437	-0.17716416716575623
1156	0.3501036465167999	0.1729394793510437	-0.17716416716575623
1157	0.3501036465167999	0.1729394793510437	-0.17716416716575623
1158	0.3501036465167999	0.1729394793510437	-0.17716416716575623
1159	0.3501036465167999	0.1729394793510437	-0.17716416716575623
1160	0.3501036465167999	0.1729394793510437	-0.17716416716575623
1161	0.3501036465167999	0.1729394793510437	-0.17716416716575623
1162	0.3501036465167999	0.1729394793510437	-0.17716416716575623
1163	0.3501036465167999	0.1729394793510437	-0.17716416716575623
1164	0.3501036465167999	0.1729394793510437	-0.17716416716575623
1165	0.3501036465167999	0.1729394793510437	-0.17716416716575623
1166	0.3501036465167999	0.1729394793510437	-0.17716416716575623
1167	0.3501036465167999	0.1729394793510437	-0.17716416716575623
1168	0.3501036465167999	0.1729394793510437	-0.17716416716575623
1169	0.3501036465167999	0.1729394793510437	-0.17716416716575623
1170	0.3501036465167999	0.1729394793510437	-0.17716416716575623
1171	0.3501036465167999	0.1729394793510437	-0.17716416716575623
1172	0.3501036465167999	0.1729394793510437	-0.17716416716575623
1173	0.3501036465167999	0.1729394793510437	-0.17716416716575623
1174	0.3501036465167999	0.1729394793510437	-0.17716416716575623
1175	0.3501036465167999	0.1729394793510437	-0.17716416716575623
1176	0.3501036465167999	0.1729394793510437	-0.17716416716575623
1177	0.3501036465167999	0.1729394793510437	-0.17716416716575623
1178	0.3501036465167999	0.1729394793510437	-0.17716416716575623
1179	0.3501036465167999	0.1729394793510437	-0.17716416716575623
1180	0.3501036465167999	0.1729394793510437	-0.17716416716575623
1181	0.3501036465167999	0.1729394793510437	-0.17716416716575623
1182	0.3501036465167999	0.1729394793510437	-0.17716416716575623
1183	0.3501036465167999	0.1729394793510437	-0.17716416716575623
1184	0.3501036465167999	0.1729394793510437	-0.17716416716575623
1185	0.3501036465167999	0.1729394793510437	-0.17716416716575623
1186	0.3501036465167999	0.1729394793510437	-0.17716416716575623
1187	0.3501036465167999	0.1729394793510437	-0.17716416716575623
1188	0.3501036465167999	0.1729394793510437	-0.17716416716575623
1189	0.3501036465167999	0.1729394793510437	-0.17716416716575623
1190	0.3501036465167999	0.1729394793510437	-0.17716416716575623
1191	0.3501036465167999	0.1729394793510437	-0.17716416716575623
1192	0.3501036465167999	0.1729394793510437	-0.17716416716575623
1193	0.3501036465167999	0.1729394793510437	-0.17716416716575623
1194	0.3501036465167999	0.1729394793510437	-0.17716416716575623
1195	0.3501036465167999	0.1729394793510437	-0.17716416716575623
1196	0.3501036465167999	0.1729394793510437	-0.17716416716575623
1197	0.3501036465167999	0.1729394793510437	-0.17716416716575623
1198	0.3501036465167999	0.1729394793510437	-0.17716416716575623
1199	0.3501036465167999	0.1729394793510437	-0.17716416716575623
1200	0.3501036465167999	0.1729394793510437	-0.17716416716575623
1201	0.3501036465167999	0.1729394793510437	-0.17716416716575623
1202	0.3501036465167999	0.1729394793510437	-0.17716416716575623
1203	0.3501036465167999	0.1729394793510437	-0.17716416716575623
1204	0.3501036465167999	0.1729394793510437	-0.17716416716575623
1205	0.3501036465167999	0.1729394793510437	-0.17716416716575623
1206	0.3501036465167999	0.1729394793510437	-0.17716416716575623
1207	0.3501036465167999	0.1729394793510437	-0.17716416716575623
1208	0.3501036465167999	0.1729394793510437	-0.17716416716575623
1209	0.3501036465167999	0.1729394793510437	-0.17716416716575623
1210	0.3501036465167999	0.1729394793510437	-0.17716416716575623
1211	0.3501036465167999	0.1729394793510437	-0.17716416716575623
1212	0.3501036465167999	0.1729394793510437	-0.17716416716575623
1213	0.3501036465167999	0.1729394793510437	-0.17716416716575623
1214	0.3501036465167999	0.1729394793510437	-0.17716416716575623
1215	0.3501036465167999	0.1729394793510437	-0.17716416716575623
1216	0.3501036465167999	0.1729394793510437	-0.17716416716575623
1217	0.3501036465167999	0.1729394793510437	-0.17716416716575623
1218	0.3501036465167999	0.1729394793510437	-0.17716416716575623
1219	0.3501036465167999	0.1729394793510437	-0.17716416716575623
1220	0.3501036465167999	0.1729394793510437	-0.17716416716575623
1221	0.3501036465167999	0.1729394793510437	-0.17716416716575623
1222	0.3501036465167999	0.1729394793510437	-0.17716416716575623
1223	0.3501036465167999	0.1729394793510437	-0.17716416716575623
1224	0.3501036465167999	0.1729394793510437	-0.17716416716575623
1225	0.3501036465167999	0.1729394793510437	-0.17716416716575623
1226	0.3501036465167999	0.1729394793510437	-0.17716416716575623
1227	0.3501036465167999	0.1729394793510437	-0.17716416716575623
1228	0.3501036465167999	0.1729394793510437	-0.17716416716575623
1229	0.3501036465167999	0.1729394793510437	-0.17716416716575623
1230	0.3501036465167999	0.1729394793510437	-0.17716416716575623
1231	0.3501036465167999	0.1729394793510437	-0.17716416716575623
1232	0.3501036465167999	0.1729394793510437	-0.17716416716575623
1233	0.3501036465167999	0.1729394793510437	-0.17716416716575623
1234	0.3501036465167999	0.1729394793510437	-0.17716416716575623
1235	0.3501036465167999	0.1729394793510437	-0.17716416716575623
1236	0.3501036465167999	0.1729394793510437	-0.17716416716575623
1237	0.3501036465167999	0.1729394793510437	-0.17716416716575623
1238	0.3501036465167999	0.1729394793510437	-0.17716416716575623
1239	0.3501036465167999	0.1729394793510437	-0.17716416716575623
1240	0.3501036465167999	0.1729394793510437	-0.17716416716575623
1241	0.3501036465167999	0.1729394793510437	-0.17716416716575623
1242	0.3501036465167999	0.1729394793510437	-0.17716416716575623
1243	0.3501036465167999	0.1729394793510437	-0.17716416716575623
1244	0.3501036465167999	0.1729394793510437	-0.17716416716575623
1245	0.3501036465167999	0.1729394793510437	-0.17716416716575623
1246	0.3501036465167999	0.1729394793510437	-0.17716416716575623
1247	0.3501036465167999	0.1729394793510437	-0.17716416716575623
1248	0.3501036465167999	0.1729394793510437	-0.17716416716575623
1249	0.3501036465167999	0.1729394793510437	-0.17716416716575623
1250	0.3501036465167999	0.1729394793510437	-0.17716416716575623
1251	0.3501036465167999	0.1729394793510437	-0.17716416716575623
1252	0.3501036465167999	0.1729394793510437	-0.17716416716575623
1253	0.3501036465167999	0.1729394793510437	-0.17716416716575623
1254	0.3501036465167999	0.1729394793510437	-0.17716416716575623
1255	0.3501036465167999	0.1729394793510437	-0.17716416716575623
1256	0.3501036465167999	0.1729394793510437	-0.17716416716575623
1257	0.3501036465167999	0.1729394793510437	-0.17716416716575623
1258	0.3501036465167999	0.1729394793510437	-0.17716416716575623
1259	0.3501036465167999	0.1729394793510437	-0.17716416716575623
1260	0.3501036465167999	0.1729394793510437	-0.17716416716575623
1261	0.3501036465167999	0.1729394793510437	-0.17716416716575623
1262	0.3501036465167999	0.1729394793510437	-0.17716416716575623
1263	0.3501036465167999	0.1729394793510437	-0.17716416716575623
1264	0.3501036465167999	0.1729394793510437	-0.17716416716575623
1265	0.3501036465167999	0.1729394793510437	-0.17716416716575623
1266	0.3501036465167999	0.1729394793510437	-0.17716416716575623
1267	0.3501036465167999	0.1729394793510437	-0.17716416716575623
1268	0.3501036465167999	0.1729394793510437	-0.17716416716575623
1269	0.3501036465167999	0.1729394793510437	-0.17716416716575623
1270	0.3501036465167999	0.1729394793510437	-0.17716416716575623
1271	0.3501036465167999	0.1729394793510437	-0.17716416716575623
1272	0.3501036465167999	0.1729394793510437	-0.17716416716575623
1273	0.3501036465167999	0.1729394793510437	-0.17716416716575623
1274	0.3501036465167999	0.1729394793510437	-0.17716416716575623
1275	0.3501036465167999	0.1729394793510437	-0.17716416716575623
1276	0.3501036465167999	0.1729394793510437	-0.17716416716575623
1277	0.3501036465167999	0.1729394793510437	-0.17716416716575623
1278	0.3501036465167999	0.1729394793510437	-0.17716416716575623
1279	0.3501036465167999	0.1729394793510437	-0.17716416716575623
1280	0.3501036465167999	0.1729394793510437	-0.17716416716575623
1281	0.3501036465167999	0.1729394793510437	-0.17716416716575623
1282	0.3501036465167999	0.1729394793510437	-0.17716416716575623
1283	0.3501036465167999	0.1729394793510437	-0.17716416716575623
1284	0.3501036465167999	0.1729394793510437	-0.17716416716575623
1285	0.3501036465167999	0.1729394793510437	-0.17716416716575623
1286	0.3501036465167999	0.1729394793510437	-0.17716416716575623
1287	0.3501036465167999	0.1729394793510437	-0.17716416716575623
1288	0.3501036465167999	0.1729394793510437	-0.17716416716575623
1289	0.3501036465167999	0.1729394793510437	-0.17716416716575623
1290	0.3501036465167999	0.1729394793510437	-0.17716416716575623
1291	0.3501036465167999	0.1729394793510437	-0.17716416716575623
1292	0.3501036465167999	0.1729394793510437	-0.17716416716575623
1293	0.3501036465167999	0.1729394793510437	-0.17716416716575623
1294	0.3501036465167999	0.1729394793510437	-0.17716416716575623
1295	0.3501036465167999	0.1729394793510437	-0.17716416716575623
1296	0.3501036465167999	0.1729394793510437	-0.17716416716575623
1297	0.3501036465167999	0.1729394793510437	-0.17716416716575623
1298	0.3501036465167999	0.1729394793510437	-0.17716416716575623
1299	0.3501036465167999	0.1729394793510437	-0.17716416716575623
1300	0.3501036465167999	0.1729394793510437	-0.17716416716575623
1301	0.3501036465167999	0.1729394793510437	-0.17716416716575623
1302	0.3501036465167999	0.1729394793510437	-0.17716416716575623
1303	0.3501036465167999	0.1729394793510437	-0.17716416716575623
1304	0.3501036465167999	0.1729394793510437	-0.17716416716575623
1305	0.3501036465167999	0.1729394793510437	-0.17716416716575623
1306	0.3501036465167999	0.1729394793510437	-0.17716416716575623
1307	0.3501036465167999	0.1729394793510437	-0.17716416716575623
1308	0.3501036465167999	0.1729394793510437	-0.17716416716575623
1309	0.3501036465167999	0.1729394793510437	-0.17716416716575623
1310	0.3501036465167999	0.1729394793510437	-0.17716416716575623
1311	0.3501036465167999	0.1729394793510437	-0.17716416716575623
1312	0.3501036465167999	0.1729394793510437	-0.17716416716575623
1313	0.3501036465167999	0.1729394793510437	-0.17716416716575623
1314	0.3501036465167999	0.1729394793510437	-0.17716416716575623
1315	0.3501036465167999	0.1729394793510437	-0.17716416716575623
1316	0.3501036465167999	0.1729394793510437	-0.17716416716575623
1317	0.3501036465167999	0.1729394793510437	-0.17716416716575623
1318	0.3501036465167999	0.1729394793510437	-0.17716416716575623
1319	0.3501036465167999	0.1729394793510437	-0.17716416716575623
1320	0.3501036465167999	0.1729394793510437	-0.17716416716575623
1321	0.3501036465167999	0.1729394793510437	-0.17716416716575623
1322	0.3501036465167999	0.1729394793510437	-0.17716416716575623
1323	0.3501036465167999	0.1729394793510437	-0.17716416716575623
1324	0.3501036465167999	0.1729394793510437	-0.17716416716575623
1325	0.3501036465167999	0.1729394793510437	-0.17716416716575623
1326	0.3501036465167999	0.1729394793510437	-0.17716416716575623
1327	0.3501036465167999	0.1729394793510437	-0.17716416716575623
1328	0.3501036465167999	0.1729394793510437	-0.17716416716575623
1329	0.3501036465167999	0.1729394793510437	-0.17716416716575623
1330	0.3501036465167999	0.1729394793510437	-0.17716416716575623
1331	0.3501036465167999	0.1729394793510437	-0.17716416716575623
1332	0.3501036465167999	0.1729394793510437	-0.17716416716575623
1333	0.3501036465167999	0.1729394793510437	-0.17716416716575623
1334	0.3501036465167999	0.1729394793510437	-0.17716416716575623
1335	0.3501036465167999	0.1729394793510437	-0.17716416716575623
1336	0.3501036465167999	0.1729394793510437	-0.17716416716575623
1337	0.3501036465167999	0.1729394793510437	-0.17716416716575623
1338	0.3501036465167999	0.1729394793510437	-0.17716416716575623
1339	0.3501036465167999	0.1729394793510437	-0.17716416716575623
1340	0.3501036465167999	0.1729394793510437	-0.17716416716575623
1341	0.3501036465167999	0.1729394793510437	-0.17716416716575623
1342	0.3501036465167999	0.1729394793510437	-0.17716416716575623
1343	0.3501036465167999	0.1729394793510437	-0.17716416716575623
1344	0.3501036465167999	0.1729394793510437	-0.17716416716575623
1345	0.3501036465167999	0.1729394793510437	-0.17716416716575623
1346	0.3501036465167999	0.1729394793510437	-0.17716416716575623
1347	0.3501036465167999	0.1729394793510437	-0.17716416716575623
1348	0.3501036465167999	0.1729394793510437	-0.17716416716575623
1349	0.3501036465167999	0.1729394793510437	-0.17716416716575623
1350	0.3501036465167999	0.1729394793510437	-0.17716416716575623
1351	0.3501036465167999	0.1729394793510437	-0.17716416716575623
1352	0.3501036465167999	0.1729394793510437	-0.17716416716575623
1353	0.3501036465167999	0.1729394793510437	-0.17716416716575623
1354	0.3501036465167999	0.1729394793510437	-0.17716416716575623
1355	0.3501036465167999	0.1729394793510437	-0.17716416716575623
1356	0.3501036465167999	0.1729394793510437	-0.17716416716575623
1357	0.3501036465167999	0.1729394793510437	-0.17716416716575623
1358	0.3501036465167999	0.1729394793510437	-0.17716416716575623
1359	0.3501036465167999	0.1729394793510437	-0.17716416716575623
1360	0.3501036465167999	0.1729394793510437	-0.17716416716575623
1361	0.3501036465167999	0.1729394793510437	-0.17716416716575623
1362	0.3501036465167999	0.1729394793510437	-0.17716416716575623
1363	0.3501036465167999	0.1729394793510437	-0.17716416716575623
1364	0.3501036465167999	0.1729394793510437	-0.17716416716575623
1365	0.3501036465167999	0.1729394793510437	-0.17716416716575623
1366	0.3501036465167999	0.1729394793510437	-0.17716416716575623
1367	0.3501036465167999	0.1729394793510437	-0.17716416716575623
1368	0.3501036465167999	0.1729394793510437	-0.17716416716575623
1369	0.3501036465167999	0.1729394793510437	-0.17716416716575623
1370	0.3501036465167999	0.1729394793510437	-0.17716416716575623
1371	0.3501036465167999	0.1729394793510437	-0.17716416716575623
1372	0.3501036465167999	0.1729394793510437	-0.17716416716575623
1373	0.3501036465167999	0.1729394793510437	-0.17716416716575623
1374	0.3501036465167999	0.1729394793510437	-0.17716416716575623
1375	0.3501036465167999	0.1729394793510437	-0.17716416716575623
1376	0.3501036465167999	0.1729394793510437	-0.17716416716575623
1377	0.3501036465167999	0.1729394793510437	-0.17716416716575623
1378	0.3501036465167999	0.1729394793510437	-0.17716416716575623
1379	0.3501036465167999	0.1729394793510437	-0.17716416716575623
1380	0.3501036465167999	0.1729394793510437	-0.17716416716575623
1381	0.3501036465167999	0.1729394793510437	-0.17716416716575623
1382	0.3501036465167999	0.1729394793510437	-0.17716416716575623
1383	0.3501036465167999	0.1729394793510437	-0.17716416716575623
1384	0.3501036465167999	0.1729394793510437	-0.17716416716575623
1385	0.3501036465167999	0.1729394793510437	-0.17716416716575623
1386	0.3501036465167999	0.1729394793510437	-0.17716416716575623
1387	0.3501036465167999	0.1729394793510437	-0.17716416716575623
1388	0.3501036465167999	0.1729394793510437	-0.17716416716575623
1389	0.3501036465167999	0.1729394793510437	-0.17716416716575623
1390	0.3501036465167999	0.1729394793510437	-0.17716416716575623
1391	0.3501036465167999	0.1729394793510437	-0.17716416716575623
1392	0.3501036465167999	0.1729394793510437	-0.17716416716575623
1393	0.3501036465167999	0.1729394793510437	-0.17716416716575623
1394	0.3501036465167999	0.1729394793510437	-0.17716416716575623
1395	0.3501036465167999	0.1729394793510437	-0.17716416716575623
1396	0.3501036465167999	0.1729394793510437	-0.17716416716575623
1397	0.3501036465167999	0.1729394793510437	-0.17716416716575623
1398	0.3501036465167999	0.1729394793510437	-0.17716416716575623
1399	0.3501036465167999	0.1729394793510437	-0.17716416716575623
1400	0.3501036465167999	0.1729394793510437	-0.17716416716575623
1401	0.3501036465167999	0.1729394793510437	-0.17716416716575623
1402	0.3501036465167999	0.1729394793510437	-0.17716416716575623
1403	0.3501036465167999	0.1729394793510437	-0.17716416716575623
1404	0.3501036465167999	0.1729394793510437	-0.17716416716575623
1405	0.3501036465167999	0.1729394793510437	-0.17716416716575623
1406	0.3501036465167999	0.1729394793510437	-0.17716416716575623
1407	0.3501036465167999	0.1729394793510437	-0.17716416716575623
1408	0.3501036465167999	0.1729394793510437	-0.17716416716575623
1409	0.3501036465167999	0.1729394793510437	-0.17716416716575623
1410	0.3501036465167999	0.1729394793510437	-0.17716416716575623
1411	0.3501036465167999	0.1729394793510437	-0.17716416716575623
1412	0.3501036465167999	0.1729394793510437	-0.17716416716575623
1413	0.3501036465167999	0.1729394793510437	-0.17716416716575623
1414	0.3501036465167999	0.1729394793510437	-0.17716416716575623
1415	0.3501036465167999	0.1729394793510437	-0.17716416716575623
1416	0.3501036465167999	0.1729394793510437	-0.17716416716575623
1417	0.3501036465167999	0.1729394793510437	-0.17716416716575623
1418	0.3501036465167999	0.1729394793510437	-0.17716416716575623
1419	0.3501036465167999	0.1729394793510437	-0.17716416716575623
1420	0.3501036465167999	0.1729394793510437	-0.17716416716575623
1421	0.3501036465167999	0.1729394793510437	-0.17716416716575623
1422	0.3501036465167999	0.1729394793510437	-0.17716416716575623
1423	0.3501036465167999	0.1729394793510437	-0.17716416716575623
1424	0.3501036465167999	0.1729394793510437	-0.17716416716575623
1425	0.3501036465167999	0.1729394793510437	-0.17716416716575623
1426	0.3501036465167999	0.1729394793510437	-0.17716416716575623
1427	0.3501036465167999	0.1729394793510437	-0.17716416716575623
1428	0.3501036465167999	0.1729394793510437	-0.17716416716575623
1429	0.3501036465167999	0.1729394793510437	-0.17716416716575623
1430	0.3501036465167999	0.1729394793510437	-0.17716416716575623
1431	0.3501036465167999	0.1729394793510437	-0.17716416716575623
1432	0.3501036465167999	0.1729394793510437	-0.17716416716575623
1433	0.3501036465167999	0.1729394793510437	-0.17716416716575623
1434	0.3501036465167999	0.1729394793510437	-0.17716416716575623
1435	0.3501036465167999	0.1729394793510437	-0.17716416716575623
1436	0.3501036465167999	0.1729394793510437	-0.17716416716575623
1437	0.3501036465167999	0.1729394793510437	-0.17716416716575623
1438	0.3501036465167999	0.1729394793510437	-0.17716416716575623
1439	0.3501036465167999	0.1729394793510437	-0.17716416716575623
1440	0.3501036465167999	0.1729394793510437	-0.17716416716575623
1441	0.3501036465167999	0.1729394793510437	-0.17716416716575623
1442	0.3501036465167999	0.1729394793510437	-0.17716416716575623
1443	0.3501036465167999	0.1729394793510437	-0.17716416716575623
1444	0.3501036465167999	0.1729394793510437	-0.17716416716575623
1445	0.3501036465167999	0.1729394793510437	-0.17716416716575623
1446	0.3501036465167999	0.1729394793510437	-0.17716416716575623
1447	0.3501036465167999	0.1729394793510437	-0.17716416716575623
1448	0.3501036465167999	0.1729394793510437	-0.17716416716575623
1449	0.3501036465167999	0.1729394793510437	-0.17716416716575623
1450	0.3501036465167999	0.1729394793510437	-0.17716416716575623
1451	0.3501036465167999	0.1729394793510437	-0.17716416716575623
1452	0.3501036465167999	0.1729394793510437	-0.17716416716575623
1453	0.3501036465167999	0.1729394793510437	-0.17716416716575623
1454	0.3501036465167999	0.1729394793510437	-0.17716416716575623
1455	0.3501036465167999	0.1729394793510437	-0.17716416716575623
1456	0.3501036465167999	0.1729394793510437	-0.17716416716575623
1457	0.3501036465167999	0.1729394793510437	-0.17716416716575623
1458	0.3501036465167999	0.1729394793510437	-0.17716416716575623
1459	0.3501036465167999	0.1729394793510437	-0.17716416716575623
1460	0.3501036465167999	0.1729394793510437	-0.17716416716575623
1461	0.3501036465167999	0.1729394793510437	-0.17716416716575623
1462	0.3501036465167999	0.1729394793510437	-0.17716416716575623
1463	0.3501036465167999	0.1729394793510437	-0.17716416716575623
1464	0.3501036465167999	0.1729394793510437	-0.17716416716575623
1465	0.3501036465167999	0.1729394793510437	-0.17716416716575623
1466	0.3501036465167999	0.1729394793510437	-0.17716416716575623
1467	0.3501036465167999	0.1729394793510437	-0.17716416716575623
1468	0.3501036465167999	0.1729394793510437	-0.17716416716575623
1469	0.3501036465167999	0.1729394793510437	-0.17716416716575623
1470	0.3501036465167999	0.1729394793510437	-0.17716416716575623
1471	0.3501036465167999	0.1729394793510437	-0.17716416716575623
1472	0.3501036465167999	0.1729394793510437	-0.17716416716575623
1473	0.3501036465167999	0.1729394793510437	-0.17716416716575623
1474	0.3501036465167999	0.1729394793510437	-0.17716416716575623
1475	0.3501036465167999	0.1729394793510437	-0.17716416716575623
1476	0.3501036465167999	0.1729394793510437	-0.17716416716575623
1477	0.3501036465167999	0.1729394793510437	-0.17716416716575623
1478	0.3501036465167999	0.1729394793510437	-0.17716416716575623
1479	0.3501036465167999	0.1729394793510437	-0.17716416716575623
1480	0.3501036465167999	0.1729394793510437	-0.17716416716575623
1481	0.3501036465167999	0.1729394793510437	-0.17716416716575623
1482	0.3501036465167999	0.1729394793510437	-0.17716416716575623
1483	0.3501036465167999	0.1729394793510437	-0.17716416716575623
1484	0.3501036465167999	0.1729394793510437	-0.17716416716575623
1485	0.3501036465167999	0.1729394793510437	-0.17716416716575623
1486	0.3501036465167999	0.1729394793510437	-0.17716416716575623
1487	0.3501036465167999	0.1729394793510437	-0.17716416716575623
1488	0.3501036465167999	0.1729394793510437	-0.17716416716575623
1489	0.3501036465167999	0.1729394793510437	-0.17716416716575623
1490	0.3501036465167999	0.1729394793510437	-0.17716416716575623
1491	0.3501036465167999	0.1729394793510437	-0.17716416716575623
1492	0.3501036465167999	0.1729394793510437	-0.17716416716575623
1493	0.3501036465167999	0.1729394793510437	-0.17716416716575623
1494	0.3501036465167999	0.1729394793510437	-0.17716416716575623
1495	0.3501036465167999	0.1729394793510437	-0.17716416716575623
1496	0.3501036465167999	0.1729394793510437	-0.17716416716575623
1497	0.3501036465167999	0.1729394793510437	-0.17716416716575623
1498	0.3501036465167999	0.1729394793510437	-0.17716416716575623
1499	0.3501036465167999	0.1729394793510437	-0.17716416716575623
1500	0.3501036465167999	0.1729394793510437	-0.17716416716575623
1501	0.3501036465167999	0.1729394793510437	-0.17716416716575623
1502	0.3501036465167999	0.1729394793510437	-0.17716416716575623
1503	0.3501036465167999	0.1729394793510437	-0.17716416716575623
1504	0.3501036465167999	0.1729394793510437	-0.17716416716575623
1505	0.3501036465167999	0.1729394793510437	-0.17716416716575623
1506	0.3501036465167999	0.1729394793510437	-0.17716416716575623
1507	0.3501036465167999	0.1729394793510437	-0.17716416716575623
1508	0.3501036465167999	0.1729394793510437	-0.17716416716575623
1509	0.3501036465167999	0.1729394793510437	-0.17716416716575623
1510	0.3501036465167999	0.1729394793510437	-0.17716416716575623
1511	0.3501036465167999	0.1729394793510437	-0.17716416716575623
1512	0.3501036465167999	0.1729394793510437	-0.17716416716575623
1513	0.3501036465167999	0.1729394793510437	-0.17716416716575623
1514	0.3501036465167999	0.1729394793510437	-0.17716416716575623
1515	0.3501036465167999	0.1729394793510437	-0.17716416716575623
1516	0.3501036465167999	0.1729394793510437	-0.17716416716575623
1517	0.3501036465167999	0.1729394793510437	-0.17716416716575623
1518	0.3501036465167999	0.1729394793510437	-0.17716416716575623
1519	0.3501036465167999	0.1729394793510437	-0.17716416716575623
1520	0.3501036465167999	0.1729394793510437	-0.17716416716575623
1521	0.3501036465167999	0.1729394793510437	-0.17716416716575623
1522	0.3501036465167999	0.1729394793510437	-0.17716416716575623
1523	0.3501036465167999	0.1729394793510437	-0.17716416716575623
1524	0.3501036465167999	0.1729394793510437	-0.17716416716575623
1525	0.3501036465167999	0.1729394793510437	-0.17716416716575623
1526	0.3501036465167999	0.1729394793510437	-0.17716416716575623
1527	0.3501036465167999	0.1729394793510437	-0.17716416716575623
1528	0.3501036465167999	0.1729394793510437	-0.17716416716575623
1529	0.3501036465167999	0.1729394793510437	-0.17716416716575623
1530	0.3501036465167999	0.1729394793510437	-0.17716416716575623
1531	0.3501036465167999	0.1729394793510437	-0.17716416716575623
1532	0.3501036465167999	0.1729394793510437	-0.17716416716575623
1533	0.3501036465167999	0.1729394793510437	-0.17716416716575623
1534	0.3501036465167999	0.1729394793510437	-0.17716416716575623
1535	0.3501036465167999	0.1729394793510437	-0.17716416716575623
1536	0.3501036465167999	0.1729394793510437	-0.17716416716575623
1537	0.3501036465167999	0.1729394793510437	-0.17716416716575623
1538	0.3501036465167999	0.1729394793510437	-0.17716416716575623
1539	0.3501036465167999	0.1729394793510437	-0.17716416716575623
1540	0.3501036465167999	0.1729394793510437	-0.17716416716575623
1541	0.3501036465167999	0.1729394793510437	-0.17716416716575623
1542	0.3501036465167999	0.1729394793510437	-0.17716416716575623
1543	0.3501036465167999	0.1729394793510437	-0.17716416716575623
1544	0.3501036465167999	0.1729394793510437	-0.17716416716575623
1545	0.3501036465167999	0.1729394793510437	-0.17716416716575623
1546	0.3501036465167999	0.1729394793510437	-0.17716416716575623
1547	0.3501036465167999	0.1729394793510437	-0.17716416716575623
1548	0.3501036465167999	0.1729394793510437	-0.17716416716575623
1549	0.3501036465167999	0.1729394793510437	-0.17716416716575623
1550	0.3501036465167999	0.1729394793510437	-0.17716416716575623
1551	0.3501036465167999	0.1729394793510437	-0.17716416716575623
1552	0.3501036465167999	0.1729394793510437	-0.17716416716575623
1553	0.3501036465167999	0.1729394793510437	-0.17716416716575623
1554	0.3501036465167999	0.1729394793510437	-0.17716416716575623
1555	0.3501036465167999	0.1729394793510437	-0.17716416716575623
1556	0.3501036465167999	0.1729394793510437	-0.17716416716575623
1557	0.3501036465167999	0.1729394793510437	-0.17716416716575623
1558	0.3501036465167999	0.1729394793510437	-0.17716416716575623
1559	0.3501036465167999	0.1729394793510437	-0.17716416716575623
1560	0.3501036465167999	0.1729394793510437	-0.17716416716575623
1561	0.3501036465167999	0.1729394793510437	-0.17716416716575623
1562	0.3501036465167999	0.1729394793510437	-0.17716416716575623
1563	0.3501036465167999	0.1729394793510437	-0.17716416716575623
1564	0.3501036465167999	0.1729394793510437	-0.17716416716575623
1565	0.3501036465167999	0.1729394793510437	-0.17716416716575623
1566	0.3501036465167999	0.1729394793510437	-0.17716416716575623
1567	0.3501036465167999	0.1729394793510437	-0.17716416716575623
1568	0.3501036465167999	0.1729394793510437	-0.17716416716575623
1569	0.3501036465167999	0.1729394793510437	-0.17716416716575623
1570	0.3501036465167999	0.1729394793510437	-0.17716416716575623
1571	0.3501036465167999	0.1729394793510437	-0.17716416716575623
1572	0.3501036465167999	0.1729394793510437	-0.17716416716575623
1573	0.3501036465167999	0.1729394793510437	-0.17716416716575623
1574	0.3501036465167999	0.1729394793510437	-0.17716416716575623
1575	0.3501036465167999	0.1729394793510437	-0.17716416716575623
1576	0.3501036465167999	0.1729394793510437	-0.17716416716575623
1577	0.3501036465167999	0.1729394793510437	-0.17716416716575623
1578	0.3501036465167999	0.1729394793510437	-0.17716416716575623
1579	0.3501036465167999	0.1729394793510437	-0.17716416716575623
1580	0.3501036465167999	0.1729394793510437	-0.17716416716575623
1581	0.3501036465167999	0.1729394793510437	-0.17716416716575623
1582	0.3501036465167999	0.1729394793510437	-0.17716416716575623
1583	0.3501036465167999	0.1729394793510437	-0.17716416716575623
1584	0.3501036465167999	0.1729394793510437	-0.17716416716575623
1585	0.3501036465167999	0.1729394793510437	-0.17716416716575623
1586	0.3501036465167999	0.1729394793510437	-0.17716416716575623
1587	0.3501036465167999	0.1729394793510437	-0.17716416716575623
1588	0.3501036465167999	0.1729394793510437	-0.17716416716575623
1589	0.3501036465167999	0.1729394793510437	-0.17716416716575623
1590	0.3501036465167999	0.1729394793510437	-0.17716416716575623
1591	0.3501036465167999	0.1729394793510437	-0.17716416716575623
1592	0.3501036465167999	0.1729394793510437	-0.17716416716575623
1593	0.3501036465167999	0.1729394793510437	-0.17716416716575623
1594	0.3501036465167999	0.1729394793510437	-0.17716416716575623
1595	0.3501036465167999	0.1729394793510437	-0.17716416716575623
1596	0.3501036465167999	0.1729394793510437	-0.17716416716575623
1597	0.3501036465167999	0.1729394793510437	-0.17716416716575623
1598	0.3501036465167999	0.1729394793510437	-0.17716416716575623
1599	0.3501036465167999	0.1729394793510437	-0.17716416716575623
1600	0.3501036465167999	0.1729394793510437	-0.17716416716575623
1601	0.3501036465167999	0.1729394793510437	-0.17716416716575623
1602	0.3501036465167999	0.1729394793510437	-0.17716416716575623
1603	0.3501036465167999	0.1729394793510437	-0.17716416716575623
1604	0.3501036465167999	0.1729394793510437	-0.17716416716575623
1605	0.3501036465167999	0.1729394793510437	-0.17716416716575623
1606	0.3501036465167999	0.1729394793510437	-0.17716416716575623
1607	0.3501036465167999	0.1729394793510437	-0.17716416716575623
1608	0.3501036465167999	0.1729394793510437	-0.17716416716575623
1609	0.3501036465167999	0.1729394793510437	-0.17716416716575623
1610	0.3501036465167999	0.1729394793510437	-0.17716416716575623
1611	0.3501036465167999	0.1729394793510437	-0.17716416716575623
1612	0.3501036465167999	0.1729394793510437	-0.17716416716575623
1613	0.3501036465167999	0.1729394793510437	-0.17716416716575623
1614	0.3501036465167999	0.1729394793510437	-0.17716416716575623
1615	0.3501036465167999	0.1729394793510437	-0.17716416716575623
1616	0.3501036465167999	0.1729394793510437	-0.17716416716575623
1617	0.3501036465167999	0.1729394793510437	-0.17716416716575623
1618	0.3501036465167999	0.1729394793510437	-0.17716416716575623
1619	0.3501036465167999	0.1729394793510437	-0.17716416716575623
1620	0.3501036465167999	0.1729394793510437	-0.17716416716575623
1621	0.3501036465167999	0.1729394793510437	-0.17716416716575623
1622	0.3501036465167999	0.1729394793510437	-0.17716416716575623
1623	0.3501036465167999	0.1729394793510437	-0.17716416716575623
1624	0.3501036465167999	0.1729394793510437	-0.17716416716575623
1625	0.3501036465167999	0.1729394793510437	-0.17716416716575623
1626	0.3501036465167999	0.1729394793510437	-0.17716416716575623
1627	0.3501036465167999	0.1729394793510437	-0.17716416716575623
1628	0.3501036465167999	0.1729394793510437	-0.17716416716575623
1629	0.3501036465167999	0.1729394793510437	-0.17716416716575623
1630	0.3501036465167999	0.1729394793510437	-0.17716416716575623
1631	0.3501036465167999	0.1729394793510437	-0.17716416716575623
1632	0.3501036465167999	0.1729394793510437	-0.17716416716575623
1633	0.3501036465167999	0.1729394793510437	-0.17716416716575623
1634	0.3501036465167999	0.1729394793510437	-0.17716416716575623
1635	0.3501036465167999	0.1729394793510437	-0.17716416716575623
1636	0.3501036465167999	0.1729394793510437	-0.17716416716575623
1637	0.3501036465167999	0.1729394793510437	-0.17716416716575623
1638	0.3501036465167999	0.1729394793510437	-0.17716416716575623
1639	0.3501036465167999	0.1729394793510437	-0.17716416716575623
1640	0.3501036465167999	0.1729394793510437	-0.17716416716575623
1641	0.3501036465167999	0.1729394793510437	-0.17716416716575623
1642	0.3501036465167999	0.1729394793510437	-0.17716416716575623
1643	0.3501036465167999	0.1729394793510437	-0.17716416716575623
1644	0.3501036465167999	0.1729394793510437	-0.17716416716575623
1645	0.3501036465167999	0.1729394793510437	-0.17716416716575623
1646	0.3501036465167999	0.1729394793510437	-0.17716416716575623
1647	0.3501036465167999	0.1729394793510437	-0.17716416716575623
1648	0.3501036465167999	0.1729394793510437	-0.17716416716575623
1649	0.3501036465167999	0.1729394793510437	-0.17716416716575623
1650	0.3501036465167999	0.1729394793510437	-0.17716416716575623
1651	0.3501036465167999	0.1729394793510437	-0.17716416716575623
1652	0.3501036465167999	0.1729394793510437	-0.17716416716575623
1653	0.3501036465167999	0.1729394793510437	-0.17716416716575623
1654	0.3501036465167999	0.1729394793510437	-0.17716416716575623
1655	0.3501036465167999	0.1729394793510437	-0.17716416716575623
1656	0.3501036465167999	0.1729394793510437	-0.17716416716575623
1657	0.3501036465167999	0.1729394793510437	-0.17716416716575623
1658	0.3501036465167999	0.1729394793510437	-0.17716416716575623
1659	0.3501036465167999	0.1729394793510437	-0.17716416716575623
1660	0.3501036465167999	0.1729394793510437	-0.17716416716575623
1661	0.3501036465167999	0.1729394793510437	-0.17716416716575623
1662	0.3501036465167999	0.1729394793510437	-0.17716416716575623
1663	0.3501036465167999	0.1729394793510437	-0.17716416716575623
1664	0.3501036465167999	0.1729394793510437	-0.17716416716575623
1665	0.3501036465167999	0.1729394793510437	-0.17716416716575623
1666	0.3501036465167999	0.1729394793510437	-0.17716416716575623
1667	0.3501036465167999	0.1729394793510437	-0.17716416716575623
1668	0.3501036465167999	0.1729394793510437	-0.17716416716575623
1669	0.3501036465167999	0.1729394793510437	-0.17716416716575623
1670	0.3501036465167999	0.1729394793510437	-0.17716416716575623
1671	0.3501036465167999	0.1729394793510437	-0.17716416716575623
1672	0.3501036465167999	0.1729394793510437	-0.17716416716575623
1673	0.3501036465167999	0.1729394793510437	-0.17716416716575623
1674	0.3501036465167999	0.1729394793510437	-0.17716416716575623
1675	0.3501036465167999	0.1729394793510437	-0.17716416716575623
1676	0.3501036465167999	0.1729394793510437	-0.17716416716575623
1677	0.3501036465167999	0.1729394793510437	-0.17716416716575623
1678	0.3501036465167999	0.1729394793510437	-0.17716416716575623
1679	0.3501036465167999	0.1729394793510437	-0.17716416716575623
1680	0.3501036465167999	0.1729394793510437	-0.17716416716575623
1681	0.3501036465167999	0.1729394793510437	-0.17716416716575623
1682	0.3501036465167999	0.1729394793510437	-0.17716416716575623
1683	0.3501036465167999	0.1729394793510437	-0.17716416716575623
1684	0.3501036465167999	0.1729394793510437	-0.17716416716575623
1685	0.3501036465167999	0.1729394793510437	-0.17716416716575623
1686	0.3501036465167999	0.1729394793510437	-0.17716416716575623
1687	0.3501036465167999	0.1729394793510437	-0.17716416716575623
1688	0.3501036465167999	0.1729394793510437	-0.17716416716575623
1689	0.3501036465167999	0.1729394793510437	-0.17716416716575623
1690	0.3501036465167999	0.1729394793510437	-0.17716416716575623
1691	0.3501036465167999	0.1729394793510437	-0.17716416716575623
1692	0.3501036465167999	0.1729394793510437	-0.17716416716575623
1693	0.3501036465167999	0.1729394793510437	-0.17716416716575623
1694	0.3501036465167999	0.1729394793510437	-0.17716416716575623
1695	0.3501036465167999	0.1729394793510437	-0.17716416716575623
1696	0.3501036465167999	0.1729394793510437	-0.17716416716575623
1697	0.3501036465167999	0.1729394793510437	-0.17716416716575623
1698	0.3501036465167999	0.1729394793510437	-0.17716416716575623
1699	0.3501036465167999	0.1729394793510437	-0.17716416716575623
1700	0.3501036465167999	0.1729394793510437	-0.17716416716575623
1701	0.3501036465167999	0.1729394793510437	-0.17716416716575623
1702	0.3501036465167999	0.1729394793510437	-0.17716416716575623
1703	0.3501036465167999	0.1729394793510437	-0.17716416716575623
1704	0.3501036465167999	0.1729394793510437	-0.17716416716575623
1705	0.3501036465167999	0.1729394793510437	-0.17716416716575623
1706	0.3501036465167999	0.1729394793510437	-0.17716416716575623
1707	0.3501036465167999	0.1729394793510437	-0.17716416716575623
1708	0.3501036465167999	0.1729394793510437	-0.17716416716575623
1709	0.3501036465167999	0.1729394793510437	-0.17716416716575623
1710	0.3501036465167999	0.1729394793510437	-0.17716416716575623
1711	0.3501036465167999	0.1729394793510437	-0.17716416716575623
1712	0.3501036465167999	0.1729394793510437	-0.17716416716575623
1713	0.3501036465167999	0.1729394793510437	-0.17716416716575623
1714	0.3501036465167999	0.1729394793510437	-0.17716416716575623
1715	0.3501036465167999	0.1729394793510437	-0.17716416716575623
1716	0.3501036465167999	0.1729394793510437	-0.17716416716575623
1717	0.3501036465167999	0.1729394793510437	-0.17716416716575623
1718	0.3501036465167999	0.1729394793510437	-0.17716416716575623
1719	0.3501036465167999	0.1729394793510437	-0.17716416716575623
1720	0.3501036465167999	0.1729394793510437	-0.17716416716575623
1721	0.3501036465167999	0.1729394793510437	-0.17716416716575623
1722	0.3501036465167999	0.1729394793510437	-0.17716416716575623
1723	0.3501036465167999	0.1729394793510437	-0.17716416716575623
1724	0.3501036465167999	0.1729394793510437	-0.17716416716575623
1725	0.3501036465167999	0.1729394793510437	-0.17716416716575623
1726	0.3501036465167999	0.1729394793510437	-0.17716416716575623
1727	0.3501036465167999	0.1729394793510437	-0.17716416716575623
1728	0.3501036465167999	0.1729394793510437	-0.17716416716575623
1729	0.3501036465167999	0.1729394793510437	-0.17716416716575623
1730	0.3501036465167999	0.1729394793510437	-0.17716416716575623
1731	0.3501036465167999	0.1729394793510437	-0.17716416716575623
1732	0.3501036465167999	0.1729394793510437	-0.17716416716575623
1733	0.3501036465167999	0.1729394793510437	-0.17716416716575623
1734	0.3501036465167999	0.1729394793510437	-0.17716416716575623
1735	0.3501036465167999	0.1729394793510437	-0.17716416716575623
1736	0.3501036465167999	0.1729394793510437	-0.17716416716575623
1737	0.3501036465167999	0.1729394793510437	-0.17716416716575623
1738	0.3501036465167999	0.1729394793510437	-0.17716416716575623
1739	0.3501036465167999	0.1729394793510437	-0.17716416716575623
1740	0.3501036465167999	0.1729394793510437	-0.17716416716575623
1741	0.3501036465167999	0.1729394793510437	-0.17716416716575623
1742	0.3501036465167999	0.1729394793510437	-0.17716416716575623
1743	0.3501036465167999	0.1729394793510437	-0.17716416716575623
1744	0.3501036465167999	0.1729394793510437	-0.17716416716575623
1745	0.3501036465167999	0.1729394793510437	-0.17716416716575623
1746	0.3501036465167999	0.1729394793510437	-0.17716416716575623
1747	0.3501036465167999	0.1729394793510437	-0.17716416716575623
1748	0.3501036465167999	0.1729394793510437	-0.17716416716575623
1749	0.3501036465167999	0.1729394793510437	-0.17716416716575623
1750	0.3501036465167999	0.1729394793510437	-0.17716416716575623
1751	0.3501036465167999	0.1729394793510437	-0.17716416716575623
1752	0.3501036465167999	0.1729394793510437	-0.17716416716575623
1753	0.3501036465167999	0.1729394793510437	-0.17716416716575623
1754	0.3501036465167999	0.1729394793510437	-0.17716416716575623
1755	0.3501036465167999	0.1729394793510437	-0.17716416716575623
1756	0.3501036465167999	0.1729394793510437	-0.17716416716575623
1757	0.3501036465167999	0.1729394793510437	-0.17716416716575623
1758	0.3501036465167999	0.1729394793510437	-0.17716416716575623
1759	0.3501036465167999	0.1729394793510437	-0.17716416716575623
1760	0.3501036465167999	0.1729394793510437	-0.17716416716575623
1761	0.3501036465167999	0.1729394793510437	-0.17716416716575623
1762	0.3501036465167999	0.1729394793510437	-0.17716416716575623
1763	0.3501036465167999	0.1729394793510437	-0.17716416716575623
1764	0.3501036465167999	0.1729394793510437	-0.17716416716575623
1765	0.3501036465167999	0.1729394793510437	-0.17716416716575623
1766	0.3501036465167999	0.1729394793510437	-0.17716416716575623
1767	0.3501036465167999	0.1729394793510437	-0.17716416716575623
1768	0.3501036465167999	0.1729394793510437	-0.17716416716575623
1769	0.3501036465167999	0.1729394793510437	-0.17716416716575623
1770	0.3501036465167999	0.1729394793510437	-0.17716416716575623
1771	0.3501036465167999	0.1729394793510437	-0.17716416716575623
1772	0.3501036465167999	0.1729394793510437	-0.17716416716575623
1773	0.3501036465167999	0.1729394793510437	-0.17716416716575623
1774	0.3501036465167999	0.1729394793510437	-0.17716416716575623
1775	0.3501036465167999	0.1729394793510437	-0.17716416716575623
1776	0.3501036465167999	0.1729394793510437	-0.17716416716575623
1777	0.3501036465167999	0.1729394793510437	-0.17716416716575623
1778	0.3501036465167999	0.1729394793510437	-0.17716416716575623
1779	0.3501036465167999	0.1729394793510437	-0.17716416716575623
1780	0.3501036465167999	0.1729394793510437	-0.17716416716575623
1781	0.3501036465167999	0.1729394793510437	-0.17716416716575623
1782	0.3501036465167999	0.1729394793510437	-0.17716416716575623
1783	0.3501036465167999	0.1729394793510437	-0.17716416716575623
1784	0.3501036465167999	0.1729394793510437	-0.17716416716575623
1785	0.3501036465167999	0.1729394793510437	-0.17716416716575623
1786	0.3501036465167999	0.1729394793510437	-0.17716416716575623
1787	0.3501036465167999	0.1729394793510437	-0.17716416716575623
1788	0.3501036465167999	0.1729394793510437	-0.17716416716575623
1789	0.3501036465167999	0.1729394793510437	-0.17716416716575623
1790	0.3501036465167999	0.1729394793510437	-0.17716416716575623
1791	0.3501036465167999	0.1729394793510437	-0.17716416716575623
1792	0.3501036465167999	0.1729394793510437	-0.17716416716575623
1793	0.3501036465167999	0.1729394793510437	-0.17716416716575623
1794	0.3501036465167999	0.1729394793510437	-0.17716416716575623
1795	0.3501036465167999	0.1729394793510437	-0.17716416716575623
1796	0.3501036465167999	0.1729394793510437	-0.17716416716575623
1797	0.3501036465167999	0.1729394793510437	-0.17716416716575623
1798	0.3501036465167999	0.1729394793510437	-0.17716416716575623
1799	0.3501036465167999	0.1729394793510437	-0.17716416716575623
1800	0.3501036465167999	0.1729394793510437	-0.17716416716575623
1801	0.3501036465167999	0.1729394793510437	-0.17716416716575623
1802	0.3501036465167999	0.1729394793510437	-0.17716416716575623
1803	0.3501036465167999	0.1729394793510437	-0.17716416716575623
1804	0.3501036465167999	0.1729394793510437	-0.17716416716575623
1805	0.3501036465167999	0.1729394793510437	-0.17716416716575623
1806	0.3501036465167999	0.1729394793510437	-0.17716416716575623
1807	0.3501036465167999	0.1729394793510437	-0.17716416716575623
1808	0.3501036465167999	0.1729394793510437	-0.17716416716575623
1809	0.3501036465167999	0.1729394793510437	-0.17716416716575623
1810	0.3501036465167999	0.1729394793510437	-0.17716416716575623
1811	0.3501036465167999	0.1729394793510437	-0.17716416716575623
1812	0.3501036465167999	0.1729394793510437	-0.17716416716575623
1813	0.3501036465167999	0.1729394793510437	-0.17716416716575623
1814	0.3501036465167999	0.1729394793510437	-0.17716416716575623
1815	0.3501036465167999	0.1729394793510437	-0.17716416716575623
1816	0.3501036465167999	0.1729394793510437	-0.17716416716575623
1817	0.3501036465167999	0.1729394793510437	-0.17716416716575623
1818	0.3501036465167999	0.1729394793510437	-0.17716416716575623
1819	0.3501036465167999	0.1729394793510437	-0.17716416716575623
1820	0.3501036465167999	0.1729394793510437	-0.17716416716575623
1821	0.3501036465167999	0.1729394793510437	-0.17716416716575623
1822	0.3501036465167999	0.1729394793510437	-0.17716416716575623
1823	0.3501036465167999	0.1729394793510437	-0.17716416716575623
1824	0.3501036465167999	0.1729394793510437	-0.17716416716575623
1825	0.3501036465167999	0.1729394793510437	-0.17716416716575623
1826	0.3501036465167999	0.1729394793510437	-0.17716416716575623
1827	0.3501036465167999	0.1729394793510437	-0.17716416716575623
1828	0.3501036465167999	0.1729394793510437	-0.17716416716575623
1829	0.3501036465167999	0.1729394793510437	-0.17716416716575623
1830	0.3501036465167999	0.1729394793510437	-0.17716416716575623
1831	0.3501036465167999	0.1729394793510437	-0.17716416716575623
1832	0.3501036465167999	0.1729394793510437	-0.17716416716575623
1833	0.3501036465167999	0.1729394793510437	-0.17716416716575623
1834	0.3501036465167999	0.1729394793510437	-0.17716416716575623
1835	0.3501036465167999	0.1729394793510437	-0.17716416716575623
1836	0.3501036465167999	0.1729394793510437	-0.17716416716575623
1837	0.3501036465167999	0.1729394793510437	-0.17716416716575623
1838	0.3501036465167999	0.1729394793510437	-0.17716416716575623
1839	0.3501036465167999	0.1729394793510437	-0.17716416716575623
1840	0.3501036465167999	0.1729394793510437	-0.17716416716575623
1841	0.3501036465167999	0.1729394793510437	-0.17716416716575623
1842	0.3501036465167999	0.1729394793510437	-0.17716416716575623
1843	0.3501036465167999	0.1729394793510437	-0.17716416716575623
1844	0.3501036465167999	0.1729394793510437	-0.17716416716575623
1845	0.3501036465167999	0.1729394793510437	-0.17716416716575623
1846	0.3501036465167999	0.1729394793510437	-0.17716416716575623
1847	0.3501036465167999	0.1729394793510437	-0.17716416716575623
1848	0.3501036465167999	0.1729394793510437	-0.17716416716575623
1849	0.3501036465167999	0.1729394793510437	-0.17716416716575623
1850	0.3501036465167999	0.1729394793510437	-0.17716416716575623
1851	0.3501036465167999	0.1729394793510437	-0.17716416716575623
1852	0.3501036465167999	0.1729394793510437	-0.17716416716575623
1853	0.3501036465167999	0.1729394793510437	-0.17716416716575623
1854	0.3501036465167999	0.1729394793510437	-0.17716416716575623
1855	0.3501036465167999	0.1729394793510437	-0.17716416716575623
1856	0.3501036465167999	0.1729394793510437	-0.17716416716575623
1857	0.3501036465167999	0.1729394793510437	-0.17716416716575623
1858	0.3501036465167999	0.1729394793510437	-0.17716416716575623
1859	0.3501036465167999	0.1729394793510437	-0.17716416716575623
1860	0.3501036465167999	0.1729394793510437	-0.17716416716575623
1861	0.3501036465167999	0.1729394793510437	-0.17716416716575623
1862	0.3501036465167999	0.1729394793510437	-0.17716416716575623
1863	0.3501036465167999	0.1729394793510437	-0.17716416716575623
1864	0.3501036465167999	0.1729394793510437	-0.17716416716575623
1865	0.3501036465167999	0.1729394793510437	-0.17716416716575623
1866	0.3501036465167999	0.1729394793510437	-0.17716416716575623
1867	0.3501036465167999	0.1729394793510437	-0.17716416716575623
1868	0.3501036465167999	0.1729394793510437	-0.17716416716575623
1869	0.3501036465167999	0.1729394793510437	-0.17716416716575623
1870	0.3501036465167999	0.1729394793510437	-0.17716416716575623
1871	0.3501036465167999	0.1729394793510437	-0.17716416716575623
1872	0.3501036465167999	0.1729394793510437	-0.17716416716575623
1873	0.3501036465167999	0.1729394793510437	-0.17716416716575623
1874	0.3501036465167999	0.1729394793510437	-0.17716416716575623
1875	0.3501036465167999	0.1729394793510437	-0.17716416716575623
1876	0.3501036465167999	0.1729394793510437	-0.17716416716575623
1877	0.3501036465167999	0.1729394793510437	-0.17716416716575623
1878	0.3501036465167999	0.1729394793510437	-0.17716416716575623
1879	0.3501036465167999	0.1729394793510437	-0.17716416716575623
1880	0.3501036465167999	0.1729394793510437	-0.17716416716575623
1881	0.3501036465167999	0.1729394793510437	-0.17716416716575623
1882	0.3501036465167999	0.1729394793510437	-0.17716416716575623
1883	0.3501036465167999	0.1729394793510437	-0.17716416716575623
1884	0.3501036465167999	0.1729394793510437	-0.17716416716575623
1885	0.3501036465167999	0.1729394793510437	-0.17716416716575623
1886	0.3501036465167999	0.1729394793510437	-0.17716416716575623
1887	0.3501036465167999	0.1729394793510437	-0.17716416716575623
1888	0.3501036465167999	0.1729394793510437	-0.17716416716575623
1889	0.3501036465167999	0.1729394793510437	-0.17716416716575623
1890	0.3501036465167999	0.1729394793510437	-0.17716416716575623
1891	0.3501036465167999	0.1729394793510437	-0.17716416716575623
1892	0.3501036465167999	0.1729394793510437	-0.17716416716575623
1893	0.3501036465167999	0.1729394793510437	-0.17716416716575623
1894	0.3501036465167999	0.1729394793510437	-0.17716416716575623
1895	0.3501036465167999	0.1729394793510437	-0.17716416716575623
1896	0.3501036465167999	0.1729394793510437	-0.17716416716575623
1897	0.3501036465167999	0.1729394793510437	-0.17716416716575623
1898	0.3501036465167999	0.1729394793510437	-0.17716416716575623
1899	0.3501036465167999	0.1729394793510437	-0.17716416716575623
1900	0.3501036465167999	0.1729394793510437	-0.17716416716575623
1901	0.3501036465167999	0.1729394793510437	-0.17716416716575623
1902	0.3501036465167999	0.1729394793510437	-0.17716416716575623
1903	0.3501036465167999	0.1729394793510437	-0.17716416716575623
1904	0.3501036465167999	0.1729394793510437	-0.17716416716575623
1905	0.3501036465167999	0.1729394793510437	-0.17716416716575623
1906	0.3501036465167999	0.1729394793510437	-0.17716416716575623
1907	0.3501036465167999	0.1729394793510437	-0.17716416716575623
1908	0.3501036465167999	0.1729394793510437	-0.17716416716575623
1909	0.3501036465167999	0.1729394793510437	-0.17716416716575623
1910	0.3501036465167999	0.1729394793510437	-0.17716416716575623
1911	0.3501036465167999	0.1729394793510437	-0.17716416716575623
1912	0.3501036465167999	0.1729394793510437	-0.17716416716575623
1913	0.3501036465167999	0.1729394793510437	-0.17716416716575623
1914	0.3501036465167999	0.1729394793510437	-0.17716416716575623
1915	0.3501036465167999	0.1729394793510437	-0.17716416716575623
1916	0.3501036465167999	0.1729394793510437	-0.17716416716575623
1917	0.3501036465167999	0.1729394793510437	-0.17716416716575623
1918	0.3501036465167999	0.1729394793510437	-0.17716416716575623
1919	0.3501036465167999	0.1729394793510437	-0.17716416716575623
1920	0.3501036465167999	0.1729394793510437	-0.17716416716575623
1921	0.3501036465167999	0.1729394793510437	-0.17716416716575623
1922	0.3501036465167999	0.1729394793510437	-0.17716416716575623
1923	0.3501036465167999	0.1729394793510437	-0.17716416716575623
1924	0.3501036465167999	0.1729394793510437	-0.17716416716575623
1925	0.3501036465167999	0.1729394793510437	-0.17716416716575623
1926	0.3501036465167999	0.1729394793510437	-0.17716416716575623
1927	0.3501036465167999	0.1729394793510437	-0.17716416716575623
1928	0.3501036465167999	0.1729394793510437	-0.17716416716575623
1929	0.3501036465167999	0.1729394793510437	-0.17716416716575623
1930	0.3501036465167999	0.1729394793510437	-0.17716416716575623
1931	0.3501036465167999	0.1729394793510437	-0.17716416716575623
1932	0.3501036465167999	0.1729394793510437	-0.17716416716575623
1933	0.3501036465167999	0.1729394793510437	-0.17716416716575623
1934	0.3501036465167999	0.1729394793510437	-0.17716416716575623
1935	0.3501036465167999	0.1729394793510437	-0.17716416716575623
1936	0.3501036465167999	0.1729394793510437	-0.17716416716575623
1937	0.3501036465167999	0.1729394793510437	-0.17716416716575623
1938	0.3501036465167999	0.1729394793510437	-0.17716416716575623
1939	0.3501036465167999	0.1729394793510437	-0.17716416716575623
1940	0.3501036465167999	0.1729394793510437	-0.17716416716575623
1941	0.3501036465167999	0.1729394793510437	-0.17716416716575623
1942	0.3501036465167999	0.1729394793510437	-0.17716416716575623
1943	0.3501036465167999	0.1729394793510437	-0.17716416716575623
1944	0.3501036465167999	0.1729394793510437	-0.17716416716575623
1945	0.3501036465167999	0.1729394793510437	-0.17716416716575623
1946	0.3501036465167999	0.1729394793510437	-0.17716416716575623
1947	0.3501036465167999	0.1729394793510437	-0.17716416716575623
1948	0.3501036465167999	0.1729394793510437	-0.17716416716575623
1949	0.3501036465167999	0.1729394793510437	-0.17716416716575623
1950	0.3501036465167999	0.1729394793510437	-0.17716416716575623
1951	0.3501036465167999	0.1729394793510437	-0.17716416716575623
1952	0.3501036465167999	0.1729394793510437	-0.17716416716575623
1953	0.3501036465167999	0.1729394793510437	-0.17716416716575623
1954	0.3501036465167999	0.1729394793510437	-0.17716416716575623
1955	0.3501036465167999	0.1729394793510437	-0.17716416716575623
1956	0.3501036465167999	0.1729394793510437	-0.17716416716575623
1957	0.3501036465167999	0.1729394793510437	-0.17716416716575623
1958	0.3501036465167999	0.1729394793510437	-0.17716416716575623
1959	0.3501036465167999	0.1729394793510437	-0.17716416716575623
1960	0.3501036465167999	0.1729394793510437	-0.17716416716575623
1961	0.3501036465167999	0.1729394793510437	-0.17716416716575623
1962	0.3501036465167999	0.1729394793510437	-0.17716416716575623
1963	0.3501036465167999	0.1729394793510437	-0.17716416716575623
1964	0.3501036465167999	0.1729394793510437	-0.17716416716575623
1965	0.3501036465167999	0.1729394793510437	-0.17716416716575623
1966	0.3501036465167999	0.1729394793510437	-0.17716416716575623
1967	0.3501036465167999	0.1729394793510437	-0.17716416716575623
1968	0.3501036465167999	0.1729394793510437	-0.17716416716575623
1969	0.3501036465167999	0.1729394793510437	-0.17716416716575623
1970	0.3501036465167999	0.1729394793510437	-0.17716416716575623
1971	0.3501036465167999	0.1729394793510437	-0.17716416716575623
1972	0.3501036465167999	0.1729394793510437	-0.17716416716575623
1973	0.3501036465167999	0.1729394793510437	-0.17716416716575623
1974	0.3501036465167999	0.1729394793510437	-0.17716416716575623
1975	0.3501036465167999	0.1729394793510437	-0.17716416716575623
1976	0.3501036465167999	0.1729394793510437	-0.17716416716575623
1977	0.3501036465167999	0.1729394793510437	-0.17716416716575623
1978	0.3501036465167999	0.1729394793510437	-0.17716416716575623
1979	0.3501036465167999	0.1729394793510437	-0.17716416716575623
1980	0.3501036465167999	0.1729394793510437	-0.17716416716575623
1981	0.3501036465167999	0.1729394793510437	-0.17716416716575623
1982	0.3501036465167999	0.1729394793510437	-0.17716416716575623
1983	0.3501036465167999	0.1729394793510437	-0.17716416716575623
1984	0.3501036465167999	0.1729394793510437	-0.17716416716575623
1985	0.3501036465167999	0.1729394793510437	-0.17716416716575623
1986	0.3501036465167999	0.1729394793510437	-0.17716416716575623
1987	0.3501036465167999	0.1729394793510437	-0.17716416716575623
1988	0.3501036465167999	0.1729394793510437	-0.17716416716575623
1989	0.3501036465167999	0.1729394793510437	-0.17716416716575623
1990	0.3501036465167999	0.1729394793510437	-0.17716416716575623
1991	0.3501036465167999	0.1729394793510437	-0.17716416716575623
1992	0.3501036465167999	0.1729394793510437	-0.17716416716575623
1993	0.3501036465167999	0.1729394793510437	-0.17716416716575623
1994	0.3501036465167999	0.1729394793510437	-0.17716416716575623
1995	0.3501036465167999	0.1729394793510437	-0.17716416716575623
1996	0.3501036465167999	0.1729394793510437	-0.17716416716575623
1997	0.3501036465167999	0.1729394793510437	-0.17716416716575623
1998	0.3501036465167999	0.1729394793510437	-0.17716416716575623
1999	0.3501036465167999	0.1729394793510437	-0.17716416716575623
2000	0.3501036465167999	0.1729394793510437	-0.17716416716575623

Best Loss: 0.3501036465167999

Training Time (seconds): 554.7978658849897
