Iteration	Loss (h)	Total Cost (f)	Cost g
1	0.48967641592025757	0.48967641592025757	0
2	0.46917498111724854	0.4486735463142395	-0.020501434803009033
3	0.46422454714775085	0.43877267837524414	-0.025451868772506714
4	0.46203118562698364	0.4343859553337097	-0.027645230293273926
5	0.4594919681549072	0.4293075203895569	-0.030184447765350342
6	0.457253098487854	0.42482978105545044	-0.032423317432403564
7	0.45530807971954346	0.42093974351882935	-0.03436833620071411
8	0.452982097864151	0.41628777980804443	-0.03669431805610657
9	0.4483911395072937	0.40710586309432983	-0.04128527641296387
10	0.4431198537349701	0.3965632915496826	-0.046556562185287476
11	0.44172757863998413	0.3937787413597107	-0.04794883728027344
12	0.43985071778297424	0.3900250196456909	-0.049825698137283325
13	0.4379885494709015	0.3863006830215454	-0.05168786644935608
14	0.43711405992507935	0.3845517039299011	-0.05256235599517822
15	0.4364287853240967	0.3831811547279358	-0.05324763059616089
16	0.43598073720932007	0.38228505849838257	-0.0536956787109375
17	0.4356229901313782	0.3815695643424988	-0.054053425788879395
18	0.4353560209274292	0.38103562593460083	-0.05432039499282837
19	0.43517395853996277	0.38067150115966797	-0.0545024573802948
20	0.43499287962913513	0.3803093433380127	-0.054683536291122437
21	0.4348129630088806	0.37994951009750366	-0.05486345291137695
22	0.4346340596675873	0.379591703414917	-0.05504235625267029
23	0.4344562292098999	0.37923604249954224	-0.055220186710357666
24	0.4342794716358185	0.3788825273513794	-0.05539694428443909
25	0.43410128355026245	0.37852615118026733	-0.05557513236999512
26	0.4338628947734833	0.378049373626709	-0.05581352114677429
27	0.4335941672325134	0.3775119185447693	-0.05608224868774414
28	0.43277519941329956	0.37587398290634155	-0.05690121650695801
29	0.4324781596660614	0.37527990341186523	-0.05719825625419617
30	0.43216991424560547	0.37466341257095337	-0.0575065016746521
31	0.43179771304130554	0.3739190101623535	-0.057878702878952026
32	0.43148764967918396	0.37329888343811035	-0.05818876624107361
33	0.43118539452552795	0.37269437313079834	-0.058491021394729614
34	0.43093419075012207	0.3721919655799866	-0.0587422251701355
35	0.4306250512599945	0.37157368659973145	-0.05905136466026306
36	0.43040406703948975	0.3711317181587219	-0.05927234888076782
37	0.42997753620147705	0.37027865648269653	-0.05969887971878052
38	0.4297088384628296	0.3697412610054016	-0.05996757745742798
39	0.42942309379577637	0.36916977167129517	-0.0602533221244812
40	0.42920011281967163	0.3687238097190857	-0.06047630310058594
41	0.42891567945480347	0.36815494298934937	-0.0607607364654541
42	0.4287358522415161	0.36779528856277466	-0.060940563678741455
43	0.4284389019012451	0.36720138788223267	-0.06123751401901245
44	0.4277374744415283	0.3657985329627991	-0.06193894147872925
45	0.42693373560905457	0.36419105529785156	-0.062742680311203
46	0.4265781342983246	0.3634798526763916	-0.06309828162193298
47	0.4260621964931488	0.36244797706604004	-0.06361421942710876
48	0.4257812201976776	0.36188602447509766	-0.06389519572257996
49	0.424764484167099	0.35985255241394043	-0.06491193175315857
50	0.4243163764476776	0.35895633697509766	-0.06536003947257996
51	0.4236391484737396	0.3576018810272217	-0.06603726744651794
52	0.4229337275028229	0.3561910390853882	-0.06674268841743469
53	0.42261263728141785	0.3555488586425781	-0.06706377863883972
54	0.4217538833618164	0.35383135080337524	-0.06792253255844116
55	0.42131951451301575	0.3529626131057739	-0.06835690140724182
56	0.4206986427307129	0.3517208695411682	-0.06897777318954468
57	0.42009130120277405	0.3505061864852905	-0.06958511471748352
58	0.41972804069519043	0.3497796654701233	-0.06994837522506714
59	0.419005811214447	0.3483352065086365	-0.07067060470581055
60	0.4186260998249054	0.3475757837295532	-0.07105031609535217
61	0.41801974177360535	0.3463630676269531	-0.07165667414665222
62	0.4175129234790802	0.34534943103790283	-0.07216349244117737
63	0.41710802912712097	0.3445396423339844	-0.0725683867931366
64	0.4165100157260895	0.3433436155319214	-0.07316640019416809
65	0.41620153188705444	0.3427266478538513	-0.07347488403320312
66	0.4155910909175873	0.341505765914917	-0.07408532500267029
67	0.41518348455429077	0.340690553188324	-0.0744929313659668
68	0.41473859548568726	0.33980077505111694	-0.07493782043457031
69	0.41425567865371704	0.3388349413871765	-0.07542073726654053
70	0.41393956542015076	0.33820271492004395	-0.07573685050010681
71	0.4133049249649048	0.336933434009552	-0.07637149095535278
72	0.41229841113090515	0.33492040634155273	-0.07737800478935242
73	0.41168779134750366	0.33369916677474976	-0.0779886245727539
74	0.41072601079940796	0.33177560567855835	-0.07895040512084961
75	0.4101669192314148	0.330657422542572	-0.07950949668884277
76	0.40977683663368225	0.32987725734710693	-0.07989957928657532
77	0.4088360071182251	0.3279955983161926	-0.08084040880203247
78	0.4085337817668915	0.3273911476135254	-0.08114263415336609
79	0.4080445170402527	0.3264126181602478	-0.08163189888000488
80	0.4070546329021454	0.3244328498840332	-0.08262178301811218
81	0.4063756465911865	0.3230748772621155	-0.08330076932907104
82	0.4056723713874817	0.3216683268547058	-0.08400404453277588
83	0.40473538637161255	0.31979435682296753	-0.08494102954864502
84	0.4041725695133209	0.3186687231063843	-0.08550384640693665
85	0.40386566519737244	0.3180549144744873	-0.08581075072288513
86	0.4033997356891632	0.31712305545806885	-0.08627668023109436
87	0.40296947956085205	0.31626254320144653	-0.08670693635940552
88	0.4020472466945648	0.31441807746887207	-0.08762916922569275
89	0.4017089307308197	0.31374144554138184	-0.08796748518943787
90	0.40137967467308044	0.3130829334259033	-0.08829674124717712
91	0.4001854956150055	0.3106945753097534	-0.08949092030525208
92	0.39980530738830566	0.30993419885635376	-0.0898711085319519
93	0.39915186166763306	0.30862730741500854	-0.09052455425262451
94	0.3985501229763031	0.30742383003234863	-0.09112629294395447
95	0.3981720805168152	0.3066677451133728	-0.09150433540344238
96	0.3976764380931854	0.3056764602661133	-0.09199997782707214
97	0.3970962166786194	0.3045160174369812	-0.09258019924163818
98	0.3966963589191437	0.3037163019180298	-0.09298005700111389
99	0.39635616540908813	0.3030359148979187	-0.09332025051116943
100	0.3960338234901428	0.3023912310600281	-0.09364259243011475
101	0.39553362131118774	0.3013908267021179	-0.09414279460906982
102	0.3947812020778656	0.29988598823547363	-0.09489521384239197
103	0.39425793290138245	0.2988394498825073	-0.09541848301887512
104	0.3937375247478485	0.29779863357543945	-0.09593889117240906
105	0.3934011161327362	0.29712581634521484	-0.09627529978752136
106	0.3930152654647827	0.29635411500930786	-0.09666115045547485
107	0.39234307408332825	0.2950097322463989	-0.09733334183692932
108	0.39180776476860046	0.29393911361694336	-0.0978686511516571
109	0.3908672630786896	0.2920581102371216	-0.098809152841568
110	0.39063560962677	0.29159480333328247	-0.09904080629348755
111	0.39012327790260315	0.29057013988494873	-0.09955313801765442
112	0.38976719975471497	0.28985798358917236	-0.0999092161655426
113	0.38951826095581055	0.2893601059913635	-0.10015815496444702
114	0.38930562138557434	0.2889348268508911	-0.10037079453468323
115	0.38878074288368225	0.28788506984710693	-0.10089567303657532
116	0.3883949816226959	0.2871135473251343	-0.10128143429756165
117	0.3876022398471832	0.2855280637741089	-0.10207417607307434
118	0.38709044456481934	0.2845044732093811	-0.10258597135543823
119	0.3867458999156952	0.2838153839111328	-0.10293051600456238
120	0.38654911518096924	0.2834218144416809	-0.10312730073928833
121	0.3861260414123535	0.28257566690444946	-0.10355037450790405
122	0.38577568531036377	0.28187495470046997	-0.1039007306098938
123	0.38536983728408813	0.2810632586479187	-0.10430657863616943
124	0.38495102524757385	0.28022563457489014	-0.10472539067268372
125	0.38453781604766846	0.27939921617507935	-0.10513859987258911
126	0.384192556142807	0.27870869636535645	-0.10548385977745056
127	0.383606880903244	0.27753734588623047	-0.10606953501701355
128	0.38324272632598877	0.27680903673171997	-0.1064336895942688
129	0.382566899061203	0.27545738220214844	-0.10710951685905457
130	0.3823035657405853	0.2749307155609131	-0.10737285017967224
131	0.38200777769088745	0.27433913946151733	-0.10766863822937012
132	0.38158324360847473	0.2734900712966919	-0.10809317231178284
133	0.3811429738998413	0.27260953187942505	-0.10853344202041626
134	0.38077113032341003	0.2718658447265625	-0.10890528559684753
135	0.3805403411388397	0.2714042663574219	-0.10913607478141785
136	0.3801039457321167	0.27053147554397583	-0.10957247018814087
137	0.3797060549259186	0.2697356939315796	-0.10997036099433899
138	0.37932246923446655	0.26896852254867554	-0.11035394668579102
139	0.37909916043281555	0.26852190494537354	-0.11057725548744202
140	0.37871885299682617	0.2677612900733948	-0.1109575629234314
141	0.3784092366695404	0.26714205741882324	-0.11126717925071716
142	0.3782207667827606	0.26676511764526367	-0.11145564913749695
143	0.377847820520401	0.26601922512054443	-0.11182859539985657
144	0.3775608539581299	0.2654452919960022	-0.11211556196212769
145	0.3773552477359772	0.2650340795516968	-0.1123211681842804
146	0.3770861327648163	0.264495849609375	-0.11259028315544128
147	0.3768763840198517	0.2640763521194458	-0.11280003190040588
148	0.37645602226257324	0.2632356286048889	-0.11322039365768433
149	0.37610143423080444	0.2625264525413513	-0.11357498168945312
150	0.3753773868083954	0.2610783576965332	-0.11429902911186218
151	0.37488284707069397	0.26008927822113037	-0.1147935688495636
152	0.37452232837677	0.25936824083328247	-0.11515408754348755
153	0.3742689788341522	0.2588615417480469	-0.11540743708610535
154	0.3740866780281067	0.2584969401359558	-0.11558973789215088
155	0.37390562891960144	0.2581348419189453	-0.11577078700065613
156	0.3737257719039917	0.25777512788772583	-0.11595064401626587
157	0.37352466583251953	0.2573729157447815	-0.11615175008773804
158	0.3730728328227997	0.2564692497253418	-0.11660358309745789
159	0.3727433383464813	0.2558102607727051	-0.11693307757377625
160	0.37248456478118896	0.25529271364212036	-0.1171918511390686
161	0.372299462556839	0.2549225091934204	-0.11737695336341858
162	0.3721156120300293	0.254554808139801	-0.11756080389022827
163	0.37193211913108826	0.25418782234191895	-0.11774429678916931
164	0.37171000242233276	0.25374358892440796	-0.1179664134979248
165	0.3715211749076843	0.2533659338951111	-0.11815524101257324
166	0.37133359909057617	0.2529907822608948	-0.1183428168296814
167	0.3711473047733307	0.2526181936264038	-0.11852911114692688
168	0.3709622621536255	0.2522481083869934	-0.11871415376663208
169	0.3707784116268158	0.251880407333374	-0.11889800429344177
170	0.37059372663497925	0.2515110373497009	-0.11908268928527832
171	0.3702797293663025	0.2508830428123474	-0.11939668655395508
172	0.3699099123477936	0.2501434087753296	-0.11976650357246399
173	0.3696693181991577	0.24966222047805786	-0.12000709772109985
174	0.3694826662540436	0.2492889165878296	-0.12019374966621399
175	0.3692755699157715	0.2488747239112854	-0.12040084600448608
176	0.3689706325531006	0.2482648491859436	-0.12070578336715698
177	0.3686293959617615	0.24758237600326538	-0.1210470199584961
178	0.3683865964412689	0.24709677696228027	-0.12128981947898865
179	0.3681946098804474	0.2467128038406372	-0.12148180603981018
180	0.3680039346218109	0.24633145332336426	-0.12167248129844666
181	0.36781445145606995	0.24595248699188232	-0.12186196446418762
182	0.3676058053970337	0.24553519487380981	-0.12207061052322388
183	0.3673429489135742	0.24500948190689087	-0.12233346700668335
184	0.36702898144721985	0.24438154697418213	-0.12264743447303772
185	0.3667839765548706	0.24389153718948364	-0.12289243936538696
186	0.36658912897109985	0.24350184202194214	-0.12308728694915771
187	0.36639559268951416	0.24311476945877075	-0.12328082323074341
188	0.36620330810546875	0.24273020029067993	-0.12347310781478882
189	0.3659909665584564	0.24230551719665527	-0.12368544936180115
190	0.3657791316509247	0.2418818473815918	-0.12389728426933289
191	0.36556869745254517	0.24146097898483276	-0.1241077184677124
192	0.36535945534706116	0.24104249477386475	-0.12431696057319641
193	0.3651515543460846	0.24062669277191162	-0.12452486157417297
194	0.3649449348449707	0.24021345376968384	-0.12473148107528687
195	0.36473962664604187	0.23980283737182617	-0.1249367892742157
196	0.36453554034233093	0.2393946647644043	-0.12514087557792664
197	0.36433276534080505	0.23898911476135254	-0.12534365057945251
198	0.3641311824321747	0.2385859489440918	-0.12554523348808289
199	0.36393097043037415	0.23818552494049072	-0.12574544548988342
200	0.3637319803237915	0.23778754472732544	-0.12594443559646606
201	0.36353427171707153	0.2373921275138855	-0.12614214420318604
202	0.36333781480789185	0.23699921369552612	-0.12633860111236572
203	0.36314263939857483	0.2366088628768921	-0.12653377652168274
204	0.3629487156867981	0.23622101545333862	-0.12672770023345947
205	0.36275604367256165	0.23583567142486572	-0.12692037224769592
206	0.3625645935535431	0.2354527711868286	-0.12711182236671448
207	0.3623744547367096	0.23507249355316162	-0.12730196118354797
208	0.362185537815094	0.23469465970993042	-0.12749087810516357
209	0.36199793219566345	0.23431944847106934	-0.12767848372459412
210	0.36181142926216125	0.23394644260406494	-0.1278649866580963
211	0.3616262674331665	0.23357611894607544	-0.12805014848709106
212	0.3614365756511688	0.23319673538208008	-0.12823984026908875
213	0.3612399101257324	0.23280340433120728	-0.12843650579452515
214	0.3610444962978363	0.23241257667541504	-0.12863191962242126
215	0.3608502745628357	0.23202413320541382	-0.12882614135742188
216	0.36065733432769775	0.23163825273513794	-0.12901908159255981
217	0.3604656755924225	0.2312549352645874	-0.12921074032783508
218	0.3602752089500427	0.23087400197982788	-0.12940120697021484
219	0.360086053609848	0.23049569129943848	-0.12959036231040955
220	0.35989809036254883	0.2301197648048401	-0.12977832555770874
221	0.3597114086151123	0.22974640130996704	-0.12996500730514526
222	0.3595259487628937	0.22937548160552979	-0.1301504671573639
223	0.3593418002128601	0.22900718450546265	-0.13033461570739746
224	0.35915878415107727	0.22864115238189697	-0.1305176317691803
225	0.3589770495891571	0.22827768325805664	-0.13069936633110046
226	0.35879653692245483	0.2279166579246521	-0.13087987899780273
227	0.35861605405807495	0.22755569219589233	-0.13106036186218262
228	0.35830920934677124	0.2269420027732849	-0.13136720657348633
229	0.35771605372428894	0.2257556915283203	-0.13196036219596863
230	0.35744231939315796	0.22520822286605835	-0.1322340965270996
231	0.3571946322917938	0.22471284866333008	-0.13248178362846375
232	0.3570038378238678	0.22433125972747803	-0.13267257809638977
233	0.3568142354488373	0.223952054977417	-0.1328621804714203
234	0.35662591457366943	0.2235754132270813	-0.13305050134658813
235	0.3564387857913971	0.22320115566253662	-0.13323763012886047
236	0.3562529385089874	0.22282946109771729	-0.13342347741127014
237	0.3560682535171509	0.2224600911140442	-0.1336081624031067
238	0.3558848798274994	0.2220933437347412	-0.13379153609275818
239	0.3557027578353882	0.2217290997505188	-0.13397365808486938
240	0.3555217981338501	0.22136718034744263	-0.13415461778640747
241	0.3553420603275299	0.22100770473480225	-0.13433435559272766
242	0.3551636040210724	0.2206507921218872	-0.13451281189918518
243	0.35496941208839417	0.22026240825653076	-0.1347070038318634
244	0.3545531630516052	0.21942991018295288	-0.13512325286865234
245	0.3543034493923187	0.21893048286437988	-0.13537296652793884
246	0.35405561327934265	0.21843481063842773	-0.13562080264091492
247	0.3538718819618225	0.21806734800338745	-0.13580453395843506
248	0.35368940234184265	0.21770238876342773	-0.13598701357841492
249	0.3535081148147583	0.21733981370925903	-0.13616830110549927
250	0.35331109166145325	0.21694576740264893	-0.13636532425880432
251	0.35294079780578613	0.2162051796913147	-0.13673561811447144
252	0.35271355509757996	0.21575069427490234	-0.1369628608226776
253	0.35246533155441284	0.21525424718856812	-0.13721108436584473
254	0.3522787392139435	0.2148810625076294	-0.1373976767063141
255	0.35209348797798157	0.21451056003570557	-0.137582927942276
256	0.35190945863723755	0.21414250135421753	-0.13776695728302002
257	0.35170966386795044	0.2137429118156433	-0.13796675205230713
258	0.3513856828212738	0.21309494972229004	-0.13829073309898376
259	0.3510949909687042	0.21251356601715088	-0.13858142495155334
260	0.3508892357349396	0.21210205554962158	-0.138787180185318
261	0.35068467259407043	0.2116929292678833	-0.13899174332618713
262	0.35048145055770874	0.2112864851951599	-0.13919496536254883
263	0.35027942061424255	0.21088242530822754	-0.13939699530601501
264	0.35007867217063904	0.2104809284210205	-0.13959774374961853
265	0.3498792052268982	0.21008199453353882	-0.13979721069335938
266	0.34968101978302	0.20968562364578247	-0.13999539613723755
267	0.34948405623435974	0.20929169654846191	-0.14019235968589783
268	0.3492884039878845	0.20890039205551147	-0.14038801193237305
269	0.3490939140319824	0.20851141214370728	-0.14058250188827515
270	0.3489007353782654	0.2081250548362732	-0.1407756805419922
271	0.34870877861976624	0.2077411413192749	-0.14096763730049133
272	0.34851810336112976	0.20735979080200195	-0.1411583125591278
273	0.3483286201953888	0.20698082447052002	-0.14134779572486877
274	0.3481403887271881	0.20660436153411865	-0.14153602719306946
275	0.3479534387588501	0.20623046159744263	-0.14172297716140747
276	0.3477676510810852	0.20585888624191284	-0.14190876483917236
277	0.34758320450782776	0.20548999309539795	-0.1420932114124298
278	0.34739986062049866	0.20512330532073975	-0.1422765552997589
279	0.3472177982330322	0.20475918054580688	-0.14245861768722534
280	0.34703701734542847	0.20439761877059937	-0.1426393985748291
281	0.34684595465660095	0.20401549339294434	-0.14283046126365662
282	0.3466140329837799	0.20355165004730225	-0.14306238293647766
283	0.34642067551612854	0.2031649351119995	-0.14325574040412903
284	0.34622853994369507	0.20278066396713257	-0.1434478759765625
285	0.34609895944595337	0.20252150297164917	-0.1435774564743042
286	0.34584033489227295	0.20200425386428833	-0.14383608102798462
287	0.3456825911998749	0.2016887664794922	-0.1439938247203827
288	0.34554338455200195	0.20141035318374634	-0.14413303136825562
289	0.34540730714797974	0.2011381983757019	-0.14426910877227783
290	0.34520918130874634	0.2007419466972351	-0.14446723461151123
291	0.3449961543083191	0.20031589269638062	-0.14468026161193848
292	0.34470683336257935	0.19973725080490112	-0.14496958255767822
293	0.34458568692207336	0.19949495792388916	-0.1450907289981842
294	0.34436535835266113	0.1990543007850647	-0.14531105756759644
295	0.3441707193851471	0.19866502285003662	-0.14550569653511047
296	0.34395673871040344	0.19823706150054932	-0.14571967720985413
297	0.3438422381877899	0.19800806045532227	-0.14583417773246765
298	0.3436640501022339	0.1976516842842102	-0.14601236581802368
299	0.3434247076511383	0.19717299938201904	-0.14625170826911926
300	0.34328603744506836	0.19689565896987915	-0.1463903784751892
301	0.34310266375541687	0.19652891159057617	-0.1465737521648407
302	0.34291359782218933	0.1961507797241211	-0.14676281809806824
303	0.3428058326244354	0.19593524932861328	-0.14687058329582214
304	0.3426797091960907	0.19568300247192383	-0.14699670672416687
305	0.3424580693244934	0.19523972272872925	-0.14721834659576416
306	0.34232813119888306	0.19497984647750854	-0.1473482847213745
307	0.3422010540962219	0.19472569227218628	-0.14747536182403564
308	0.3420225977897644	0.19436877965927124	-0.14765381813049316
309	0.3419242203235626	0.19417202472686768	-0.14775219559669495
310	0.34181836247444153	0.1939603090286255	-0.14785805344581604
311	0.34174588322639465	0.19381535053253174	-0.14793053269386292
312	0.34156084060668945	0.19344526529312134	-0.14811557531356812
313	0.34140539169311523	0.1931343674659729	-0.14827102422714233
314	0.34118130803108215	0.19268620014190674	-0.14849510788917542
315	0.34110721945762634	0.19253802299499512	-0.14856919646263123
316	0.34088921546936035	0.19210201501846313	-0.14878720045089722
317	0.3407529592514038	0.19182950258255005	-0.14892345666885376
318	0.3402559757232666	0.19083553552627563	-0.14942044019699097
319	0.34015393257141113	0.1906314492225647	-0.14952248334884644
320	0.33999544382095337	0.19031447172164917	-0.1496809720993042
321	0.33984580636024475	0.19001519680023193	-0.14983060956001282
322	0.3397434949874878	0.18981057405471802	-0.14993292093276978
323	0.33963415026664734	0.1895918846130371	-0.15004226565361023
324	0.3394552171230316	0.18923401832580566	-0.15022119879722595
325	0.33935821056365967	0.18904000520706177	-0.1503182053565979
326	0.33925363421440125	0.18883085250854492	-0.15042278170585632
327	0.3391117453575134	0.1885470747947693	-0.15056467056274414
328	0.33901551365852356	0.18835461139678955	-0.150660902261734
329	0.33895397186279297	0.18823152780532837	-0.1507224440574646
330	0.3387855887413025	0.1878947615623474	-0.15089082717895508
331	0.3386935889720917	0.18771076202392578	-0.1509828269481659
332	0.33863794803619385	0.18759948015213013	-0.15103846788406372
333	0.338477224111557	0.18727803230285645	-0.15119919180870056
334	0.33829474449157715	0.18691307306289673	-0.15138167142868042
335	0.3382183909416199	0.18676036596298218	-0.1514580249786377
336	0.33814287185668945	0.18660932779312134	-0.15153354406356812
337	0.3379935920238495	0.1863107681274414	-0.15168282389640808
338	0.3378821611404419	0.18608790636062622	-0.15179425477981567
339	0.3378254175186157	0.18597441911697388	-0.15185099840164185
340	0.3376801609992981	0.18568390607833862	-0.15199625492095947
341	0.3375803828239441	0.18548434972763062	-0.15209603309631348
342	0.33755233883857727	0.18542826175689697	-0.1521240770816803
343	0.3374163806438446	0.18515634536743164	-0.15226003527641296
344	0.33734530210494995	0.18501418828964233	-0.15233111381530762
345	0.3373035192489624	0.18493062257766724	-0.15237289667129517
346	0.33720630407333374	0.1847361922264099	-0.15247011184692383
347	0.337091863155365	0.1845073103904724	-0.15258455276489258
348	0.33704471588134766	0.18441301584243774	-0.1526317000389099
349	0.33691516518592834	0.18415391445159912	-0.15276125073432922
350	0.33687281608581543	0.1840692162513733	-0.15280359983444214
351	0.336761474609375	0.18384653329849243	-0.15291494131088257
352	0.33667606115341187	0.18367570638656616	-0.1530003547668457
353	0.33665427565574646	0.18363213539123535	-0.1530221402645111
354	0.3365583121776581	0.1834402084350586	-0.1531181037425995
355	0.3364259600639343	0.18317550420761108	-0.15325045585632324
356	0.33631229400634766	0.18294817209243774	-0.1533641219139099
357	0.3362257480621338	0.18277508020401	-0.15345066785812378
358	0.33620721101760864	0.18273800611495972	-0.15346920490264893
359	0.3361041843891144	0.1825319528579712	-0.1535722315311432
360	0.33600670099258423	0.1823369860649109	-0.15366971492767334
361	0.3359512686729431	0.18222612142562866	-0.15372514724731445
362	0.3358301520347595	0.18198388814926147	-0.15384626388549805
363	0.33570894598960876	0.18174147605895996	-0.1539674699306488
364	0.33567455410957336	0.18167269229888916	-0.1540018618106842
365	0.3355633020401001	0.18145018815994263	-0.15411311388015747
366	0.3354620337486267	0.18124765157699585	-0.15421438217163086
367	0.3354012966156006	0.1811261773109436	-0.15427511930465698
368	0.33528652787208557	0.18089663982391357	-0.154389888048172
369	0.3352583646774292	0.18084031343460083	-0.15441805124282837
370	0.33514004945755005	0.18060368299484253	-0.15453636646270752
371	0.33507055044174194	0.18046468496322632	-0.15460586547851562
372	0.33506494760513306	0.18045347929000854	-0.1546114683151245
373	0.33496180176734924	0.18024718761444092	-0.15471461415290833
374	0.33486294746398926	0.18004947900772095	-0.1548134684562683
375	0.3348456025123596	0.18001478910446167	-0.15483081340789795
376	0.3347008526325226	0.1797252893447876	-0.15497556328773499
377	0.3346691429615021	0.17966187000274658	-0.1550072729587555
378	0.33458513021469116	0.17949384450912476	-0.1550912857055664
379	0.33451223373413086	0.17934805154800415	-0.1551641821861267
380	0.3344993591308594	0.17932230234146118	-0.1551770567893982
381	0.33443325757980347	0.17919009923934937	-0.1552431583404541
382	0.3342888355255127	0.17890125513076782	-0.15538758039474487
383	0.33417969942092896	0.17868298292160034	-0.1554967164993286
384	0.33417052030563354	0.17866462469100952	-0.15550589561462402
385	0.3339916467666626	0.17830687761306763	-0.15568476915359497
386	0.33394500613212585	0.17821359634399414	-0.1557314097881317
387	0.33381566405296326	0.17795491218566895	-0.1558607518672943
388	0.33378690481185913	0.1778973937034607	-0.15588951110839844
389	0.3336799740791321	0.1776835322380066	-0.1559964418411255
390	0.3336103558540344	0.17754429578781128	-0.15606606006622314
391	0.33360064029693604	0.1775248646736145	-0.15607577562332153
392	0.3335122764110565	0.17734813690185547	-0.15616413950920105
393	0.33342570066452026	0.17717498540878296	-0.1562507152557373
394	0.33337676525115967	0.17707711458206177	-0.1562996506690979
395	0.33327460289001465	0.17687278985977173	-0.15640181303024292
396	0.333146870136261	0.1766173243522644	-0.15652954578399658
397	0.3331168591976166	0.17655730247497559	-0.156559556722641
398	0.3330334722995758	0.17639052867889404	-0.15664294362068176
399	0.33293405175209045	0.17619168758392334	-0.15674236416816711
400	0.3328966200351715	0.17611682415008545	-0.15677979588508606
401	0.33279338479042053	0.1759103536605835	-0.15688303112983704
402	0.33276647329330444	0.17585653066635132	-0.15690994262695312
403	0.33267244696617126	0.17566847801208496	-0.1570039689540863
404	0.3326064944267273	0.17553657293319702	-0.15706992149353027
405	0.3325950801372528	0.17551374435424805	-0.15708133578300476
406	0.33252400159835815	0.17537158727645874	-0.15715241432189941
407	0.3324442505836487	0.1752120852470398	-0.1572321653366089
408	0.33232325315475464	0.1749700903892517	-0.15735316276550293
409	0.3323158919811249	0.1749553680419922	-0.1573605239391327
410	0.33221435546875	0.17475229501724243	-0.15746206045150757
411	0.33213430643081665	0.17459219694137573	-0.15754210948944092
412	0.33207857608795166	0.17448073625564575	-0.1575978398323059
413	0.33199232816696167	0.17430824041366577	-0.1576840877532959
414	0.33198320865631104	0.1742900013923645	-0.15769320726394653
415	0.33187952637672424	0.17408263683319092	-0.15779688954353333
416	0.33183544874191284	0.17399448156356812	-0.15784096717834473
417	0.33183544874191284	0.17399448156356812	-0.15784096717834473
418	0.3314792513847351	0.17328208684921265	-0.15819716453552246
419	0.3314792513847351	0.17328208684921265	-0.15819716453552246
420	0.3314792513847351	0.17328208684921265	-0.15819716453552246
421	0.3314792513847351	0.17328208684921265	-0.15819716453552246
422	0.3314792513847351	0.17328208684921265	-0.15819716453552246
423	0.3314792513847351	0.17328208684921265	-0.15819716453552246
424	0.3314792513847351	0.17328208684921265	-0.15819716453552246
425	0.3314792513847351	0.17328208684921265	-0.15819716453552246
426	0.3314792513847351	0.17328208684921265	-0.15819716453552246
427	0.3314792513847351	0.17328208684921265	-0.15819716453552246
428	0.3314792513847351	0.17328208684921265	-0.15819716453552246
429	0.3314792513847351	0.17328208684921265	-0.15819716453552246
430	0.3314792513847351	0.17328208684921265	-0.15819716453552246
431	0.3314792513847351	0.17328208684921265	-0.15819716453552246
432	0.3314792513847351	0.17328208684921265	-0.15819716453552246
433	0.3314792513847351	0.17328208684921265	-0.15819716453552246
434	0.3314792513847351	0.17328208684921265	-0.15819716453552246
435	0.3314792513847351	0.17328208684921265	-0.15819716453552246
436	0.3314792513847351	0.17328208684921265	-0.15819716453552246
437	0.3314792513847351	0.17328208684921265	-0.15819716453552246
438	0.3314792513847351	0.17328208684921265	-0.15819716453552246
439	0.3314792513847351	0.17328208684921265	-0.15819716453552246
440	0.3314792513847351	0.17328208684921265	-0.15819716453552246
441	0.3314792513847351	0.17328208684921265	-0.15819716453552246
442	0.3314792513847351	0.17328208684921265	-0.15819716453552246
443	0.3314792513847351	0.17328208684921265	-0.15819716453552246
444	0.3314792513847351	0.17328208684921265	-0.15819716453552246
445	0.3314792513847351	0.17328208684921265	-0.15819716453552246
446	0.3314792513847351	0.17328208684921265	-0.15819716453552246
447	0.3314792513847351	0.17328208684921265	-0.15819716453552246
448	0.3314792513847351	0.17328208684921265	-0.15819716453552246
449	0.3314792513847351	0.17328208684921265	-0.15819716453552246
450	0.3314792513847351	0.17328208684921265	-0.15819716453552246
451	0.3314792513847351	0.17328208684921265	-0.15819716453552246
452	0.3314792513847351	0.17328208684921265	-0.15819716453552246
453	0.3314792513847351	0.17328208684921265	-0.15819716453552246
454	0.3314792513847351	0.17328208684921265	-0.15819716453552246
455	0.3314792513847351	0.17328208684921265	-0.15819716453552246
456	0.3314792513847351	0.17328208684921265	-0.15819716453552246
457	0.3314792513847351	0.17328208684921265	-0.15819716453552246
458	0.3314792513847351	0.17328208684921265	-0.15819716453552246
459	0.3314792513847351	0.17328208684921265	-0.15819716453552246
460	0.3314792513847351	0.17328208684921265	-0.15819716453552246
461	0.3314792513847351	0.17328208684921265	-0.15819716453552246
462	0.3314792513847351	0.17328208684921265	-0.15819716453552246
463	0.3314792513847351	0.17328208684921265	-0.15819716453552246
464	0.3314792513847351	0.17328208684921265	-0.15819716453552246
465	0.3314792513847351	0.17328208684921265	-0.15819716453552246
466	0.3314792513847351	0.17328208684921265	-0.15819716453552246
467	0.3314792513847351	0.17328208684921265	-0.15819716453552246
468	0.3314792513847351	0.17328208684921265	-0.15819716453552246
469	0.3314792513847351	0.17328208684921265	-0.15819716453552246
470	0.3314792513847351	0.17328208684921265	-0.15819716453552246
471	0.3314792513847351	0.17328208684921265	-0.15819716453552246
472	0.3314792513847351	0.17328208684921265	-0.15819716453552246
473	0.3314792513847351	0.17328208684921265	-0.15819716453552246
474	0.3314792513847351	0.17328208684921265	-0.15819716453552246
475	0.3314792513847351	0.17328208684921265	-0.15819716453552246
476	0.3314792513847351	0.17328208684921265	-0.15819716453552246
477	0.3314792513847351	0.17328208684921265	-0.15819716453552246
478	0.3314792513847351	0.17328208684921265	-0.15819716453552246
479	0.3314792513847351	0.17328208684921265	-0.15819716453552246
480	0.3314792513847351	0.17328208684921265	-0.15819716453552246
481	0.3314792513847351	0.17328208684921265	-0.15819716453552246
482	0.3314792513847351	0.17328208684921265	-0.15819716453552246
483	0.3314792513847351	0.17328208684921265	-0.15819716453552246
484	0.3314792513847351	0.17328208684921265	-0.15819716453552246
485	0.3314792513847351	0.17328208684921265	-0.15819716453552246
486	0.3314792513847351	0.17328208684921265	-0.15819716453552246
487	0.3314792513847351	0.17328208684921265	-0.15819716453552246
488	0.3314792513847351	0.17328208684921265	-0.15819716453552246
489	0.3314792513847351	0.17328208684921265	-0.15819716453552246
490	0.3314792513847351	0.17328208684921265	-0.15819716453552246
491	0.3314792513847351	0.17328208684921265	-0.15819716453552246
492	0.3314792513847351	0.17328208684921265	-0.15819716453552246
493	0.3314792513847351	0.17328208684921265	-0.15819716453552246
494	0.3314792513847351	0.17328208684921265	-0.15819716453552246
495	0.3314792513847351	0.17328208684921265	-0.15819716453552246
496	0.3314792513847351	0.17328208684921265	-0.15819716453552246
497	0.3314792513847351	0.17328208684921265	-0.15819716453552246
498	0.3314792513847351	0.17328208684921265	-0.15819716453552246
499	0.3314792513847351	0.17328208684921265	-0.15819716453552246
500	0.3314792513847351	0.17328208684921265	-0.15819716453552246
501	0.3314792513847351	0.17328208684921265	-0.15819716453552246
502	0.3314792513847351	0.17328208684921265	-0.15819716453552246
503	0.3314792513847351	0.17328208684921265	-0.15819716453552246
504	0.3314792513847351	0.17328208684921265	-0.15819716453552246
505	0.3314792513847351	0.17328208684921265	-0.15819716453552246
506	0.3314792513847351	0.17328208684921265	-0.15819716453552246
507	0.3314792513847351	0.17328208684921265	-0.15819716453552246
508	0.3314792513847351	0.17328208684921265	-0.15819716453552246
509	0.3314792513847351	0.17328208684921265	-0.15819716453552246
510	0.3314792513847351	0.17328208684921265	-0.15819716453552246
511	0.3314792513847351	0.17328208684921265	-0.15819716453552246
512	0.3314792513847351	0.17328208684921265	-0.15819716453552246
513	0.3314792513847351	0.17328208684921265	-0.15819716453552246
514	0.3314792513847351	0.17328208684921265	-0.15819716453552246
515	0.3314792513847351	0.17328208684921265	-0.15819716453552246
516	0.3314792513847351	0.17328208684921265	-0.15819716453552246
517	0.3314792513847351	0.17328208684921265	-0.15819716453552246
518	0.3314792513847351	0.17328208684921265	-0.15819716453552246
519	0.3314792513847351	0.17328208684921265	-0.15819716453552246
520	0.3314792513847351	0.17328208684921265	-0.15819716453552246
521	0.3314792513847351	0.17328208684921265	-0.15819716453552246
522	0.3314792513847351	0.17328208684921265	-0.15819716453552246
523	0.3314792513847351	0.17328208684921265	-0.15819716453552246
524	0.3314792513847351	0.17328208684921265	-0.15819716453552246
525	0.3314792513847351	0.17328208684921265	-0.15819716453552246
526	0.3314792513847351	0.17328208684921265	-0.15819716453552246
527	0.3314792513847351	0.17328208684921265	-0.15819716453552246
528	0.3314792513847351	0.17328208684921265	-0.15819716453552246
529	0.3314792513847351	0.17328208684921265	-0.15819716453552246
530	0.3314792513847351	0.17328208684921265	-0.15819716453552246
531	0.3314792513847351	0.17328208684921265	-0.15819716453552246
532	0.3314792513847351	0.17328208684921265	-0.15819716453552246
533	0.3314792513847351	0.17328208684921265	-0.15819716453552246
534	0.3314792513847351	0.17328208684921265	-0.15819716453552246
535	0.3314792513847351	0.17328208684921265	-0.15819716453552246
536	0.3314792513847351	0.17328208684921265	-0.15819716453552246
537	0.3314792513847351	0.17328208684921265	-0.15819716453552246
538	0.3314792513847351	0.17328208684921265	-0.15819716453552246
539	0.3314792513847351	0.17328208684921265	-0.15819716453552246
540	0.3314792513847351	0.17328208684921265	-0.15819716453552246
541	0.3314792513847351	0.17328208684921265	-0.15819716453552246
542	0.3314792513847351	0.17328208684921265	-0.15819716453552246
543	0.3314792513847351	0.17328208684921265	-0.15819716453552246
544	0.3314792513847351	0.17328208684921265	-0.15819716453552246
545	0.3314792513847351	0.17328208684921265	-0.15819716453552246
546	0.3314792513847351	0.17328208684921265	-0.15819716453552246
547	0.3314792513847351	0.17328208684921265	-0.15819716453552246
548	0.3314792513847351	0.17328208684921265	-0.15819716453552246
549	0.3314792513847351	0.17328208684921265	-0.15819716453552246
550	0.3314792513847351	0.17328208684921265	-0.15819716453552246
551	0.3314792513847351	0.17328208684921265	-0.15819716453552246
552	0.3314792513847351	0.17328208684921265	-0.15819716453552246
553	0.3314792513847351	0.17328208684921265	-0.15819716453552246
554	0.3314792513847351	0.17328208684921265	-0.15819716453552246
555	0.3314792513847351	0.17328208684921265	-0.15819716453552246
556	0.3314792513847351	0.17328208684921265	-0.15819716453552246
557	0.3314792513847351	0.17328208684921265	-0.15819716453552246
558	0.3314792513847351	0.17328208684921265	-0.15819716453552246
559	0.3314792513847351	0.17328208684921265	-0.15819716453552246
560	0.3314792513847351	0.17328208684921265	-0.15819716453552246
561	0.3314792513847351	0.17328208684921265	-0.15819716453552246
562	0.3314792513847351	0.17328208684921265	-0.15819716453552246
563	0.3314792513847351	0.17328208684921265	-0.15819716453552246
564	0.3314792513847351	0.17328208684921265	-0.15819716453552246
565	0.3314792513847351	0.17328208684921265	-0.15819716453552246
566	0.3314792513847351	0.17328208684921265	-0.15819716453552246
567	0.3314792513847351	0.17328208684921265	-0.15819716453552246
568	0.3314792513847351	0.17328208684921265	-0.15819716453552246
569	0.3314792513847351	0.17328208684921265	-0.15819716453552246
570	0.3314792513847351	0.17328208684921265	-0.15819716453552246
571	0.3314792513847351	0.17328208684921265	-0.15819716453552246
572	0.3314792513847351	0.17328208684921265	-0.15819716453552246
573	0.3314792513847351	0.17328208684921265	-0.15819716453552246
574	0.3314792513847351	0.17328208684921265	-0.15819716453552246
575	0.3314792513847351	0.17328208684921265	-0.15819716453552246
576	0.3314792513847351	0.17328208684921265	-0.15819716453552246
577	0.3314792513847351	0.17328208684921265	-0.15819716453552246
578	0.3314792513847351	0.17328208684921265	-0.15819716453552246
579	0.3314792513847351	0.17328208684921265	-0.15819716453552246
580	0.3314792513847351	0.17328208684921265	-0.15819716453552246
581	0.3314792513847351	0.17328208684921265	-0.15819716453552246
582	0.3314792513847351	0.17328208684921265	-0.15819716453552246
583	0.3314792513847351	0.17328208684921265	-0.15819716453552246
584	0.3314792513847351	0.17328208684921265	-0.15819716453552246
585	0.3314792513847351	0.17328208684921265	-0.15819716453552246
586	0.3314792513847351	0.17328208684921265	-0.15819716453552246
587	0.3314792513847351	0.17328208684921265	-0.15819716453552246
588	0.3314792513847351	0.17328208684921265	-0.15819716453552246
589	0.3314792513847351	0.17328208684921265	-0.15819716453552246
590	0.3314792513847351	0.17328208684921265	-0.15819716453552246
591	0.3314792513847351	0.17328208684921265	-0.15819716453552246
592	0.3314792513847351	0.17328208684921265	-0.15819716453552246
593	0.3314792513847351	0.17328208684921265	-0.15819716453552246
594	0.3314792513847351	0.17328208684921265	-0.15819716453552246
595	0.3314792513847351	0.17328208684921265	-0.15819716453552246
596	0.3314792513847351	0.17328208684921265	-0.15819716453552246
597	0.3314792513847351	0.17328208684921265	-0.15819716453552246
598	0.3314792513847351	0.17328208684921265	-0.15819716453552246
599	0.3314792513847351	0.17328208684921265	-0.15819716453552246
600	0.3314792513847351	0.17328208684921265	-0.15819716453552246
601	0.3314792513847351	0.17328208684921265	-0.15819716453552246
602	0.3314792513847351	0.17328208684921265	-0.15819716453552246
603	0.3314792513847351	0.17328208684921265	-0.15819716453552246
604	0.3314792513847351	0.17328208684921265	-0.15819716453552246
605	0.3314792513847351	0.17328208684921265	-0.15819716453552246
606	0.3314792513847351	0.17328208684921265	-0.15819716453552246
607	0.3314792513847351	0.17328208684921265	-0.15819716453552246
608	0.3314792513847351	0.17328208684921265	-0.15819716453552246
609	0.3314792513847351	0.17328208684921265	-0.15819716453552246
610	0.3314792513847351	0.17328208684921265	-0.15819716453552246
611	0.3314792513847351	0.17328208684921265	-0.15819716453552246
612	0.3314792513847351	0.17328208684921265	-0.15819716453552246
613	0.3314792513847351	0.17328208684921265	-0.15819716453552246
614	0.3314792513847351	0.17328208684921265	-0.15819716453552246
615	0.3314792513847351	0.17328208684921265	-0.15819716453552246
616	0.3314792513847351	0.17328208684921265	-0.15819716453552246
617	0.3314792513847351	0.17328208684921265	-0.15819716453552246
618	0.3314792513847351	0.17328208684921265	-0.15819716453552246
619	0.3314792513847351	0.17328208684921265	-0.15819716453552246
620	0.3314792513847351	0.17328208684921265	-0.15819716453552246
621	0.3314792513847351	0.17328208684921265	-0.15819716453552246
622	0.3314792513847351	0.17328208684921265	-0.15819716453552246
623	0.3314792513847351	0.17328208684921265	-0.15819716453552246
624	0.3314792513847351	0.17328208684921265	-0.15819716453552246
625	0.3314792513847351	0.17328208684921265	-0.15819716453552246
626	0.3314792513847351	0.17328208684921265	-0.15819716453552246
627	0.3314792513847351	0.17328208684921265	-0.15819716453552246
628	0.3314792513847351	0.17328208684921265	-0.15819716453552246
629	0.3314792513847351	0.17328208684921265	-0.15819716453552246
630	0.3314792513847351	0.17328208684921265	-0.15819716453552246
631	0.3314792513847351	0.17328208684921265	-0.15819716453552246
632	0.3314792513847351	0.17328208684921265	-0.15819716453552246
633	0.3314792513847351	0.17328208684921265	-0.15819716453552246
634	0.3314792513847351	0.17328208684921265	-0.15819716453552246
635	0.3314792513847351	0.17328208684921265	-0.15819716453552246
636	0.3314792513847351	0.17328208684921265	-0.15819716453552246
637	0.3314792513847351	0.17328208684921265	-0.15819716453552246
638	0.3314792513847351	0.17328208684921265	-0.15819716453552246
639	0.3314792513847351	0.17328208684921265	-0.15819716453552246
640	0.3314792513847351	0.17328208684921265	-0.15819716453552246
641	0.3314792513847351	0.17328208684921265	-0.15819716453552246
642	0.3314792513847351	0.17328208684921265	-0.15819716453552246
643	0.3314792513847351	0.17328208684921265	-0.15819716453552246
644	0.3314792513847351	0.17328208684921265	-0.15819716453552246
645	0.3314792513847351	0.17328208684921265	-0.15819716453552246
646	0.3314792513847351	0.17328208684921265	-0.15819716453552246
647	0.3314792513847351	0.17328208684921265	-0.15819716453552246
648	0.3314792513847351	0.17328208684921265	-0.15819716453552246
649	0.3314792513847351	0.17328208684921265	-0.15819716453552246
650	0.3314792513847351	0.17328208684921265	-0.15819716453552246
651	0.3314792513847351	0.17328208684921265	-0.15819716453552246
652	0.3314792513847351	0.17328208684921265	-0.15819716453552246
653	0.3314792513847351	0.17328208684921265	-0.15819716453552246
654	0.3314792513847351	0.17328208684921265	-0.15819716453552246
655	0.3314792513847351	0.17328208684921265	-0.15819716453552246
656	0.3314792513847351	0.17328208684921265	-0.15819716453552246
657	0.3314792513847351	0.17328208684921265	-0.15819716453552246
658	0.3314792513847351	0.17328208684921265	-0.15819716453552246
659	0.3314792513847351	0.17328208684921265	-0.15819716453552246
660	0.3314792513847351	0.17328208684921265	-0.15819716453552246
661	0.3314792513847351	0.17328208684921265	-0.15819716453552246
662	0.3314792513847351	0.17328208684921265	-0.15819716453552246
663	0.3314792513847351	0.17328208684921265	-0.15819716453552246
664	0.3314792513847351	0.17328208684921265	-0.15819716453552246
665	0.3314792513847351	0.17328208684921265	-0.15819716453552246
666	0.3314792513847351	0.17328208684921265	-0.15819716453552246
667	0.3314792513847351	0.17328208684921265	-0.15819716453552246
668	0.3314792513847351	0.17328208684921265	-0.15819716453552246
669	0.3314792513847351	0.17328208684921265	-0.15819716453552246
670	0.3314792513847351	0.17328208684921265	-0.15819716453552246
671	0.3314792513847351	0.17328208684921265	-0.15819716453552246
672	0.3314792513847351	0.17328208684921265	-0.15819716453552246
673	0.3314792513847351	0.17328208684921265	-0.15819716453552246
674	0.3314792513847351	0.17328208684921265	-0.15819716453552246
675	0.3314792513847351	0.17328208684921265	-0.15819716453552246
676	0.3314792513847351	0.17328208684921265	-0.15819716453552246
677	0.3314792513847351	0.17328208684921265	-0.15819716453552246
678	0.3314792513847351	0.17328208684921265	-0.15819716453552246
679	0.3314792513847351	0.17328208684921265	-0.15819716453552246
680	0.3314792513847351	0.17328208684921265	-0.15819716453552246
681	0.3314792513847351	0.17328208684921265	-0.15819716453552246
682	0.3314792513847351	0.17328208684921265	-0.15819716453552246
683	0.3314792513847351	0.17328208684921265	-0.15819716453552246
684	0.3314792513847351	0.17328208684921265	-0.15819716453552246
685	0.3314792513847351	0.17328208684921265	-0.15819716453552246
686	0.3314792513847351	0.17328208684921265	-0.15819716453552246
687	0.3314792513847351	0.17328208684921265	-0.15819716453552246
688	0.3314792513847351	0.17328208684921265	-0.15819716453552246
689	0.3314792513847351	0.17328208684921265	-0.15819716453552246
690	0.3314792513847351	0.17328208684921265	-0.15819716453552246
691	0.3314792513847351	0.17328208684921265	-0.15819716453552246
692	0.3314792513847351	0.17328208684921265	-0.15819716453552246
693	0.3314792513847351	0.17328208684921265	-0.15819716453552246
694	0.3314792513847351	0.17328208684921265	-0.15819716453552246
695	0.3314792513847351	0.17328208684921265	-0.15819716453552246
696	0.3314792513847351	0.17328208684921265	-0.15819716453552246
697	0.3314792513847351	0.17328208684921265	-0.15819716453552246
698	0.3314792513847351	0.17328208684921265	-0.15819716453552246
699	0.3314792513847351	0.17328208684921265	-0.15819716453552246
700	0.3314792513847351	0.17328208684921265	-0.15819716453552246
701	0.3314792513847351	0.17328208684921265	-0.15819716453552246
702	0.3314792513847351	0.17328208684921265	-0.15819716453552246
703	0.3314792513847351	0.17328208684921265	-0.15819716453552246
704	0.3314792513847351	0.17328208684921265	-0.15819716453552246
705	0.3314792513847351	0.17328208684921265	-0.15819716453552246
706	0.3314792513847351	0.17328208684921265	-0.15819716453552246
707	0.3314792513847351	0.17328208684921265	-0.15819716453552246
708	0.3314792513847351	0.17328208684921265	-0.15819716453552246
709	0.3314792513847351	0.17328208684921265	-0.15819716453552246
710	0.3314792513847351	0.17328208684921265	-0.15819716453552246
711	0.3314792513847351	0.17328208684921265	-0.15819716453552246
712	0.3314792513847351	0.17328208684921265	-0.15819716453552246
713	0.3314792513847351	0.17328208684921265	-0.15819716453552246
714	0.3314792513847351	0.17328208684921265	-0.15819716453552246
715	0.3314792513847351	0.17328208684921265	-0.15819716453552246
716	0.3314792513847351	0.17328208684921265	-0.15819716453552246
717	0.3314792513847351	0.17328208684921265	-0.15819716453552246
718	0.3314792513847351	0.17328208684921265	-0.15819716453552246
719	0.3314792513847351	0.17328208684921265	-0.15819716453552246
720	0.3314792513847351	0.17328208684921265	-0.15819716453552246
721	0.3314792513847351	0.17328208684921265	-0.15819716453552246
722	0.3314792513847351	0.17328208684921265	-0.15819716453552246
723	0.3314792513847351	0.17328208684921265	-0.15819716453552246
724	0.3314792513847351	0.17328208684921265	-0.15819716453552246
725	0.3314792513847351	0.17328208684921265	-0.15819716453552246
726	0.3314792513847351	0.17328208684921265	-0.15819716453552246
727	0.3314792513847351	0.17328208684921265	-0.15819716453552246
728	0.3314792513847351	0.17328208684921265	-0.15819716453552246
729	0.3314792513847351	0.17328208684921265	-0.15819716453552246
730	0.3314792513847351	0.17328208684921265	-0.15819716453552246
731	0.3314792513847351	0.17328208684921265	-0.15819716453552246
732	0.3314792513847351	0.17328208684921265	-0.15819716453552246
733	0.3314792513847351	0.17328208684921265	-0.15819716453552246
734	0.3314792513847351	0.17328208684921265	-0.15819716453552246
735	0.3314792513847351	0.17328208684921265	-0.15819716453552246
736	0.3314792513847351	0.17328208684921265	-0.15819716453552246
737	0.3314792513847351	0.17328208684921265	-0.15819716453552246
738	0.3314792513847351	0.17328208684921265	-0.15819716453552246
739	0.3314792513847351	0.17328208684921265	-0.15819716453552246
740	0.3314792513847351	0.17328208684921265	-0.15819716453552246
741	0.3314792513847351	0.17328208684921265	-0.15819716453552246
742	0.3314792513847351	0.17328208684921265	-0.15819716453552246
743	0.3314792513847351	0.17328208684921265	-0.15819716453552246
744	0.3314792513847351	0.17328208684921265	-0.15819716453552246
745	0.3314792513847351	0.17328208684921265	-0.15819716453552246
746	0.3314792513847351	0.17328208684921265	-0.15819716453552246
747	0.3314792513847351	0.17328208684921265	-0.15819716453552246
748	0.3314792513847351	0.17328208684921265	-0.15819716453552246
749	0.3314792513847351	0.17328208684921265	-0.15819716453552246
750	0.3314792513847351	0.17328208684921265	-0.15819716453552246
751	0.3314792513847351	0.17328208684921265	-0.15819716453552246
752	0.3314792513847351	0.17328208684921265	-0.15819716453552246
753	0.3314792513847351	0.17328208684921265	-0.15819716453552246
754	0.3314792513847351	0.17328208684921265	-0.15819716453552246
755	0.3314792513847351	0.17328208684921265	-0.15819716453552246
756	0.3314792513847351	0.17328208684921265	-0.15819716453552246
757	0.3314792513847351	0.17328208684921265	-0.15819716453552246
758	0.3314792513847351	0.17328208684921265	-0.15819716453552246
759	0.3314792513847351	0.17328208684921265	-0.15819716453552246
760	0.3314792513847351	0.17328208684921265	-0.15819716453552246
761	0.3314792513847351	0.17328208684921265	-0.15819716453552246
762	0.3314792513847351	0.17328208684921265	-0.15819716453552246
763	0.3314792513847351	0.17328208684921265	-0.15819716453552246
764	0.3314792513847351	0.17328208684921265	-0.15819716453552246
765	0.3314792513847351	0.17328208684921265	-0.15819716453552246
766	0.3314792513847351	0.17328208684921265	-0.15819716453552246
767	0.3314792513847351	0.17328208684921265	-0.15819716453552246
768	0.3314792513847351	0.17328208684921265	-0.15819716453552246
769	0.3314792513847351	0.17328208684921265	-0.15819716453552246
770	0.3314792513847351	0.17328208684921265	-0.15819716453552246
771	0.3314792513847351	0.17328208684921265	-0.15819716453552246
772	0.3314792513847351	0.17328208684921265	-0.15819716453552246
773	0.3314792513847351	0.17328208684921265	-0.15819716453552246
774	0.3314792513847351	0.17328208684921265	-0.15819716453552246
775	0.3314792513847351	0.17328208684921265	-0.15819716453552246
776	0.3314792513847351	0.17328208684921265	-0.15819716453552246
777	0.3314792513847351	0.17328208684921265	-0.15819716453552246
778	0.3314792513847351	0.17328208684921265	-0.15819716453552246
779	0.3314792513847351	0.17328208684921265	-0.15819716453552246
780	0.3314792513847351	0.17328208684921265	-0.15819716453552246
781	0.3314792513847351	0.17328208684921265	-0.15819716453552246
782	0.3314792513847351	0.17328208684921265	-0.15819716453552246
783	0.3314792513847351	0.17328208684921265	-0.15819716453552246
784	0.3314792513847351	0.17328208684921265	-0.15819716453552246
785	0.3314792513847351	0.17328208684921265	-0.15819716453552246
786	0.3314792513847351	0.17328208684921265	-0.15819716453552246
787	0.3314792513847351	0.17328208684921265	-0.15819716453552246
788	0.3314792513847351	0.17328208684921265	-0.15819716453552246
789	0.3314792513847351	0.17328208684921265	-0.15819716453552246
790	0.3314792513847351	0.17328208684921265	-0.15819716453552246
791	0.3314792513847351	0.17328208684921265	-0.15819716453552246
792	0.3314792513847351	0.17328208684921265	-0.15819716453552246
793	0.3314792513847351	0.17328208684921265	-0.15819716453552246
794	0.3314792513847351	0.17328208684921265	-0.15819716453552246
795	0.3314792513847351	0.17328208684921265	-0.15819716453552246
796	0.3314792513847351	0.17328208684921265	-0.15819716453552246
797	0.3314792513847351	0.17328208684921265	-0.15819716453552246
798	0.3314792513847351	0.17328208684921265	-0.15819716453552246
799	0.3314792513847351	0.17328208684921265	-0.15819716453552246
800	0.3314792513847351	0.17328208684921265	-0.15819716453552246
801	0.3314792513847351	0.17328208684921265	-0.15819716453552246
802	0.3314792513847351	0.17328208684921265	-0.15819716453552246
803	0.3314792513847351	0.17328208684921265	-0.15819716453552246
804	0.3314792513847351	0.17328208684921265	-0.15819716453552246
805	0.3314792513847351	0.17328208684921265	-0.15819716453552246
806	0.3314792513847351	0.17328208684921265	-0.15819716453552246
807	0.3314792513847351	0.17328208684921265	-0.15819716453552246
808	0.3314792513847351	0.17328208684921265	-0.15819716453552246
809	0.3314792513847351	0.17328208684921265	-0.15819716453552246
810	0.3314792513847351	0.17328208684921265	-0.15819716453552246
811	0.3314792513847351	0.17328208684921265	-0.15819716453552246
812	0.3314792513847351	0.17328208684921265	-0.15819716453552246
813	0.3314792513847351	0.17328208684921265	-0.15819716453552246
814	0.3314792513847351	0.17328208684921265	-0.15819716453552246
815	0.3314792513847351	0.17328208684921265	-0.15819716453552246
816	0.3314792513847351	0.17328208684921265	-0.15819716453552246
817	0.3314792513847351	0.17328208684921265	-0.15819716453552246
818	0.3314792513847351	0.17328208684921265	-0.15819716453552246
819	0.3314792513847351	0.17328208684921265	-0.15819716453552246
820	0.3314792513847351	0.17328208684921265	-0.15819716453552246
821	0.3314792513847351	0.17328208684921265	-0.15819716453552246
822	0.3314792513847351	0.17328208684921265	-0.15819716453552246
823	0.3314792513847351	0.17328208684921265	-0.15819716453552246
824	0.3314792513847351	0.17328208684921265	-0.15819716453552246
825	0.3314792513847351	0.17328208684921265	-0.15819716453552246
826	0.3314792513847351	0.17328208684921265	-0.15819716453552246
827	0.3314792513847351	0.17328208684921265	-0.15819716453552246
828	0.3314792513847351	0.17328208684921265	-0.15819716453552246
829	0.3314792513847351	0.17328208684921265	-0.15819716453552246
830	0.3314792513847351	0.17328208684921265	-0.15819716453552246
831	0.3314792513847351	0.17328208684921265	-0.15819716453552246
832	0.3314792513847351	0.17328208684921265	-0.15819716453552246
833	0.3314792513847351	0.17328208684921265	-0.15819716453552246
834	0.3314792513847351	0.17328208684921265	-0.15819716453552246
835	0.3314792513847351	0.17328208684921265	-0.15819716453552246
836	0.3314792513847351	0.17328208684921265	-0.15819716453552246
837	0.3314792513847351	0.17328208684921265	-0.15819716453552246
838	0.3314792513847351	0.17328208684921265	-0.15819716453552246
839	0.3314792513847351	0.17328208684921265	-0.15819716453552246
840	0.3314792513847351	0.17328208684921265	-0.15819716453552246
841	0.3314792513847351	0.17328208684921265	-0.15819716453552246
842	0.3314792513847351	0.17328208684921265	-0.15819716453552246
843	0.3314792513847351	0.17328208684921265	-0.15819716453552246
844	0.3314792513847351	0.17328208684921265	-0.15819716453552246
845	0.3314792513847351	0.17328208684921265	-0.15819716453552246
846	0.3314792513847351	0.17328208684921265	-0.15819716453552246
847	0.3314792513847351	0.17328208684921265	-0.15819716453552246
848	0.3314792513847351	0.17328208684921265	-0.15819716453552246
849	0.3314792513847351	0.17328208684921265	-0.15819716453552246
850	0.3314792513847351	0.17328208684921265	-0.15819716453552246
851	0.3314792513847351	0.17328208684921265	-0.15819716453552246
852	0.3314792513847351	0.17328208684921265	-0.15819716453552246
853	0.3314792513847351	0.17328208684921265	-0.15819716453552246
854	0.3314792513847351	0.17328208684921265	-0.15819716453552246
855	0.3314792513847351	0.17328208684921265	-0.15819716453552246
856	0.3314792513847351	0.17328208684921265	-0.15819716453552246
857	0.3314792513847351	0.17328208684921265	-0.15819716453552246
858	0.3314792513847351	0.17328208684921265	-0.15819716453552246
859	0.3314792513847351	0.17328208684921265	-0.15819716453552246
860	0.3314792513847351	0.17328208684921265	-0.15819716453552246
861	0.3314792513847351	0.17328208684921265	-0.15819716453552246
862	0.3314792513847351	0.17328208684921265	-0.15819716453552246
863	0.3314792513847351	0.17328208684921265	-0.15819716453552246
864	0.3314792513847351	0.17328208684921265	-0.15819716453552246
865	0.3314792513847351	0.17328208684921265	-0.15819716453552246
866	0.3314792513847351	0.17328208684921265	-0.15819716453552246
867	0.3314792513847351	0.17328208684921265	-0.15819716453552246
868	0.3314792513847351	0.17328208684921265	-0.15819716453552246
869	0.3314792513847351	0.17328208684921265	-0.15819716453552246
870	0.3314792513847351	0.17328208684921265	-0.15819716453552246
871	0.3314792513847351	0.17328208684921265	-0.15819716453552246
872	0.3314792513847351	0.17328208684921265	-0.15819716453552246
873	0.3314792513847351	0.17328208684921265	-0.15819716453552246
874	0.3314792513847351	0.17328208684921265	-0.15819716453552246
875	0.3314792513847351	0.17328208684921265	-0.15819716453552246
876	0.3314792513847351	0.17328208684921265	-0.15819716453552246
877	0.3314792513847351	0.17328208684921265	-0.15819716453552246
878	0.3314792513847351	0.17328208684921265	-0.15819716453552246
879	0.3314792513847351	0.17328208684921265	-0.15819716453552246
880	0.3314792513847351	0.17328208684921265	-0.15819716453552246
881	0.3314792513847351	0.17328208684921265	-0.15819716453552246
882	0.3314792513847351	0.17328208684921265	-0.15819716453552246
883	0.3314792513847351	0.17328208684921265	-0.15819716453552246
884	0.3314792513847351	0.17328208684921265	-0.15819716453552246
885	0.3314792513847351	0.17328208684921265	-0.15819716453552246
886	0.3314792513847351	0.17328208684921265	-0.15819716453552246
887	0.3314792513847351	0.17328208684921265	-0.15819716453552246
888	0.3314792513847351	0.17328208684921265	-0.15819716453552246
889	0.3314792513847351	0.17328208684921265	-0.15819716453552246
890	0.3314792513847351	0.17328208684921265	-0.15819716453552246
891	0.3314792513847351	0.17328208684921265	-0.15819716453552246
892	0.3314792513847351	0.17328208684921265	-0.15819716453552246
893	0.3314792513847351	0.17328208684921265	-0.15819716453552246
894	0.3314792513847351	0.17328208684921265	-0.15819716453552246
895	0.3314792513847351	0.17328208684921265	-0.15819716453552246
896	0.3314792513847351	0.17328208684921265	-0.15819716453552246
897	0.3314792513847351	0.17328208684921265	-0.15819716453552246
898	0.3314792513847351	0.17328208684921265	-0.15819716453552246
899	0.3314792513847351	0.17328208684921265	-0.15819716453552246
900	0.3314792513847351	0.17328208684921265	-0.15819716453552246
901	0.3314792513847351	0.17328208684921265	-0.15819716453552246
902	0.3314792513847351	0.17328208684921265	-0.15819716453552246
903	0.3314792513847351	0.17328208684921265	-0.15819716453552246
904	0.3314792513847351	0.17328208684921265	-0.15819716453552246
905	0.3314792513847351	0.17328208684921265	-0.15819716453552246
906	0.3314792513847351	0.17328208684921265	-0.15819716453552246
907	0.3314792513847351	0.17328208684921265	-0.15819716453552246
908	0.3314792513847351	0.17328208684921265	-0.15819716453552246
909	0.3314792513847351	0.17328208684921265	-0.15819716453552246
910	0.3314792513847351	0.17328208684921265	-0.15819716453552246
911	0.3314792513847351	0.17328208684921265	-0.15819716453552246
912	0.3314792513847351	0.17328208684921265	-0.15819716453552246
913	0.3314792513847351	0.17328208684921265	-0.15819716453552246
914	0.3314792513847351	0.17328208684921265	-0.15819716453552246
915	0.3314792513847351	0.17328208684921265	-0.15819716453552246
916	0.3314792513847351	0.17328208684921265	-0.15819716453552246
917	0.3314792513847351	0.17328208684921265	-0.15819716453552246
918	0.3314792513847351	0.17328208684921265	-0.15819716453552246
919	0.3314792513847351	0.17328208684921265	-0.15819716453552246
920	0.3314792513847351	0.17328208684921265	-0.15819716453552246
921	0.3314792513847351	0.17328208684921265	-0.15819716453552246
922	0.3314792513847351	0.17328208684921265	-0.15819716453552246
923	0.3314792513847351	0.17328208684921265	-0.15819716453552246
924	0.3314792513847351	0.17328208684921265	-0.15819716453552246
925	0.3314792513847351	0.17328208684921265	-0.15819716453552246
926	0.3314792513847351	0.17328208684921265	-0.15819716453552246
927	0.3314792513847351	0.17328208684921265	-0.15819716453552246
928	0.3314792513847351	0.17328208684921265	-0.15819716453552246
929	0.3314792513847351	0.17328208684921265	-0.15819716453552246
930	0.3314792513847351	0.17328208684921265	-0.15819716453552246
931	0.3314792513847351	0.17328208684921265	-0.15819716453552246
932	0.3314792513847351	0.17328208684921265	-0.15819716453552246
933	0.3314792513847351	0.17328208684921265	-0.15819716453552246
934	0.3314792513847351	0.17328208684921265	-0.15819716453552246
935	0.3314792513847351	0.17328208684921265	-0.15819716453552246
936	0.3314792513847351	0.17328208684921265	-0.15819716453552246
937	0.3314792513847351	0.17328208684921265	-0.15819716453552246
938	0.3314792513847351	0.17328208684921265	-0.15819716453552246
939	0.3314792513847351	0.17328208684921265	-0.15819716453552246
940	0.3314792513847351	0.17328208684921265	-0.15819716453552246
941	0.3314792513847351	0.17328208684921265	-0.15819716453552246
942	0.3314792513847351	0.17328208684921265	-0.15819716453552246
943	0.3314792513847351	0.17328208684921265	-0.15819716453552246
944	0.3314792513847351	0.17328208684921265	-0.15819716453552246
945	0.3314792513847351	0.17328208684921265	-0.15819716453552246
946	0.3314792513847351	0.17328208684921265	-0.15819716453552246
947	0.3314792513847351	0.17328208684921265	-0.15819716453552246
948	0.3314792513847351	0.17328208684921265	-0.15819716453552246
949	0.3314792513847351	0.17328208684921265	-0.15819716453552246
950	0.3314792513847351	0.17328208684921265	-0.15819716453552246
951	0.3314792513847351	0.17328208684921265	-0.15819716453552246
952	0.3314792513847351	0.17328208684921265	-0.15819716453552246
953	0.3314792513847351	0.17328208684921265	-0.15819716453552246
954	0.3314792513847351	0.17328208684921265	-0.15819716453552246
955	0.3314792513847351	0.17328208684921265	-0.15819716453552246
956	0.3314792513847351	0.17328208684921265	-0.15819716453552246
957	0.3314792513847351	0.17328208684921265	-0.15819716453552246
958	0.3314792513847351	0.17328208684921265	-0.15819716453552246
959	0.3314792513847351	0.17328208684921265	-0.15819716453552246
960	0.3314792513847351	0.17328208684921265	-0.15819716453552246
961	0.3314792513847351	0.17328208684921265	-0.15819716453552246
962	0.3314792513847351	0.17328208684921265	-0.15819716453552246
963	0.3314792513847351	0.17328208684921265	-0.15819716453552246
964	0.3314792513847351	0.17328208684921265	-0.15819716453552246
965	0.3314792513847351	0.17328208684921265	-0.15819716453552246
966	0.3314792513847351	0.17328208684921265	-0.15819716453552246
967	0.3314792513847351	0.17328208684921265	-0.15819716453552246
968	0.3314792513847351	0.17328208684921265	-0.15819716453552246
969	0.3314792513847351	0.17328208684921265	-0.15819716453552246
970	0.3314792513847351	0.17328208684921265	-0.15819716453552246
971	0.3314792513847351	0.17328208684921265	-0.15819716453552246
972	0.3314792513847351	0.17328208684921265	-0.15819716453552246
973	0.3314792513847351	0.17328208684921265	-0.15819716453552246
974	0.3314792513847351	0.17328208684921265	-0.15819716453552246
975	0.3314792513847351	0.17328208684921265	-0.15819716453552246
976	0.3314792513847351	0.17328208684921265	-0.15819716453552246
977	0.3314792513847351	0.17328208684921265	-0.15819716453552246
978	0.3314792513847351	0.17328208684921265	-0.15819716453552246
979	0.3314792513847351	0.17328208684921265	-0.15819716453552246
980	0.3314792513847351	0.17328208684921265	-0.15819716453552246
981	0.3314792513847351	0.17328208684921265	-0.15819716453552246
982	0.3314792513847351	0.17328208684921265	-0.15819716453552246
983	0.3314792513847351	0.17328208684921265	-0.15819716453552246
984	0.3314792513847351	0.17328208684921265	-0.15819716453552246
985	0.3314792513847351	0.17328208684921265	-0.15819716453552246
986	0.3314792513847351	0.17328208684921265	-0.15819716453552246
987	0.3314792513847351	0.17328208684921265	-0.15819716453552246
988	0.3314792513847351	0.17328208684921265	-0.15819716453552246
989	0.3314792513847351	0.17328208684921265	-0.15819716453552246
990	0.3314792513847351	0.17328208684921265	-0.15819716453552246
991	0.3314792513847351	0.17328208684921265	-0.15819716453552246
992	0.3314792513847351	0.17328208684921265	-0.15819716453552246
993	0.3314792513847351	0.17328208684921265	-0.15819716453552246
994	0.3314792513847351	0.17328208684921265	-0.15819716453552246
995	0.3314792513847351	0.17328208684921265	-0.15819716453552246
996	0.3314792513847351	0.17328208684921265	-0.15819716453552246
997	0.3314792513847351	0.17328208684921265	-0.15819716453552246
998	0.3314792513847351	0.17328208684921265	-0.15819716453552246
999	0.3314792513847351	0.17328208684921265	-0.15819716453552246
1000	0.3314792513847351	0.17328208684921265	-0.15819716453552246
1001	0.3314792513847351	0.17328208684921265	-0.15819716453552246
1002	0.3314792513847351	0.17328208684921265	-0.15819716453552246
1003	0.3314792513847351	0.17328208684921265	-0.15819716453552246
1004	0.3314792513847351	0.17328208684921265	-0.15819716453552246
1005	0.3314792513847351	0.17328208684921265	-0.15819716453552246
1006	0.3314792513847351	0.17328208684921265	-0.15819716453552246
1007	0.3314792513847351	0.17328208684921265	-0.15819716453552246
1008	0.3314792513847351	0.17328208684921265	-0.15819716453552246
1009	0.3314792513847351	0.17328208684921265	-0.15819716453552246
1010	0.3314792513847351	0.17328208684921265	-0.15819716453552246
1011	0.3314792513847351	0.17328208684921265	-0.15819716453552246
1012	0.3314792513847351	0.17328208684921265	-0.15819716453552246
1013	0.3314792513847351	0.17328208684921265	-0.15819716453552246
1014	0.3314792513847351	0.17328208684921265	-0.15819716453552246
1015	0.3314792513847351	0.17328208684921265	-0.15819716453552246
1016	0.3314792513847351	0.17328208684921265	-0.15819716453552246
1017	0.3314792513847351	0.17328208684921265	-0.15819716453552246
1018	0.3314792513847351	0.17328208684921265	-0.15819716453552246
1019	0.3314792513847351	0.17328208684921265	-0.15819716453552246
1020	0.3314792513847351	0.17328208684921265	-0.15819716453552246
1021	0.3314792513847351	0.17328208684921265	-0.15819716453552246
1022	0.3314792513847351	0.17328208684921265	-0.15819716453552246
1023	0.3314792513847351	0.17328208684921265	-0.15819716453552246
1024	0.3314792513847351	0.17328208684921265	-0.15819716453552246
1025	0.3314792513847351	0.17328208684921265	-0.15819716453552246
1026	0.3314792513847351	0.17328208684921265	-0.15819716453552246
1027	0.3314792513847351	0.17328208684921265	-0.15819716453552246
1028	0.3314792513847351	0.17328208684921265	-0.15819716453552246
1029	0.3314792513847351	0.17328208684921265	-0.15819716453552246
1030	0.3314792513847351	0.17328208684921265	-0.15819716453552246
1031	0.3314792513847351	0.17328208684921265	-0.15819716453552246
1032	0.3314792513847351	0.17328208684921265	-0.15819716453552246
1033	0.3314792513847351	0.17328208684921265	-0.15819716453552246
1034	0.3314792513847351	0.17328208684921265	-0.15819716453552246
1035	0.3314792513847351	0.17328208684921265	-0.15819716453552246
1036	0.3314792513847351	0.17328208684921265	-0.15819716453552246
1037	0.3314792513847351	0.17328208684921265	-0.15819716453552246
1038	0.3314792513847351	0.17328208684921265	-0.15819716453552246
1039	0.3314792513847351	0.17328208684921265	-0.15819716453552246
1040	0.3314792513847351	0.17328208684921265	-0.15819716453552246
1041	0.3314792513847351	0.17328208684921265	-0.15819716453552246
1042	0.3314792513847351	0.17328208684921265	-0.15819716453552246
1043	0.3314792513847351	0.17328208684921265	-0.15819716453552246
1044	0.3314792513847351	0.17328208684921265	-0.15819716453552246
1045	0.3314792513847351	0.17328208684921265	-0.15819716453552246
1046	0.3314792513847351	0.17328208684921265	-0.15819716453552246
1047	0.3314792513847351	0.17328208684921265	-0.15819716453552246
1048	0.3314792513847351	0.17328208684921265	-0.15819716453552246
1049	0.3314792513847351	0.17328208684921265	-0.15819716453552246
1050	0.3314792513847351	0.17328208684921265	-0.15819716453552246
1051	0.3314792513847351	0.17328208684921265	-0.15819716453552246
1052	0.3314792513847351	0.17328208684921265	-0.15819716453552246
1053	0.3314792513847351	0.17328208684921265	-0.15819716453552246
1054	0.3314792513847351	0.17328208684921265	-0.15819716453552246
1055	0.3314792513847351	0.17328208684921265	-0.15819716453552246
1056	0.3314792513847351	0.17328208684921265	-0.15819716453552246
1057	0.3314792513847351	0.17328208684921265	-0.15819716453552246
1058	0.3314792513847351	0.17328208684921265	-0.15819716453552246
1059	0.3314792513847351	0.17328208684921265	-0.15819716453552246
1060	0.3314792513847351	0.17328208684921265	-0.15819716453552246
1061	0.3314792513847351	0.17328208684921265	-0.15819716453552246
1062	0.3314792513847351	0.17328208684921265	-0.15819716453552246
1063	0.3314792513847351	0.17328208684921265	-0.15819716453552246
1064	0.3314792513847351	0.17328208684921265	-0.15819716453552246
1065	0.3314792513847351	0.17328208684921265	-0.15819716453552246
1066	0.3314792513847351	0.17328208684921265	-0.15819716453552246
1067	0.3314792513847351	0.17328208684921265	-0.15819716453552246
1068	0.3314792513847351	0.17328208684921265	-0.15819716453552246
1069	0.3314792513847351	0.17328208684921265	-0.15819716453552246
1070	0.3314792513847351	0.17328208684921265	-0.15819716453552246
1071	0.3314792513847351	0.17328208684921265	-0.15819716453552246
1072	0.3314792513847351	0.17328208684921265	-0.15819716453552246
1073	0.3314792513847351	0.17328208684921265	-0.15819716453552246
1074	0.3314792513847351	0.17328208684921265	-0.15819716453552246
1075	0.3314792513847351	0.17328208684921265	-0.15819716453552246
1076	0.3314792513847351	0.17328208684921265	-0.15819716453552246
1077	0.3314792513847351	0.17328208684921265	-0.15819716453552246
1078	0.3314792513847351	0.17328208684921265	-0.15819716453552246
1079	0.3314792513847351	0.17328208684921265	-0.15819716453552246
1080	0.3314792513847351	0.17328208684921265	-0.15819716453552246
1081	0.3314792513847351	0.17328208684921265	-0.15819716453552246
1082	0.3314792513847351	0.17328208684921265	-0.15819716453552246
1083	0.3314792513847351	0.17328208684921265	-0.15819716453552246
1084	0.3314792513847351	0.17328208684921265	-0.15819716453552246
1085	0.3314792513847351	0.17328208684921265	-0.15819716453552246
1086	0.3314792513847351	0.17328208684921265	-0.15819716453552246
1087	0.3314792513847351	0.17328208684921265	-0.15819716453552246
1088	0.3314792513847351	0.17328208684921265	-0.15819716453552246
1089	0.3314792513847351	0.17328208684921265	-0.15819716453552246
1090	0.3314792513847351	0.17328208684921265	-0.15819716453552246
1091	0.3314792513847351	0.17328208684921265	-0.15819716453552246
1092	0.3314792513847351	0.17328208684921265	-0.15819716453552246
1093	0.3314792513847351	0.17328208684921265	-0.15819716453552246
1094	0.3314792513847351	0.17328208684921265	-0.15819716453552246
1095	0.3314792513847351	0.17328208684921265	-0.15819716453552246
1096	0.3314792513847351	0.17328208684921265	-0.15819716453552246
1097	0.3314792513847351	0.17328208684921265	-0.15819716453552246
1098	0.3314792513847351	0.17328208684921265	-0.15819716453552246
1099	0.3314792513847351	0.17328208684921265	-0.15819716453552246
1100	0.3314792513847351	0.17328208684921265	-0.15819716453552246
1101	0.3314792513847351	0.17328208684921265	-0.15819716453552246
1102	0.3314792513847351	0.17328208684921265	-0.15819716453552246
1103	0.3314792513847351	0.17328208684921265	-0.15819716453552246
1104	0.3314792513847351	0.17328208684921265	-0.15819716453552246
1105	0.3314792513847351	0.17328208684921265	-0.15819716453552246
1106	0.3314792513847351	0.17328208684921265	-0.15819716453552246
1107	0.3314792513847351	0.17328208684921265	-0.15819716453552246
1108	0.3314792513847351	0.17328208684921265	-0.15819716453552246
1109	0.3314792513847351	0.17328208684921265	-0.15819716453552246
1110	0.3314792513847351	0.17328208684921265	-0.15819716453552246
1111	0.3314792513847351	0.17328208684921265	-0.15819716453552246
1112	0.3314792513847351	0.17328208684921265	-0.15819716453552246
1113	0.3314792513847351	0.17328208684921265	-0.15819716453552246
1114	0.3314792513847351	0.17328208684921265	-0.15819716453552246
1115	0.3314792513847351	0.17328208684921265	-0.15819716453552246
1116	0.3314792513847351	0.17328208684921265	-0.15819716453552246
1117	0.3314792513847351	0.17328208684921265	-0.15819716453552246
1118	0.3314792513847351	0.17328208684921265	-0.15819716453552246
1119	0.3314792513847351	0.17328208684921265	-0.15819716453552246
1120	0.3314792513847351	0.17328208684921265	-0.15819716453552246
1121	0.3314792513847351	0.17328208684921265	-0.15819716453552246
1122	0.3314792513847351	0.17328208684921265	-0.15819716453552246
1123	0.3314792513847351	0.17328208684921265	-0.15819716453552246
1124	0.3314792513847351	0.17328208684921265	-0.15819716453552246
1125	0.3314792513847351	0.17328208684921265	-0.15819716453552246
1126	0.3314792513847351	0.17328208684921265	-0.15819716453552246
1127	0.3314792513847351	0.17328208684921265	-0.15819716453552246
1128	0.3314792513847351	0.17328208684921265	-0.15819716453552246
1129	0.3314792513847351	0.17328208684921265	-0.15819716453552246
1130	0.3314792513847351	0.17328208684921265	-0.15819716453552246
1131	0.3314792513847351	0.17328208684921265	-0.15819716453552246
1132	0.3314792513847351	0.17328208684921265	-0.15819716453552246
1133	0.3314792513847351	0.17328208684921265	-0.15819716453552246
1134	0.3314792513847351	0.17328208684921265	-0.15819716453552246
1135	0.3314792513847351	0.17328208684921265	-0.15819716453552246
1136	0.3314792513847351	0.17328208684921265	-0.15819716453552246
1137	0.3314792513847351	0.17328208684921265	-0.15819716453552246
1138	0.3314792513847351	0.17328208684921265	-0.15819716453552246
1139	0.3314792513847351	0.17328208684921265	-0.15819716453552246
1140	0.3314792513847351	0.17328208684921265	-0.15819716453552246
1141	0.3314792513847351	0.17328208684921265	-0.15819716453552246
1142	0.3314792513847351	0.17328208684921265	-0.15819716453552246
1143	0.3314792513847351	0.17328208684921265	-0.15819716453552246
1144	0.3314792513847351	0.17328208684921265	-0.15819716453552246
1145	0.3314792513847351	0.17328208684921265	-0.15819716453552246
1146	0.3314792513847351	0.17328208684921265	-0.15819716453552246
1147	0.3314792513847351	0.17328208684921265	-0.15819716453552246
1148	0.3314792513847351	0.17328208684921265	-0.15819716453552246
1149	0.3314792513847351	0.17328208684921265	-0.15819716453552246
1150	0.3314792513847351	0.17328208684921265	-0.15819716453552246
1151	0.3314792513847351	0.17328208684921265	-0.15819716453552246
1152	0.3314792513847351	0.17328208684921265	-0.15819716453552246
1153	0.3314792513847351	0.17328208684921265	-0.15819716453552246
1154	0.3314792513847351	0.17328208684921265	-0.15819716453552246
1155	0.3314792513847351	0.17328208684921265	-0.15819716453552246
1156	0.3314792513847351	0.17328208684921265	-0.15819716453552246
1157	0.3314792513847351	0.17328208684921265	-0.15819716453552246
1158	0.3314792513847351	0.17328208684921265	-0.15819716453552246
1159	0.3314792513847351	0.17328208684921265	-0.15819716453552246
1160	0.3314792513847351	0.17328208684921265	-0.15819716453552246
1161	0.3314792513847351	0.17328208684921265	-0.15819716453552246
1162	0.3314792513847351	0.17328208684921265	-0.15819716453552246
1163	0.3314792513847351	0.17328208684921265	-0.15819716453552246
1164	0.3314792513847351	0.17328208684921265	-0.15819716453552246
1165	0.3314792513847351	0.17328208684921265	-0.15819716453552246
1166	0.3314792513847351	0.17328208684921265	-0.15819716453552246
1167	0.3314792513847351	0.17328208684921265	-0.15819716453552246
1168	0.3314792513847351	0.17328208684921265	-0.15819716453552246
1169	0.3314792513847351	0.17328208684921265	-0.15819716453552246
1170	0.3314792513847351	0.17328208684921265	-0.15819716453552246
1171	0.3314792513847351	0.17328208684921265	-0.15819716453552246
1172	0.3314792513847351	0.17328208684921265	-0.15819716453552246
1173	0.3314792513847351	0.17328208684921265	-0.15819716453552246
1174	0.3314792513847351	0.17328208684921265	-0.15819716453552246
1175	0.3314792513847351	0.17328208684921265	-0.15819716453552246
1176	0.3314792513847351	0.17328208684921265	-0.15819716453552246
1177	0.3314792513847351	0.17328208684921265	-0.15819716453552246
1178	0.3314792513847351	0.17328208684921265	-0.15819716453552246
1179	0.3314792513847351	0.17328208684921265	-0.15819716453552246
1180	0.3314792513847351	0.17328208684921265	-0.15819716453552246
1181	0.3314792513847351	0.17328208684921265	-0.15819716453552246
1182	0.3314792513847351	0.17328208684921265	-0.15819716453552246
1183	0.3314792513847351	0.17328208684921265	-0.15819716453552246
1184	0.3314792513847351	0.17328208684921265	-0.15819716453552246
1185	0.3314792513847351	0.17328208684921265	-0.15819716453552246
1186	0.3314792513847351	0.17328208684921265	-0.15819716453552246
1187	0.3314792513847351	0.17328208684921265	-0.15819716453552246
1188	0.3314792513847351	0.17328208684921265	-0.15819716453552246
1189	0.3314792513847351	0.17328208684921265	-0.15819716453552246
1190	0.3314792513847351	0.17328208684921265	-0.15819716453552246
1191	0.3314792513847351	0.17328208684921265	-0.15819716453552246
1192	0.3314792513847351	0.17328208684921265	-0.15819716453552246
1193	0.3314792513847351	0.17328208684921265	-0.15819716453552246
1194	0.3314792513847351	0.17328208684921265	-0.15819716453552246
1195	0.3314792513847351	0.17328208684921265	-0.15819716453552246
1196	0.3314792513847351	0.17328208684921265	-0.15819716453552246
1197	0.3314792513847351	0.17328208684921265	-0.15819716453552246
1198	0.3314792513847351	0.17328208684921265	-0.15819716453552246
1199	0.3314792513847351	0.17328208684921265	-0.15819716453552246
1200	0.3314792513847351	0.17328208684921265	-0.15819716453552246
1201	0.3314792513847351	0.17328208684921265	-0.15819716453552246
1202	0.3314792513847351	0.17328208684921265	-0.15819716453552246
1203	0.3314792513847351	0.17328208684921265	-0.15819716453552246
1204	0.3314792513847351	0.17328208684921265	-0.15819716453552246
1205	0.3314792513847351	0.17328208684921265	-0.15819716453552246
1206	0.3314792513847351	0.17328208684921265	-0.15819716453552246
1207	0.3314792513847351	0.17328208684921265	-0.15819716453552246
1208	0.3314792513847351	0.17328208684921265	-0.15819716453552246
1209	0.3314792513847351	0.17328208684921265	-0.15819716453552246
1210	0.3314792513847351	0.17328208684921265	-0.15819716453552246
1211	0.3314792513847351	0.17328208684921265	-0.15819716453552246
1212	0.3314792513847351	0.17328208684921265	-0.15819716453552246
1213	0.3314792513847351	0.17328208684921265	-0.15819716453552246
1214	0.3314792513847351	0.17328208684921265	-0.15819716453552246
1215	0.3314792513847351	0.17328208684921265	-0.15819716453552246
1216	0.3314792513847351	0.17328208684921265	-0.15819716453552246
1217	0.3314792513847351	0.17328208684921265	-0.15819716453552246
1218	0.3314792513847351	0.17328208684921265	-0.15819716453552246
1219	0.3314792513847351	0.17328208684921265	-0.15819716453552246
1220	0.3314792513847351	0.17328208684921265	-0.15819716453552246
1221	0.3314792513847351	0.17328208684921265	-0.15819716453552246
1222	0.3314792513847351	0.17328208684921265	-0.15819716453552246
1223	0.3314792513847351	0.17328208684921265	-0.15819716453552246
1224	0.3314792513847351	0.17328208684921265	-0.15819716453552246
1225	0.3314792513847351	0.17328208684921265	-0.15819716453552246
1226	0.3314792513847351	0.17328208684921265	-0.15819716453552246
1227	0.3314792513847351	0.17328208684921265	-0.15819716453552246
1228	0.3314792513847351	0.17328208684921265	-0.15819716453552246
1229	0.3314792513847351	0.17328208684921265	-0.15819716453552246
1230	0.3314792513847351	0.17328208684921265	-0.15819716453552246
1231	0.3314792513847351	0.17328208684921265	-0.15819716453552246
1232	0.3314792513847351	0.17328208684921265	-0.15819716453552246
1233	0.3314792513847351	0.17328208684921265	-0.15819716453552246
1234	0.3314792513847351	0.17328208684921265	-0.15819716453552246
1235	0.3314792513847351	0.17328208684921265	-0.15819716453552246
1236	0.3314792513847351	0.17328208684921265	-0.15819716453552246
1237	0.3314792513847351	0.17328208684921265	-0.15819716453552246
1238	0.3314792513847351	0.17328208684921265	-0.15819716453552246
1239	0.3314792513847351	0.17328208684921265	-0.15819716453552246
1240	0.3314792513847351	0.17328208684921265	-0.15819716453552246
1241	0.3314792513847351	0.17328208684921265	-0.15819716453552246
1242	0.3314792513847351	0.17328208684921265	-0.15819716453552246
1243	0.3314792513847351	0.17328208684921265	-0.15819716453552246
1244	0.3314792513847351	0.17328208684921265	-0.15819716453552246
1245	0.3314792513847351	0.17328208684921265	-0.15819716453552246
1246	0.3314792513847351	0.17328208684921265	-0.15819716453552246
1247	0.3314792513847351	0.17328208684921265	-0.15819716453552246
1248	0.3314792513847351	0.17328208684921265	-0.15819716453552246
1249	0.3314792513847351	0.17328208684921265	-0.15819716453552246
1250	0.3314792513847351	0.17328208684921265	-0.15819716453552246
1251	0.3314792513847351	0.17328208684921265	-0.15819716453552246
1252	0.3314792513847351	0.17328208684921265	-0.15819716453552246
1253	0.3314792513847351	0.17328208684921265	-0.15819716453552246
1254	0.3314792513847351	0.17328208684921265	-0.15819716453552246
1255	0.3314792513847351	0.17328208684921265	-0.15819716453552246
1256	0.3314792513847351	0.17328208684921265	-0.15819716453552246
1257	0.3314792513847351	0.17328208684921265	-0.15819716453552246
1258	0.3314792513847351	0.17328208684921265	-0.15819716453552246
1259	0.3314792513847351	0.17328208684921265	-0.15819716453552246
1260	0.3314792513847351	0.17328208684921265	-0.15819716453552246
1261	0.3314792513847351	0.17328208684921265	-0.15819716453552246
1262	0.3314792513847351	0.17328208684921265	-0.15819716453552246
1263	0.3314792513847351	0.17328208684921265	-0.15819716453552246
1264	0.3314792513847351	0.17328208684921265	-0.15819716453552246
1265	0.3314792513847351	0.17328208684921265	-0.15819716453552246
1266	0.3314792513847351	0.17328208684921265	-0.15819716453552246
1267	0.3314792513847351	0.17328208684921265	-0.15819716453552246
1268	0.3314792513847351	0.17328208684921265	-0.15819716453552246
1269	0.3314792513847351	0.17328208684921265	-0.15819716453552246
1270	0.3314792513847351	0.17328208684921265	-0.15819716453552246
1271	0.3314792513847351	0.17328208684921265	-0.15819716453552246
1272	0.3314792513847351	0.17328208684921265	-0.15819716453552246
1273	0.3314792513847351	0.17328208684921265	-0.15819716453552246
1274	0.3314792513847351	0.17328208684921265	-0.15819716453552246
1275	0.3314792513847351	0.17328208684921265	-0.15819716453552246
1276	0.3314792513847351	0.17328208684921265	-0.15819716453552246
1277	0.3314792513847351	0.17328208684921265	-0.15819716453552246
1278	0.3314792513847351	0.17328208684921265	-0.15819716453552246
1279	0.3314792513847351	0.17328208684921265	-0.15819716453552246
1280	0.3314792513847351	0.17328208684921265	-0.15819716453552246
1281	0.3314792513847351	0.17328208684921265	-0.15819716453552246
1282	0.3314792513847351	0.17328208684921265	-0.15819716453552246
1283	0.3314792513847351	0.17328208684921265	-0.15819716453552246
1284	0.3314792513847351	0.17328208684921265	-0.15819716453552246
1285	0.3314792513847351	0.17328208684921265	-0.15819716453552246
1286	0.3314792513847351	0.17328208684921265	-0.15819716453552246
1287	0.3314792513847351	0.17328208684921265	-0.15819716453552246
1288	0.3314792513847351	0.17328208684921265	-0.15819716453552246
1289	0.3314792513847351	0.17328208684921265	-0.15819716453552246
1290	0.3314792513847351	0.17328208684921265	-0.15819716453552246
1291	0.3314792513847351	0.17328208684921265	-0.15819716453552246
1292	0.3314792513847351	0.17328208684921265	-0.15819716453552246
1293	0.3314792513847351	0.17328208684921265	-0.15819716453552246
1294	0.3314792513847351	0.17328208684921265	-0.15819716453552246
1295	0.3314792513847351	0.17328208684921265	-0.15819716453552246
1296	0.3314792513847351	0.17328208684921265	-0.15819716453552246
1297	0.3314792513847351	0.17328208684921265	-0.15819716453552246
1298	0.3314792513847351	0.17328208684921265	-0.15819716453552246
1299	0.3314792513847351	0.17328208684921265	-0.15819716453552246
1300	0.3314792513847351	0.17328208684921265	-0.15819716453552246
1301	0.3314792513847351	0.17328208684921265	-0.15819716453552246
1302	0.3314792513847351	0.17328208684921265	-0.15819716453552246
1303	0.3314792513847351	0.17328208684921265	-0.15819716453552246
1304	0.3314792513847351	0.17328208684921265	-0.15819716453552246
1305	0.3314792513847351	0.17328208684921265	-0.15819716453552246
1306	0.3314792513847351	0.17328208684921265	-0.15819716453552246
1307	0.3314792513847351	0.17328208684921265	-0.15819716453552246
1308	0.3314792513847351	0.17328208684921265	-0.15819716453552246
1309	0.3314792513847351	0.17328208684921265	-0.15819716453552246
1310	0.3314792513847351	0.17328208684921265	-0.15819716453552246
1311	0.3314792513847351	0.17328208684921265	-0.15819716453552246
1312	0.3314792513847351	0.17328208684921265	-0.15819716453552246
1313	0.3314792513847351	0.17328208684921265	-0.15819716453552246
1314	0.3314792513847351	0.17328208684921265	-0.15819716453552246
1315	0.3314792513847351	0.17328208684921265	-0.15819716453552246
1316	0.3314792513847351	0.17328208684921265	-0.15819716453552246
1317	0.3314792513847351	0.17328208684921265	-0.15819716453552246
1318	0.3314792513847351	0.17328208684921265	-0.15819716453552246
1319	0.3314792513847351	0.17328208684921265	-0.15819716453552246
1320	0.3314792513847351	0.17328208684921265	-0.15819716453552246
1321	0.3314792513847351	0.17328208684921265	-0.15819716453552246
1322	0.3314792513847351	0.17328208684921265	-0.15819716453552246
1323	0.3314792513847351	0.17328208684921265	-0.15819716453552246
1324	0.3314792513847351	0.17328208684921265	-0.15819716453552246
1325	0.3314792513847351	0.17328208684921265	-0.15819716453552246
1326	0.3314792513847351	0.17328208684921265	-0.15819716453552246
1327	0.3314792513847351	0.17328208684921265	-0.15819716453552246
1328	0.3314792513847351	0.17328208684921265	-0.15819716453552246
1329	0.3314792513847351	0.17328208684921265	-0.15819716453552246
1330	0.3314792513847351	0.17328208684921265	-0.15819716453552246
1331	0.3314792513847351	0.17328208684921265	-0.15819716453552246
1332	0.3314792513847351	0.17328208684921265	-0.15819716453552246
1333	0.3314792513847351	0.17328208684921265	-0.15819716453552246
1334	0.3314792513847351	0.17328208684921265	-0.15819716453552246
1335	0.3314792513847351	0.17328208684921265	-0.15819716453552246
1336	0.3314792513847351	0.17328208684921265	-0.15819716453552246
1337	0.3314792513847351	0.17328208684921265	-0.15819716453552246
1338	0.3314792513847351	0.17328208684921265	-0.15819716453552246
1339	0.3314792513847351	0.17328208684921265	-0.15819716453552246
1340	0.3314792513847351	0.17328208684921265	-0.15819716453552246
1341	0.3314792513847351	0.17328208684921265	-0.15819716453552246
1342	0.3314792513847351	0.17328208684921265	-0.15819716453552246
1343	0.3314792513847351	0.17328208684921265	-0.15819716453552246
1344	0.3314792513847351	0.17328208684921265	-0.15819716453552246
1345	0.3314792513847351	0.17328208684921265	-0.15819716453552246
1346	0.3314792513847351	0.17328208684921265	-0.15819716453552246
1347	0.3314792513847351	0.17328208684921265	-0.15819716453552246
1348	0.3314792513847351	0.17328208684921265	-0.15819716453552246
1349	0.3314792513847351	0.17328208684921265	-0.15819716453552246
1350	0.3314792513847351	0.17328208684921265	-0.15819716453552246
1351	0.3314792513847351	0.17328208684921265	-0.15819716453552246
1352	0.3314792513847351	0.17328208684921265	-0.15819716453552246
1353	0.3314792513847351	0.17328208684921265	-0.15819716453552246
1354	0.3314792513847351	0.17328208684921265	-0.15819716453552246
1355	0.3314792513847351	0.17328208684921265	-0.15819716453552246
1356	0.3314792513847351	0.17328208684921265	-0.15819716453552246
1357	0.3314792513847351	0.17328208684921265	-0.15819716453552246
1358	0.3314792513847351	0.17328208684921265	-0.15819716453552246
1359	0.3314792513847351	0.17328208684921265	-0.15819716453552246
1360	0.3314792513847351	0.17328208684921265	-0.15819716453552246
1361	0.3314792513847351	0.17328208684921265	-0.15819716453552246
1362	0.3314792513847351	0.17328208684921265	-0.15819716453552246
1363	0.3314792513847351	0.17328208684921265	-0.15819716453552246
1364	0.3314792513847351	0.17328208684921265	-0.15819716453552246
1365	0.3314792513847351	0.17328208684921265	-0.15819716453552246
1366	0.3314792513847351	0.17328208684921265	-0.15819716453552246
1367	0.3314792513847351	0.17328208684921265	-0.15819716453552246
1368	0.3314792513847351	0.17328208684921265	-0.15819716453552246
1369	0.3314792513847351	0.17328208684921265	-0.15819716453552246
1370	0.3314792513847351	0.17328208684921265	-0.15819716453552246
1371	0.3314792513847351	0.17328208684921265	-0.15819716453552246
1372	0.3314792513847351	0.17328208684921265	-0.15819716453552246
1373	0.3314792513847351	0.17328208684921265	-0.15819716453552246
1374	0.3314792513847351	0.17328208684921265	-0.15819716453552246
1375	0.3314792513847351	0.17328208684921265	-0.15819716453552246
1376	0.3314792513847351	0.17328208684921265	-0.15819716453552246
1377	0.3314792513847351	0.17328208684921265	-0.15819716453552246
1378	0.3314792513847351	0.17328208684921265	-0.15819716453552246
1379	0.3314792513847351	0.17328208684921265	-0.15819716453552246
1380	0.3314792513847351	0.17328208684921265	-0.15819716453552246
1381	0.3314792513847351	0.17328208684921265	-0.15819716453552246
1382	0.3314792513847351	0.17328208684921265	-0.15819716453552246
1383	0.3314792513847351	0.17328208684921265	-0.15819716453552246
1384	0.3314792513847351	0.17328208684921265	-0.15819716453552246
1385	0.3314792513847351	0.17328208684921265	-0.15819716453552246
1386	0.3314792513847351	0.17328208684921265	-0.15819716453552246
1387	0.3314792513847351	0.17328208684921265	-0.15819716453552246
1388	0.3314792513847351	0.17328208684921265	-0.15819716453552246
1389	0.3314792513847351	0.17328208684921265	-0.15819716453552246
1390	0.3314792513847351	0.17328208684921265	-0.15819716453552246
1391	0.3314792513847351	0.17328208684921265	-0.15819716453552246
1392	0.3314792513847351	0.17328208684921265	-0.15819716453552246
1393	0.3314792513847351	0.17328208684921265	-0.15819716453552246
1394	0.3314792513847351	0.17328208684921265	-0.15819716453552246
1395	0.3314792513847351	0.17328208684921265	-0.15819716453552246
1396	0.3314792513847351	0.17328208684921265	-0.15819716453552246
1397	0.3314792513847351	0.17328208684921265	-0.15819716453552246
1398	0.3314792513847351	0.17328208684921265	-0.15819716453552246
1399	0.3314792513847351	0.17328208684921265	-0.15819716453552246
1400	0.3314792513847351	0.17328208684921265	-0.15819716453552246
1401	0.3314792513847351	0.17328208684921265	-0.15819716453552246
1402	0.3314792513847351	0.17328208684921265	-0.15819716453552246
1403	0.3314792513847351	0.17328208684921265	-0.15819716453552246
1404	0.3314792513847351	0.17328208684921265	-0.15819716453552246
1405	0.3314792513847351	0.17328208684921265	-0.15819716453552246
1406	0.3314792513847351	0.17328208684921265	-0.15819716453552246
1407	0.3314792513847351	0.17328208684921265	-0.15819716453552246
1408	0.3314792513847351	0.17328208684921265	-0.15819716453552246
1409	0.3314792513847351	0.17328208684921265	-0.15819716453552246
1410	0.3314792513847351	0.17328208684921265	-0.15819716453552246
1411	0.3314792513847351	0.17328208684921265	-0.15819716453552246
1412	0.3314792513847351	0.17328208684921265	-0.15819716453552246
1413	0.3314792513847351	0.17328208684921265	-0.15819716453552246
1414	0.3314792513847351	0.17328208684921265	-0.15819716453552246
1415	0.3314792513847351	0.17328208684921265	-0.15819716453552246
1416	0.3314792513847351	0.17328208684921265	-0.15819716453552246
1417	0.3314792513847351	0.17328208684921265	-0.15819716453552246
1418	0.3314792513847351	0.17328208684921265	-0.15819716453552246
1419	0.3314792513847351	0.17328208684921265	-0.15819716453552246
1420	0.3314792513847351	0.17328208684921265	-0.15819716453552246
1421	0.3314792513847351	0.17328208684921265	-0.15819716453552246
1422	0.3314792513847351	0.17328208684921265	-0.15819716453552246
1423	0.3314792513847351	0.17328208684921265	-0.15819716453552246
1424	0.3314792513847351	0.17328208684921265	-0.15819716453552246
1425	0.3314792513847351	0.17328208684921265	-0.15819716453552246
1426	0.3314792513847351	0.17328208684921265	-0.15819716453552246
1427	0.3314792513847351	0.17328208684921265	-0.15819716453552246
1428	0.3314792513847351	0.17328208684921265	-0.15819716453552246
1429	0.3314792513847351	0.17328208684921265	-0.15819716453552246
1430	0.3314792513847351	0.17328208684921265	-0.15819716453552246
1431	0.3314792513847351	0.17328208684921265	-0.15819716453552246
1432	0.3314792513847351	0.17328208684921265	-0.15819716453552246
1433	0.3314792513847351	0.17328208684921265	-0.15819716453552246
1434	0.3314792513847351	0.17328208684921265	-0.15819716453552246
1435	0.3314792513847351	0.17328208684921265	-0.15819716453552246
1436	0.3314792513847351	0.17328208684921265	-0.15819716453552246
1437	0.3314792513847351	0.17328208684921265	-0.15819716453552246
1438	0.3314792513847351	0.17328208684921265	-0.15819716453552246
1439	0.3314792513847351	0.17328208684921265	-0.15819716453552246
1440	0.3314792513847351	0.17328208684921265	-0.15819716453552246
1441	0.3314792513847351	0.17328208684921265	-0.15819716453552246
1442	0.3314792513847351	0.17328208684921265	-0.15819716453552246
1443	0.3314792513847351	0.17328208684921265	-0.15819716453552246
1444	0.3314792513847351	0.17328208684921265	-0.15819716453552246
1445	0.3314792513847351	0.17328208684921265	-0.15819716453552246
1446	0.3314792513847351	0.17328208684921265	-0.15819716453552246
1447	0.3314792513847351	0.17328208684921265	-0.15819716453552246
1448	0.3314792513847351	0.17328208684921265	-0.15819716453552246
1449	0.3314792513847351	0.17328208684921265	-0.15819716453552246
1450	0.3314792513847351	0.17328208684921265	-0.15819716453552246
1451	0.3314792513847351	0.17328208684921265	-0.15819716453552246
1452	0.3314792513847351	0.17328208684921265	-0.15819716453552246
1453	0.3314792513847351	0.17328208684921265	-0.15819716453552246
1454	0.3314792513847351	0.17328208684921265	-0.15819716453552246
1455	0.3314792513847351	0.17328208684921265	-0.15819716453552246
1456	0.3314792513847351	0.17328208684921265	-0.15819716453552246
1457	0.3314792513847351	0.17328208684921265	-0.15819716453552246
1458	0.3314792513847351	0.17328208684921265	-0.15819716453552246
1459	0.3314792513847351	0.17328208684921265	-0.15819716453552246
1460	0.3314792513847351	0.17328208684921265	-0.15819716453552246
1461	0.3314792513847351	0.17328208684921265	-0.15819716453552246
1462	0.3314792513847351	0.17328208684921265	-0.15819716453552246
1463	0.3314792513847351	0.17328208684921265	-0.15819716453552246
1464	0.3314792513847351	0.17328208684921265	-0.15819716453552246
1465	0.3314792513847351	0.17328208684921265	-0.15819716453552246
1466	0.3314792513847351	0.17328208684921265	-0.15819716453552246
1467	0.3314792513847351	0.17328208684921265	-0.15819716453552246
1468	0.3314792513847351	0.17328208684921265	-0.15819716453552246
1469	0.3314792513847351	0.17328208684921265	-0.15819716453552246
1470	0.3314792513847351	0.17328208684921265	-0.15819716453552246
1471	0.3314792513847351	0.17328208684921265	-0.15819716453552246
1472	0.3314792513847351	0.17328208684921265	-0.15819716453552246
1473	0.3314792513847351	0.17328208684921265	-0.15819716453552246
1474	0.3314792513847351	0.17328208684921265	-0.15819716453552246
1475	0.3314792513847351	0.17328208684921265	-0.15819716453552246
1476	0.3314792513847351	0.17328208684921265	-0.15819716453552246
1477	0.3314792513847351	0.17328208684921265	-0.15819716453552246
1478	0.3314792513847351	0.17328208684921265	-0.15819716453552246
1479	0.3314792513847351	0.17328208684921265	-0.15819716453552246
1480	0.3314792513847351	0.17328208684921265	-0.15819716453552246
1481	0.3314792513847351	0.17328208684921265	-0.15819716453552246
1482	0.3314792513847351	0.17328208684921265	-0.15819716453552246
1483	0.3314792513847351	0.17328208684921265	-0.15819716453552246
1484	0.3314792513847351	0.17328208684921265	-0.15819716453552246
1485	0.3314792513847351	0.17328208684921265	-0.15819716453552246
1486	0.3314792513847351	0.17328208684921265	-0.15819716453552246
1487	0.3314792513847351	0.17328208684921265	-0.15819716453552246
1488	0.3314792513847351	0.17328208684921265	-0.15819716453552246
1489	0.3314792513847351	0.17328208684921265	-0.15819716453552246
1490	0.3314792513847351	0.17328208684921265	-0.15819716453552246
1491	0.3314792513847351	0.17328208684921265	-0.15819716453552246
1492	0.3314792513847351	0.17328208684921265	-0.15819716453552246
1493	0.3314792513847351	0.17328208684921265	-0.15819716453552246
1494	0.3314792513847351	0.17328208684921265	-0.15819716453552246
1495	0.3314792513847351	0.17328208684921265	-0.15819716453552246
1496	0.3314792513847351	0.17328208684921265	-0.15819716453552246
1497	0.3314792513847351	0.17328208684921265	-0.15819716453552246
1498	0.3314792513847351	0.17328208684921265	-0.15819716453552246
1499	0.3314792513847351	0.17328208684921265	-0.15819716453552246
1500	0.3314792513847351	0.17328208684921265	-0.15819716453552246
1501	0.3314792513847351	0.17328208684921265	-0.15819716453552246
1502	0.3314792513847351	0.17328208684921265	-0.15819716453552246
1503	0.3314792513847351	0.17328208684921265	-0.15819716453552246
1504	0.3314792513847351	0.17328208684921265	-0.15819716453552246
1505	0.3314792513847351	0.17328208684921265	-0.15819716453552246
1506	0.3314792513847351	0.17328208684921265	-0.15819716453552246
1507	0.3314792513847351	0.17328208684921265	-0.15819716453552246
1508	0.3314792513847351	0.17328208684921265	-0.15819716453552246
1509	0.3314792513847351	0.17328208684921265	-0.15819716453552246
1510	0.3314792513847351	0.17328208684921265	-0.15819716453552246
1511	0.3314792513847351	0.17328208684921265	-0.15819716453552246
1512	0.3314792513847351	0.17328208684921265	-0.15819716453552246
1513	0.3314792513847351	0.17328208684921265	-0.15819716453552246
1514	0.3314792513847351	0.17328208684921265	-0.15819716453552246
1515	0.3314792513847351	0.17328208684921265	-0.15819716453552246
1516	0.3314792513847351	0.17328208684921265	-0.15819716453552246
1517	0.3314792513847351	0.17328208684921265	-0.15819716453552246
1518	0.3314792513847351	0.17328208684921265	-0.15819716453552246
1519	0.3314792513847351	0.17328208684921265	-0.15819716453552246
1520	0.3314792513847351	0.17328208684921265	-0.15819716453552246
1521	0.3314792513847351	0.17328208684921265	-0.15819716453552246
1522	0.3314792513847351	0.17328208684921265	-0.15819716453552246
1523	0.3314792513847351	0.17328208684921265	-0.15819716453552246
1524	0.3314792513847351	0.17328208684921265	-0.15819716453552246
1525	0.3314792513847351	0.17328208684921265	-0.15819716453552246
1526	0.3314792513847351	0.17328208684921265	-0.15819716453552246
1527	0.3314792513847351	0.17328208684921265	-0.15819716453552246
1528	0.3314792513847351	0.17328208684921265	-0.15819716453552246
1529	0.3314792513847351	0.17328208684921265	-0.15819716453552246
1530	0.3314792513847351	0.17328208684921265	-0.15819716453552246
1531	0.3314792513847351	0.17328208684921265	-0.15819716453552246
1532	0.3314792513847351	0.17328208684921265	-0.15819716453552246
1533	0.3314792513847351	0.17328208684921265	-0.15819716453552246
1534	0.3314792513847351	0.17328208684921265	-0.15819716453552246
1535	0.3314792513847351	0.17328208684921265	-0.15819716453552246
1536	0.3314792513847351	0.17328208684921265	-0.15819716453552246
1537	0.3314792513847351	0.17328208684921265	-0.15819716453552246
1538	0.3314792513847351	0.17328208684921265	-0.15819716453552246
1539	0.3314792513847351	0.17328208684921265	-0.15819716453552246
1540	0.3314792513847351	0.17328208684921265	-0.15819716453552246
1541	0.3314792513847351	0.17328208684921265	-0.15819716453552246
1542	0.3314792513847351	0.17328208684921265	-0.15819716453552246
1543	0.3314792513847351	0.17328208684921265	-0.15819716453552246
1544	0.3314792513847351	0.17328208684921265	-0.15819716453552246
1545	0.3314792513847351	0.17328208684921265	-0.15819716453552246
1546	0.3314792513847351	0.17328208684921265	-0.15819716453552246
1547	0.3314792513847351	0.17328208684921265	-0.15819716453552246
1548	0.3314792513847351	0.17328208684921265	-0.15819716453552246
1549	0.3314792513847351	0.17328208684921265	-0.15819716453552246
1550	0.3314792513847351	0.17328208684921265	-0.15819716453552246
1551	0.3314792513847351	0.17328208684921265	-0.15819716453552246
1552	0.3314792513847351	0.17328208684921265	-0.15819716453552246
1553	0.3314792513847351	0.17328208684921265	-0.15819716453552246
1554	0.3314792513847351	0.17328208684921265	-0.15819716453552246
1555	0.3314792513847351	0.17328208684921265	-0.15819716453552246
1556	0.3314792513847351	0.17328208684921265	-0.15819716453552246
1557	0.3314792513847351	0.17328208684921265	-0.15819716453552246
1558	0.3314792513847351	0.17328208684921265	-0.15819716453552246
1559	0.3314792513847351	0.17328208684921265	-0.15819716453552246
1560	0.3314792513847351	0.17328208684921265	-0.15819716453552246
1561	0.3314792513847351	0.17328208684921265	-0.15819716453552246
1562	0.3314792513847351	0.17328208684921265	-0.15819716453552246
1563	0.3314792513847351	0.17328208684921265	-0.15819716453552246
1564	0.3314792513847351	0.17328208684921265	-0.15819716453552246
1565	0.3314792513847351	0.17328208684921265	-0.15819716453552246
1566	0.3314792513847351	0.17328208684921265	-0.15819716453552246
1567	0.3314792513847351	0.17328208684921265	-0.15819716453552246
1568	0.3314792513847351	0.17328208684921265	-0.15819716453552246
1569	0.3314792513847351	0.17328208684921265	-0.15819716453552246
1570	0.3314792513847351	0.17328208684921265	-0.15819716453552246
1571	0.3314792513847351	0.17328208684921265	-0.15819716453552246
1572	0.3314792513847351	0.17328208684921265	-0.15819716453552246
1573	0.3314792513847351	0.17328208684921265	-0.15819716453552246
1574	0.3314792513847351	0.17328208684921265	-0.15819716453552246
1575	0.3314792513847351	0.17328208684921265	-0.15819716453552246
1576	0.3314792513847351	0.17328208684921265	-0.15819716453552246
1577	0.3314792513847351	0.17328208684921265	-0.15819716453552246
1578	0.3314792513847351	0.17328208684921265	-0.15819716453552246
1579	0.3314792513847351	0.17328208684921265	-0.15819716453552246
1580	0.3314792513847351	0.17328208684921265	-0.15819716453552246
1581	0.3314792513847351	0.17328208684921265	-0.15819716453552246
1582	0.3314792513847351	0.17328208684921265	-0.15819716453552246
1583	0.3314792513847351	0.17328208684921265	-0.15819716453552246
1584	0.3314792513847351	0.17328208684921265	-0.15819716453552246
1585	0.3314792513847351	0.17328208684921265	-0.15819716453552246
1586	0.3314792513847351	0.17328208684921265	-0.15819716453552246
1587	0.3314792513847351	0.17328208684921265	-0.15819716453552246
1588	0.3314792513847351	0.17328208684921265	-0.15819716453552246
1589	0.3314792513847351	0.17328208684921265	-0.15819716453552246
1590	0.3314792513847351	0.17328208684921265	-0.15819716453552246
1591	0.3314792513847351	0.17328208684921265	-0.15819716453552246
1592	0.3314792513847351	0.17328208684921265	-0.15819716453552246
1593	0.3314792513847351	0.17328208684921265	-0.15819716453552246
1594	0.3314792513847351	0.17328208684921265	-0.15819716453552246
1595	0.3314792513847351	0.17328208684921265	-0.15819716453552246
1596	0.3314792513847351	0.17328208684921265	-0.15819716453552246
1597	0.3314792513847351	0.17328208684921265	-0.15819716453552246
1598	0.3314792513847351	0.17328208684921265	-0.15819716453552246
1599	0.3314792513847351	0.17328208684921265	-0.15819716453552246
1600	0.3314792513847351	0.17328208684921265	-0.15819716453552246
1601	0.3314792513847351	0.17328208684921265	-0.15819716453552246
1602	0.3314792513847351	0.17328208684921265	-0.15819716453552246
1603	0.3314792513847351	0.17328208684921265	-0.15819716453552246
1604	0.3314792513847351	0.17328208684921265	-0.15819716453552246
1605	0.3314792513847351	0.17328208684921265	-0.15819716453552246
1606	0.3314792513847351	0.17328208684921265	-0.15819716453552246
1607	0.3314792513847351	0.17328208684921265	-0.15819716453552246
1608	0.3314792513847351	0.17328208684921265	-0.15819716453552246
1609	0.3314792513847351	0.17328208684921265	-0.15819716453552246
1610	0.3314792513847351	0.17328208684921265	-0.15819716453552246
1611	0.3314792513847351	0.17328208684921265	-0.15819716453552246
1612	0.3314792513847351	0.17328208684921265	-0.15819716453552246
1613	0.3314792513847351	0.17328208684921265	-0.15819716453552246
1614	0.3314792513847351	0.17328208684921265	-0.15819716453552246
1615	0.3314792513847351	0.17328208684921265	-0.15819716453552246
1616	0.3314792513847351	0.17328208684921265	-0.15819716453552246
1617	0.3314792513847351	0.17328208684921265	-0.15819716453552246
1618	0.3314792513847351	0.17328208684921265	-0.15819716453552246
1619	0.3314792513847351	0.17328208684921265	-0.15819716453552246
1620	0.3314792513847351	0.17328208684921265	-0.15819716453552246
1621	0.3314792513847351	0.17328208684921265	-0.15819716453552246
1622	0.3314792513847351	0.17328208684921265	-0.15819716453552246
1623	0.3314792513847351	0.17328208684921265	-0.15819716453552246
1624	0.3314792513847351	0.17328208684921265	-0.15819716453552246
1625	0.3314792513847351	0.17328208684921265	-0.15819716453552246
1626	0.3314792513847351	0.17328208684921265	-0.15819716453552246
1627	0.3314792513847351	0.17328208684921265	-0.15819716453552246
1628	0.3314792513847351	0.17328208684921265	-0.15819716453552246
1629	0.3314792513847351	0.17328208684921265	-0.15819716453552246
1630	0.3314792513847351	0.17328208684921265	-0.15819716453552246
1631	0.3314792513847351	0.17328208684921265	-0.15819716453552246
1632	0.3314792513847351	0.17328208684921265	-0.15819716453552246
1633	0.3314792513847351	0.17328208684921265	-0.15819716453552246
1634	0.3314792513847351	0.17328208684921265	-0.15819716453552246
1635	0.3314792513847351	0.17328208684921265	-0.15819716453552246
1636	0.3314792513847351	0.17328208684921265	-0.15819716453552246
1637	0.3314792513847351	0.17328208684921265	-0.15819716453552246
1638	0.3314792513847351	0.17328208684921265	-0.15819716453552246
1639	0.3314792513847351	0.17328208684921265	-0.15819716453552246
1640	0.3314792513847351	0.17328208684921265	-0.15819716453552246
1641	0.3314792513847351	0.17328208684921265	-0.15819716453552246
1642	0.3314792513847351	0.17328208684921265	-0.15819716453552246
1643	0.3314792513847351	0.17328208684921265	-0.15819716453552246
1644	0.3314792513847351	0.17328208684921265	-0.15819716453552246
1645	0.3314792513847351	0.17328208684921265	-0.15819716453552246
1646	0.3314792513847351	0.17328208684921265	-0.15819716453552246
1647	0.3314792513847351	0.17328208684921265	-0.15819716453552246
1648	0.3314792513847351	0.17328208684921265	-0.15819716453552246
1649	0.3314792513847351	0.17328208684921265	-0.15819716453552246
1650	0.3314792513847351	0.17328208684921265	-0.15819716453552246
1651	0.3314792513847351	0.17328208684921265	-0.15819716453552246
1652	0.3314792513847351	0.17328208684921265	-0.15819716453552246
1653	0.3314792513847351	0.17328208684921265	-0.15819716453552246
1654	0.3314792513847351	0.17328208684921265	-0.15819716453552246
1655	0.3314792513847351	0.17328208684921265	-0.15819716453552246
1656	0.3314792513847351	0.17328208684921265	-0.15819716453552246
1657	0.3314792513847351	0.17328208684921265	-0.15819716453552246
1658	0.3314792513847351	0.17328208684921265	-0.15819716453552246
1659	0.3314792513847351	0.17328208684921265	-0.15819716453552246
1660	0.3314792513847351	0.17328208684921265	-0.15819716453552246
1661	0.3314792513847351	0.17328208684921265	-0.15819716453552246
1662	0.3314792513847351	0.17328208684921265	-0.15819716453552246
1663	0.3314792513847351	0.17328208684921265	-0.15819716453552246
1664	0.3314792513847351	0.17328208684921265	-0.15819716453552246
1665	0.3314792513847351	0.17328208684921265	-0.15819716453552246
1666	0.3314792513847351	0.17328208684921265	-0.15819716453552246
1667	0.3314792513847351	0.17328208684921265	-0.15819716453552246
1668	0.3314792513847351	0.17328208684921265	-0.15819716453552246
1669	0.3314792513847351	0.17328208684921265	-0.15819716453552246
1670	0.3314792513847351	0.17328208684921265	-0.15819716453552246
1671	0.3314792513847351	0.17328208684921265	-0.15819716453552246
1672	0.3314792513847351	0.17328208684921265	-0.15819716453552246
1673	0.3314792513847351	0.17328208684921265	-0.15819716453552246
1674	0.3314792513847351	0.17328208684921265	-0.15819716453552246
1675	0.3314792513847351	0.17328208684921265	-0.15819716453552246
1676	0.3314792513847351	0.17328208684921265	-0.15819716453552246
1677	0.3314792513847351	0.17328208684921265	-0.15819716453552246
1678	0.3314792513847351	0.17328208684921265	-0.15819716453552246
1679	0.3314792513847351	0.17328208684921265	-0.15819716453552246
1680	0.3314792513847351	0.17328208684921265	-0.15819716453552246
1681	0.3314792513847351	0.17328208684921265	-0.15819716453552246
1682	0.3314792513847351	0.17328208684921265	-0.15819716453552246
1683	0.3314792513847351	0.17328208684921265	-0.15819716453552246
1684	0.3314792513847351	0.17328208684921265	-0.15819716453552246
1685	0.3314792513847351	0.17328208684921265	-0.15819716453552246
1686	0.3314792513847351	0.17328208684921265	-0.15819716453552246
1687	0.3314792513847351	0.17328208684921265	-0.15819716453552246
1688	0.3314792513847351	0.17328208684921265	-0.15819716453552246
1689	0.3314792513847351	0.17328208684921265	-0.15819716453552246
1690	0.3314792513847351	0.17328208684921265	-0.15819716453552246
1691	0.3314792513847351	0.17328208684921265	-0.15819716453552246
1692	0.3314792513847351	0.17328208684921265	-0.15819716453552246
1693	0.3314792513847351	0.17328208684921265	-0.15819716453552246
1694	0.3314792513847351	0.17328208684921265	-0.15819716453552246
1695	0.3314792513847351	0.17328208684921265	-0.15819716453552246
1696	0.3314792513847351	0.17328208684921265	-0.15819716453552246
1697	0.3314792513847351	0.17328208684921265	-0.15819716453552246
1698	0.3314792513847351	0.17328208684921265	-0.15819716453552246
1699	0.3314792513847351	0.17328208684921265	-0.15819716453552246
1700	0.3314792513847351	0.17328208684921265	-0.15819716453552246
1701	0.3314792513847351	0.17328208684921265	-0.15819716453552246
1702	0.3314792513847351	0.17328208684921265	-0.15819716453552246
1703	0.3314792513847351	0.17328208684921265	-0.15819716453552246
1704	0.3314792513847351	0.17328208684921265	-0.15819716453552246
1705	0.3314792513847351	0.17328208684921265	-0.15819716453552246
1706	0.3314792513847351	0.17328208684921265	-0.15819716453552246
1707	0.3314792513847351	0.17328208684921265	-0.15819716453552246
1708	0.3314792513847351	0.17328208684921265	-0.15819716453552246
1709	0.3314792513847351	0.17328208684921265	-0.15819716453552246
1710	0.3314792513847351	0.17328208684921265	-0.15819716453552246
1711	0.3314792513847351	0.17328208684921265	-0.15819716453552246
1712	0.3314792513847351	0.17328208684921265	-0.15819716453552246
1713	0.3314792513847351	0.17328208684921265	-0.15819716453552246
1714	0.3314792513847351	0.17328208684921265	-0.15819716453552246
1715	0.3314792513847351	0.17328208684921265	-0.15819716453552246
1716	0.3314792513847351	0.17328208684921265	-0.15819716453552246
1717	0.3314792513847351	0.17328208684921265	-0.15819716453552246
1718	0.3314792513847351	0.17328208684921265	-0.15819716453552246
1719	0.3314792513847351	0.17328208684921265	-0.15819716453552246
1720	0.3314792513847351	0.17328208684921265	-0.15819716453552246
1721	0.3314792513847351	0.17328208684921265	-0.15819716453552246
1722	0.3314792513847351	0.17328208684921265	-0.15819716453552246
1723	0.3314792513847351	0.17328208684921265	-0.15819716453552246
1724	0.3314792513847351	0.17328208684921265	-0.15819716453552246
1725	0.3314792513847351	0.17328208684921265	-0.15819716453552246
1726	0.3314792513847351	0.17328208684921265	-0.15819716453552246
1727	0.3314792513847351	0.17328208684921265	-0.15819716453552246
1728	0.3314792513847351	0.17328208684921265	-0.15819716453552246
1729	0.3314792513847351	0.17328208684921265	-0.15819716453552246
1730	0.3314792513847351	0.17328208684921265	-0.15819716453552246
1731	0.3314792513847351	0.17328208684921265	-0.15819716453552246
1732	0.3314792513847351	0.17328208684921265	-0.15819716453552246
1733	0.3314792513847351	0.17328208684921265	-0.15819716453552246
1734	0.3314792513847351	0.17328208684921265	-0.15819716453552246
1735	0.3314792513847351	0.17328208684921265	-0.15819716453552246
1736	0.3314792513847351	0.17328208684921265	-0.15819716453552246
1737	0.3314792513847351	0.17328208684921265	-0.15819716453552246
1738	0.3314792513847351	0.17328208684921265	-0.15819716453552246
1739	0.3314792513847351	0.17328208684921265	-0.15819716453552246
1740	0.3314792513847351	0.17328208684921265	-0.15819716453552246
1741	0.3314792513847351	0.17328208684921265	-0.15819716453552246
1742	0.3314792513847351	0.17328208684921265	-0.15819716453552246
1743	0.3314792513847351	0.17328208684921265	-0.15819716453552246
1744	0.3314792513847351	0.17328208684921265	-0.15819716453552246
1745	0.3314792513847351	0.17328208684921265	-0.15819716453552246
1746	0.3314792513847351	0.17328208684921265	-0.15819716453552246
1747	0.3314792513847351	0.17328208684921265	-0.15819716453552246
1748	0.3314792513847351	0.17328208684921265	-0.15819716453552246
1749	0.3314792513847351	0.17328208684921265	-0.15819716453552246
1750	0.3314792513847351	0.17328208684921265	-0.15819716453552246
1751	0.3314792513847351	0.17328208684921265	-0.15819716453552246
1752	0.3314792513847351	0.17328208684921265	-0.15819716453552246
1753	0.3314792513847351	0.17328208684921265	-0.15819716453552246
1754	0.3314792513847351	0.17328208684921265	-0.15819716453552246
1755	0.3314792513847351	0.17328208684921265	-0.15819716453552246
1756	0.3314792513847351	0.17328208684921265	-0.15819716453552246
1757	0.3314792513847351	0.17328208684921265	-0.15819716453552246
1758	0.3314792513847351	0.17328208684921265	-0.15819716453552246
1759	0.3314792513847351	0.17328208684921265	-0.15819716453552246
1760	0.3314792513847351	0.17328208684921265	-0.15819716453552246
1761	0.3314792513847351	0.17328208684921265	-0.15819716453552246
1762	0.3314792513847351	0.17328208684921265	-0.15819716453552246
1763	0.3314792513847351	0.17328208684921265	-0.15819716453552246
1764	0.3314792513847351	0.17328208684921265	-0.15819716453552246
1765	0.3314792513847351	0.17328208684921265	-0.15819716453552246
1766	0.3314792513847351	0.17328208684921265	-0.15819716453552246
1767	0.3314792513847351	0.17328208684921265	-0.15819716453552246
1768	0.3314792513847351	0.17328208684921265	-0.15819716453552246
1769	0.3314792513847351	0.17328208684921265	-0.15819716453552246
1770	0.3314792513847351	0.17328208684921265	-0.15819716453552246
1771	0.3314792513847351	0.17328208684921265	-0.15819716453552246
1772	0.3314792513847351	0.17328208684921265	-0.15819716453552246
1773	0.3314792513847351	0.17328208684921265	-0.15819716453552246
1774	0.3314792513847351	0.17328208684921265	-0.15819716453552246
1775	0.3314792513847351	0.17328208684921265	-0.15819716453552246
1776	0.3314792513847351	0.17328208684921265	-0.15819716453552246
1777	0.3314792513847351	0.17328208684921265	-0.15819716453552246
1778	0.3314792513847351	0.17328208684921265	-0.15819716453552246
1779	0.3314792513847351	0.17328208684921265	-0.15819716453552246
1780	0.3314792513847351	0.17328208684921265	-0.15819716453552246
1781	0.3314792513847351	0.17328208684921265	-0.15819716453552246
1782	0.3314792513847351	0.17328208684921265	-0.15819716453552246
1783	0.3314792513847351	0.17328208684921265	-0.15819716453552246
1784	0.3314792513847351	0.17328208684921265	-0.15819716453552246
1785	0.3314792513847351	0.17328208684921265	-0.15819716453552246
1786	0.3314792513847351	0.17328208684921265	-0.15819716453552246
1787	0.3314792513847351	0.17328208684921265	-0.15819716453552246
1788	0.3314792513847351	0.17328208684921265	-0.15819716453552246
1789	0.3314792513847351	0.17328208684921265	-0.15819716453552246
1790	0.3314792513847351	0.17328208684921265	-0.15819716453552246
1791	0.3314792513847351	0.17328208684921265	-0.15819716453552246
1792	0.3314792513847351	0.17328208684921265	-0.15819716453552246
1793	0.3314792513847351	0.17328208684921265	-0.15819716453552246
1794	0.3314792513847351	0.17328208684921265	-0.15819716453552246
1795	0.3314792513847351	0.17328208684921265	-0.15819716453552246
1796	0.3314792513847351	0.17328208684921265	-0.15819716453552246
1797	0.3314792513847351	0.17328208684921265	-0.15819716453552246
1798	0.3314792513847351	0.17328208684921265	-0.15819716453552246
1799	0.3314792513847351	0.17328208684921265	-0.15819716453552246
1800	0.3314792513847351	0.17328208684921265	-0.15819716453552246
1801	0.3314792513847351	0.17328208684921265	-0.15819716453552246
1802	0.3314792513847351	0.17328208684921265	-0.15819716453552246
1803	0.3314792513847351	0.17328208684921265	-0.15819716453552246
1804	0.3314792513847351	0.17328208684921265	-0.15819716453552246
1805	0.3314792513847351	0.17328208684921265	-0.15819716453552246
1806	0.3314792513847351	0.17328208684921265	-0.15819716453552246
1807	0.3314792513847351	0.17328208684921265	-0.15819716453552246
1808	0.3314792513847351	0.17328208684921265	-0.15819716453552246
1809	0.3314792513847351	0.17328208684921265	-0.15819716453552246
1810	0.3314792513847351	0.17328208684921265	-0.15819716453552246
1811	0.3314792513847351	0.17328208684921265	-0.15819716453552246
1812	0.3314792513847351	0.17328208684921265	-0.15819716453552246
1813	0.3314792513847351	0.17328208684921265	-0.15819716453552246
1814	0.3314792513847351	0.17328208684921265	-0.15819716453552246
1815	0.3314792513847351	0.17328208684921265	-0.15819716453552246
1816	0.3314792513847351	0.17328208684921265	-0.15819716453552246
1817	0.3314792513847351	0.17328208684921265	-0.15819716453552246
1818	0.3314792513847351	0.17328208684921265	-0.15819716453552246
1819	0.3314792513847351	0.17328208684921265	-0.15819716453552246
1820	0.3314792513847351	0.17328208684921265	-0.15819716453552246
1821	0.3314792513847351	0.17328208684921265	-0.15819716453552246
1822	0.3314792513847351	0.17328208684921265	-0.15819716453552246
1823	0.3314792513847351	0.17328208684921265	-0.15819716453552246
1824	0.3314792513847351	0.17328208684921265	-0.15819716453552246
1825	0.3314792513847351	0.17328208684921265	-0.15819716453552246
1826	0.3314792513847351	0.17328208684921265	-0.15819716453552246
1827	0.3314792513847351	0.17328208684921265	-0.15819716453552246
1828	0.3314792513847351	0.17328208684921265	-0.15819716453552246
1829	0.3314792513847351	0.17328208684921265	-0.15819716453552246
1830	0.3314792513847351	0.17328208684921265	-0.15819716453552246
1831	0.3314792513847351	0.17328208684921265	-0.15819716453552246
1832	0.3314792513847351	0.17328208684921265	-0.15819716453552246
1833	0.3314792513847351	0.17328208684921265	-0.15819716453552246
1834	0.3314792513847351	0.17328208684921265	-0.15819716453552246
1835	0.3314792513847351	0.17328208684921265	-0.15819716453552246
1836	0.3314792513847351	0.17328208684921265	-0.15819716453552246
1837	0.3314792513847351	0.17328208684921265	-0.15819716453552246
1838	0.3314792513847351	0.17328208684921265	-0.15819716453552246
1839	0.3314792513847351	0.17328208684921265	-0.15819716453552246
1840	0.3314792513847351	0.17328208684921265	-0.15819716453552246
1841	0.3314792513847351	0.17328208684921265	-0.15819716453552246
1842	0.3314792513847351	0.17328208684921265	-0.15819716453552246
1843	0.3314792513847351	0.17328208684921265	-0.15819716453552246
1844	0.3314792513847351	0.17328208684921265	-0.15819716453552246
1845	0.3314792513847351	0.17328208684921265	-0.15819716453552246
1846	0.3314792513847351	0.17328208684921265	-0.15819716453552246
1847	0.3314792513847351	0.17328208684921265	-0.15819716453552246
1848	0.3314792513847351	0.17328208684921265	-0.15819716453552246
1849	0.3314792513847351	0.17328208684921265	-0.15819716453552246
1850	0.3314792513847351	0.17328208684921265	-0.15819716453552246
1851	0.3314792513847351	0.17328208684921265	-0.15819716453552246
1852	0.3314792513847351	0.17328208684921265	-0.15819716453552246
1853	0.3314792513847351	0.17328208684921265	-0.15819716453552246
1854	0.3314792513847351	0.17328208684921265	-0.15819716453552246
1855	0.3314792513847351	0.17328208684921265	-0.15819716453552246
1856	0.3314792513847351	0.17328208684921265	-0.15819716453552246
1857	0.3314792513847351	0.17328208684921265	-0.15819716453552246
1858	0.3314792513847351	0.17328208684921265	-0.15819716453552246
1859	0.3314792513847351	0.17328208684921265	-0.15819716453552246
1860	0.3314792513847351	0.17328208684921265	-0.15819716453552246
1861	0.3314792513847351	0.17328208684921265	-0.15819716453552246
1862	0.3314792513847351	0.17328208684921265	-0.15819716453552246
1863	0.3314792513847351	0.17328208684921265	-0.15819716453552246
1864	0.3314792513847351	0.17328208684921265	-0.15819716453552246
1865	0.3314792513847351	0.17328208684921265	-0.15819716453552246
1866	0.3314792513847351	0.17328208684921265	-0.15819716453552246
1867	0.3314792513847351	0.17328208684921265	-0.15819716453552246
1868	0.3314792513847351	0.17328208684921265	-0.15819716453552246
1869	0.3314792513847351	0.17328208684921265	-0.15819716453552246
1870	0.3314792513847351	0.17328208684921265	-0.15819716453552246
1871	0.3314792513847351	0.17328208684921265	-0.15819716453552246
1872	0.3314792513847351	0.17328208684921265	-0.15819716453552246
1873	0.3314792513847351	0.17328208684921265	-0.15819716453552246
1874	0.3314792513847351	0.17328208684921265	-0.15819716453552246
1875	0.3314792513847351	0.17328208684921265	-0.15819716453552246
1876	0.3314792513847351	0.17328208684921265	-0.15819716453552246
1877	0.3314792513847351	0.17328208684921265	-0.15819716453552246
1878	0.3314792513847351	0.17328208684921265	-0.15819716453552246
1879	0.3314792513847351	0.17328208684921265	-0.15819716453552246
1880	0.3314792513847351	0.17328208684921265	-0.15819716453552246
1881	0.3314792513847351	0.17328208684921265	-0.15819716453552246
1882	0.3314792513847351	0.17328208684921265	-0.15819716453552246
1883	0.3314792513847351	0.17328208684921265	-0.15819716453552246
1884	0.3314792513847351	0.17328208684921265	-0.15819716453552246
1885	0.3314792513847351	0.17328208684921265	-0.15819716453552246
1886	0.3314792513847351	0.17328208684921265	-0.15819716453552246
1887	0.3314792513847351	0.17328208684921265	-0.15819716453552246
1888	0.3314792513847351	0.17328208684921265	-0.15819716453552246
1889	0.3314792513847351	0.17328208684921265	-0.15819716453552246
1890	0.3314792513847351	0.17328208684921265	-0.15819716453552246
1891	0.3314792513847351	0.17328208684921265	-0.15819716453552246
1892	0.3314792513847351	0.17328208684921265	-0.15819716453552246
1893	0.3314792513847351	0.17328208684921265	-0.15819716453552246
1894	0.3314792513847351	0.17328208684921265	-0.15819716453552246
1895	0.3314792513847351	0.17328208684921265	-0.15819716453552246
1896	0.3314792513847351	0.17328208684921265	-0.15819716453552246
1897	0.3314792513847351	0.17328208684921265	-0.15819716453552246
1898	0.3314792513847351	0.17328208684921265	-0.15819716453552246
1899	0.3314792513847351	0.17328208684921265	-0.15819716453552246
1900	0.3314792513847351	0.17328208684921265	-0.15819716453552246
1901	0.3314792513847351	0.17328208684921265	-0.15819716453552246
1902	0.3314792513847351	0.17328208684921265	-0.15819716453552246
1903	0.3314792513847351	0.17328208684921265	-0.15819716453552246
1904	0.3314792513847351	0.17328208684921265	-0.15819716453552246
1905	0.3314792513847351	0.17328208684921265	-0.15819716453552246
1906	0.3314792513847351	0.17328208684921265	-0.15819716453552246
1907	0.3314792513847351	0.17328208684921265	-0.15819716453552246
1908	0.3314792513847351	0.17328208684921265	-0.15819716453552246
1909	0.3314792513847351	0.17328208684921265	-0.15819716453552246
1910	0.3314792513847351	0.17328208684921265	-0.15819716453552246
1911	0.3314792513847351	0.17328208684921265	-0.15819716453552246
1912	0.3314792513847351	0.17328208684921265	-0.15819716453552246
1913	0.3314792513847351	0.17328208684921265	-0.15819716453552246
1914	0.3314792513847351	0.17328208684921265	-0.15819716453552246
1915	0.3314792513847351	0.17328208684921265	-0.15819716453552246
1916	0.3314792513847351	0.17328208684921265	-0.15819716453552246
1917	0.3314792513847351	0.17328208684921265	-0.15819716453552246
1918	0.3314792513847351	0.17328208684921265	-0.15819716453552246
1919	0.3314792513847351	0.17328208684921265	-0.15819716453552246
1920	0.3314792513847351	0.17328208684921265	-0.15819716453552246
1921	0.3314792513847351	0.17328208684921265	-0.15819716453552246
1922	0.3314792513847351	0.17328208684921265	-0.15819716453552246
1923	0.3314792513847351	0.17328208684921265	-0.15819716453552246
1924	0.3314792513847351	0.17328208684921265	-0.15819716453552246
1925	0.3314792513847351	0.17328208684921265	-0.15819716453552246
1926	0.3314792513847351	0.17328208684921265	-0.15819716453552246
1927	0.3314792513847351	0.17328208684921265	-0.15819716453552246
1928	0.3314792513847351	0.17328208684921265	-0.15819716453552246
1929	0.3314792513847351	0.17328208684921265	-0.15819716453552246
1930	0.3314792513847351	0.17328208684921265	-0.15819716453552246
1931	0.3314792513847351	0.17328208684921265	-0.15819716453552246
1932	0.3314792513847351	0.17328208684921265	-0.15819716453552246
1933	0.3314792513847351	0.17328208684921265	-0.15819716453552246
1934	0.3314792513847351	0.17328208684921265	-0.15819716453552246
1935	0.3314792513847351	0.17328208684921265	-0.15819716453552246
1936	0.3314792513847351	0.17328208684921265	-0.15819716453552246
1937	0.3314792513847351	0.17328208684921265	-0.15819716453552246
1938	0.3314792513847351	0.17328208684921265	-0.15819716453552246
1939	0.3314792513847351	0.17328208684921265	-0.15819716453552246
1940	0.3314792513847351	0.17328208684921265	-0.15819716453552246
1941	0.3314792513847351	0.17328208684921265	-0.15819716453552246
1942	0.3314792513847351	0.17328208684921265	-0.15819716453552246
1943	0.3314792513847351	0.17328208684921265	-0.15819716453552246
1944	0.3314792513847351	0.17328208684921265	-0.15819716453552246
1945	0.3314792513847351	0.17328208684921265	-0.15819716453552246
1946	0.3314792513847351	0.17328208684921265	-0.15819716453552246
1947	0.3314792513847351	0.17328208684921265	-0.15819716453552246
1948	0.3314792513847351	0.17328208684921265	-0.15819716453552246
1949	0.3314792513847351	0.17328208684921265	-0.15819716453552246
1950	0.3314792513847351	0.17328208684921265	-0.15819716453552246
1951	0.3314792513847351	0.17328208684921265	-0.15819716453552246
1952	0.3314792513847351	0.17328208684921265	-0.15819716453552246
1953	0.3314792513847351	0.17328208684921265	-0.15819716453552246
1954	0.3314792513847351	0.17328208684921265	-0.15819716453552246
1955	0.3314792513847351	0.17328208684921265	-0.15819716453552246
1956	0.3314792513847351	0.17328208684921265	-0.15819716453552246
1957	0.3314792513847351	0.17328208684921265	-0.15819716453552246
1958	0.3314792513847351	0.17328208684921265	-0.15819716453552246
1959	0.3314792513847351	0.17328208684921265	-0.15819716453552246
1960	0.3314792513847351	0.17328208684921265	-0.15819716453552246
1961	0.3314792513847351	0.17328208684921265	-0.15819716453552246
1962	0.3314792513847351	0.17328208684921265	-0.15819716453552246
1963	0.3314792513847351	0.17328208684921265	-0.15819716453552246
1964	0.3314792513847351	0.17328208684921265	-0.15819716453552246
1965	0.3314792513847351	0.17328208684921265	-0.15819716453552246
1966	0.3314792513847351	0.17328208684921265	-0.15819716453552246
1967	0.3314792513847351	0.17328208684921265	-0.15819716453552246
1968	0.3314792513847351	0.17328208684921265	-0.15819716453552246
1969	0.3314792513847351	0.17328208684921265	-0.15819716453552246
1970	0.3314792513847351	0.17328208684921265	-0.15819716453552246
1971	0.3314792513847351	0.17328208684921265	-0.15819716453552246
1972	0.3314792513847351	0.17328208684921265	-0.15819716453552246
1973	0.3314792513847351	0.17328208684921265	-0.15819716453552246
1974	0.3314792513847351	0.17328208684921265	-0.15819716453552246
1975	0.3314792513847351	0.17328208684921265	-0.15819716453552246
1976	0.3314792513847351	0.17328208684921265	-0.15819716453552246
1977	0.3314792513847351	0.17328208684921265	-0.15819716453552246
1978	0.3314792513847351	0.17328208684921265	-0.15819716453552246
1979	0.3314792513847351	0.17328208684921265	-0.15819716453552246
1980	0.3314792513847351	0.17328208684921265	-0.15819716453552246
1981	0.3314792513847351	0.17328208684921265	-0.15819716453552246
1982	0.3314792513847351	0.17328208684921265	-0.15819716453552246
1983	0.3314792513847351	0.17328208684921265	-0.15819716453552246
1984	0.3314792513847351	0.17328208684921265	-0.15819716453552246
1985	0.3314792513847351	0.17328208684921265	-0.15819716453552246
1986	0.3314792513847351	0.17328208684921265	-0.15819716453552246
1987	0.3314792513847351	0.17328208684921265	-0.15819716453552246
1988	0.3314792513847351	0.17328208684921265	-0.15819716453552246
1989	0.3314792513847351	0.17328208684921265	-0.15819716453552246
1990	0.3314792513847351	0.17328208684921265	-0.15819716453552246
1991	0.3314792513847351	0.17328208684921265	-0.15819716453552246
1992	0.3314792513847351	0.17328208684921265	-0.15819716453552246
1993	0.3314792513847351	0.17328208684921265	-0.15819716453552246
1994	0.3314792513847351	0.17328208684921265	-0.15819716453552246
1995	0.3314792513847351	0.17328208684921265	-0.15819716453552246
1996	0.3314792513847351	0.17328208684921265	-0.15819716453552246
1997	0.3314792513847351	0.17328208684921265	-0.15819716453552246
1998	0.3314792513847351	0.17328208684921265	-0.15819716453552246
1999	0.3314792513847351	0.17328208684921265	-0.15819716453552246
2000	0.3314792513847351	0.17328208684921265	-0.15819716453552246

Best Loss: 0.3314792513847351

Training Time (seconds): 444.09890673500195
